﻿"Incluye transacciones del Marketplace de Amazon, Logística de Amazon y Amazon Webstore"
"Todos los importes en EUR, a menos que se especifique lo contrario"
"Definiciones:"
"Recaudación de impuestos sobre ventas: incluye los impuestos sobre ventas recaudados al comprador respecto al producto, el envío y el envoltorio para regalo."
"Tarifas por venta: incluyen tarifas variables por cierre de venta y tarifas por referencia."
"Tarifas de otras transacciones: incluye reintegros de los cargos por envío, retenciones de envío y tarifas de impuestos sobre ventas."
"Otro: incluye importes de transacciones distintas del pedido. Para mas información, consulta las columnas ""Tipo"" y ""Descripción"" de cada número de pedido."
"fecha y hora","identificador de pago","tipo","número de pedido","sku","descripción","cantidad","web de Amazon","gestión logística","ciudad de procedencia del pedido","comunidad autónoma de procedencia del pedido","código postal de procedencia del pedido","Formulario de recaudación de impuestos","ventas de productos","impuesto de ventas de productos","abonos de envío","impuestos por abonos de envío","abonos de envoltorio para regalo","impuestos por abonos de envoltorio para regalo","devoluciones promocionales","impuestos de descuentos por promociones","impuesto retenido en el sitio web","tarifas de venta","tarifas de Logística de Amazon","tarifas de otras transacciones","otro","total"
"1 mar 2025 20:18:57 UTC","24361811492","Pedido","405-5656336-7894714","UV-002","Resina UV de 500 g, resina UV clara, resina UV dura, transparente y transparente UV de secado rápido, resina epoxi UV para fabricación de joyas, man","1","amazon.es","Amazon","Pinto","Madrid","28320","MarketplaceFacilitator","19,83","4,16","0","0","0","0","0","0","-4,16","-3,12","-3,95","-0,06","0","12,70"
"1 mar 2025 20:30:24 UTC","24361811492","Pedido","402-6310358-9761112","UV-002","Resina UV de 500 g, resina UV clara, resina UV dura, transparente y transparente UV de secado rápido, resina epoxi UV para fabricación de joyas, man","1","amazon.es","Amazon","Sant Miquel d'Olerdola","Barcelona","08734","MarketplaceFacilitator","19,83","4,16","0","0","0","0","0","0","-4,16","-3,12","-3,95","-0,06","0","12,70"
"1 mar 2025 22:03:10 UTC","24361811492","Pedido","405-3977598-1609900","LZ-1BCI-EQUM","EPRESINART Resina Epoxi, 36oz/1064ml 1:1 Epoxy Resina No TóxicaTransparente Kit para Madera, Creaciones Artísticas, Restauración, Azulejos de Pared","1","amazon.es","Amazon","Palma","Illes Balears","07008","MarketplaceFacilitator","21,19","4,45","0","0","0","0","0","0","-4,45","-3,33","-9,38","-0,07","0","8,41"
"2 mar 2025 4:42:29 UTC","24361811492","Tarifa de prestación de servicio","","","Gastos de publicidad","","","","","","","","0","0","0","0","0","0","0","0","0","0","0","-34,59","0","-34,59"
"3 mar 2025 3:54:34 UTC","24361811492","Ajuste","","EPR-EU1G","Reembolso de inventario - extraviado en el almacén","1","","","","","","","0","0","0","0","0","0","0","0","0","0","0","0","45,90","45,90"
"3 mar 2025 20:29:11 UTC","24375457842","Pedido","408-8915104-7175539","UV-002","Resina UV de 500 g, resina UV clara, resina UV dura, transparente y transparente UV de secado rápido, resina epoxi UV para fabricación de joyas, man","1","amazon.es","Amazon","Tudela","Navarra","31500","MarketplaceFacilitator","19,83","4,16","4,12","0,87","0","0","0","0","-5,03","-3,12","-8,07","-0,06","0","12,70"
"4 mar 2025 0:22:19 UTC","24375457842","Transferir","","","A la cuenta acabada en 332","","","","","","","","0","0","0","0","0","0","0","0","0","0","0","0","-45,12","-45,12"
"4 mar 2025 17:36:53 UTC","24375457842","Pedido","403-5386904-2606746","UV-002","Resina UV de 500 g, resina UV clara, resina UV dura, transparente y transparente UV de secado rápido, resina epoxi UV para fabricación de joyas, man","1","amazon.es","Amazon","Orihuela","Alicante","03311","MarketplaceFacilitator","19,83","4,16","0","0","0","0","0","0","-4,16","-3,12","-3,95","-0,06","0","12,70"
"4 mar 2025 23:16:05 UTC","24375457842","Pedido","404-4797043-7915502","EPR-EU1G","EPRESINART Resina Epoxi, 3785ml Resina Epoxi No Tóxica, 1:1 Epoxy Resina Transparente Kit para Madera, Creaciones Artísticas, Restauración, Azulejo","1","amazon.es","Amazon","Crevillent","Alicante","03330","MarketplaceFacilitator","50,24","10,55","0","0","0","0","0","0","-10,55","-7,90","-7,02","-0,16","0","35,16"
"4 mar 2025 23:24:41 UTC","24375457842","Pedido","402-2694007-7889110","L7-UJO5-2Z9P","BUTIRESIN Juego de Resina Epoxi, 16z/474ml, Transparente, No Tóxica, Proporción 1:1; Apto para alimentos y sin olores, sin burbujas, revestimiento a","1","amazon.es","Amazon","Alcantarilla","Murcia","30820","MarketplaceFacilitator","12,51","2,63","0","0","0","0","-2,50","-0,53","-2,10","-1,82","-4,05","-0,04","0","4,10"
"5 mar 2025 21:58:31 UTC","24390394242","Pedido","403-5043867-5401125","L7-UJO5-2Z9P","BUTIRESIN Juego de Resina Epoxi, 16z/474ml, Transparente, No Tóxica, Proporción 1:1; Apto para alimentos y sin olores, sin burbujas, revestimiento a","1","amazon.es","Amazon","El Prat de Llobregat","Barcelona","08820","MarketplaceFacilitator","12,51","2,63","0","0","0","0","-2,50","-0,53","-2,10","-1,82","-4,05","-0,04","0","4,10"
"5 mar 2025 22:42:29 UTC","24390394242","Transferir","","","A la cuenta acabada en 332","","","","","","","","0","0","0","0","0","0","0","0","0","0","0","0","-64,66","-64,66"
"5 mar 2025 23:12:43 UTC","24390394242","Pedido","171-4765000-1183568","UV-002","Resina UV de 500 g, resina UV clara, resina UV dura, transparente y transparente UV de secado rápido, resina epoxi UV para fabricación de joyas, man","1","amazon.es","Amazon","Colmenar de Oreja","Madrid","28380","MarketplaceFacilitator","19,83","4,16","0","0","0","0","0","0","-4,16","-3,12","-3,95","-0,06","0","12,70"
"5 mar 2025 23:40:40 UTC","24390394242","Pedido","407-5712771-8454753","UV-002","Resina UV de 500 g, resina UV clara, resina UV dura, transparente y transparente UV de secado rápido, resina epoxi UV para fabricación de joyas, man","1","amazon.es","Amazon","Portimão","Portimão","","MarketplaceFacilitator","19,83","4,56","0","0","0","0","0","0","-4,56","-3,12","-3,95","-0,06","0","12,70"
"6 mar 2025 20:06:37 UTC","24390394242","Pedido","405-0412077-9937109","UV-002","Resina UV de 500 g, resina UV clara, resina UV dura, transparente y transparente UV de secado rápido, resina epoxi UV para fabricación de joyas, man","1","amazon.es","Amazon","Boadilla del Monte","Madrid","28660","MarketplaceFacilitator","19,83","4,16","0,41","0,09","0","0","-0,41","-0,09","-4,16","-3,12","-3,95","-0,06","0","12,70"
"6 mar 2025 20:25:10 UTC","24390394242","Pedido","406-8431092-6277104","EPR-EU1G","EPRESINART Resina Epoxi, 3785ml Resina Epoxi No Tóxica, 1:1 Epoxy Resina Transparente Kit para Madera, Creaciones Artísticas, Restauración, Azulejo","1","amazon.es","Amazon","Sangonera la verde","Region de Murcia","30833","MarketplaceFacilitator","50,24","10,55","1,64","0,35","0","0","-1,64","-0,35","-10,55","-7,90","-7,02","-0,16","0","35,16"
"6 mar 2025 22:00:47 UTC","24390394242","Pedido","405-1201155-6725952","9W-G2D2-1J3T","BUTIRESIN Juego de Resina Epoxi, 32oz/948ml, Transparente, No Tóxica, Proporción 1:1; Apto para alimentos y sin olores, sin burbujas, revestimiento","1","amazon.es","Amazon","Inca","Baleares","07300","MarketplaceFacilitator","20,28","4,26","0","0","0","0","-4,06","-0,85","-3,41","-2,94","-4,31","-0,06","0","8,91"
"6 mar 2025 22:07:10 UTC","24390394242","Pedido","405-5989931-7258746","9W-G2D2-1J3T","BUTIRESIN Juego de Resina Epoxi, 32oz/948ml, Transparente, No Tóxica, Proporción 1:1; Apto para alimentos y sin olores, sin burbujas, revestimiento","1","amazon.es","Amazon","Inca","Baleares","07300","MarketplaceFacilitator","20,28","4,26","0","0","0","0","-4,06","-0,85","-3,41","-2,94","-4,31","-0,06","0","8,91"
"6 mar 2025 22:24:16 UTC","24390394242","Pedido","406-5646962-0363547","L7-UJO5-2Z9P","BUTIRESIN Juego de Resina Epoxi, 16z/474ml, Transparente, No Tóxica, Proporción 1:1; Apto para alimentos y sin olores, sin burbujas, revestimiento a","1","amazon.es","Amazon","Barcelona","Barcelona","08018","","15,14","0","0","0","0","0","-3,03","0","0","-1,82","-4,05","-0,04","0","6,20"
"6 mar 2025 22:41:15 UTC","24390394242","Pedido","404-0345344-2539515","L7-UJO5-2Z9P","BUTIRESIN Juego de Resina Epoxi, 16z/474ml, Transparente, No Tóxica, Proporción 1:1; Apto para alimentos y sin olores, sin burbujas, revestimiento a","1","amazon.es","Amazon","BARCELONA","BARCELONA","08033","MarketplaceFacilitator","12,51","2,63","0","0","0","0","-2,50","-0,53","-2,10","-1,82","-4,05","-0,04","0","4,10"
"6 mar 2025 23:51:20 UTC","24390394242","Pedido","404-8272206-5101156","L7-UJO5-2Z9P","BUTIRESIN Juego de Resina Epoxi, 16z/474ml, Transparente, No Tóxica, Proporción 1:1; Apto para alimentos y sin olores, sin burbujas, revestimiento a","1","amazon.es","Amazon","Madrid","Madrid","28010","MarketplaceFacilitator","12,51","2,63","0","0","0","0","-2,50","-0,53","-2,10","-1,82","-4,05","-0,04","0","4,10"
"7 mar 2025 3:45:07 UTC","24402118732","Tarifas de inventario de Logística de Amazon","","","Tarifa por almacenamiento de Logística de Amazon","","Amazon.es","","","","","","0","0","0","0","0","0","0","0","0","0","0","0","-39,95","-39,95"
"7 mar 2025 19:33:05 UTC","24402118732","Pedido","404-1370542-1108314","L7-UJO5-2Z9P","BUTIRESIN Juego de Resina Epoxi, 16z/474ml, Transparente, No Tóxica, Proporción 1:1; Apto para alimentos y sin olores, sin burbujas, revestimiento a","1","amazon.es","Amazon","Pollença","Islas Baleares / Illes Balears","07460","MarketplaceFacilitator","12,51","2,63","0","0","0","0","-2,50","-0,53","-2,10","-1,82","-4,05","-0,04","0","4,10"
"7 mar 2025 22:22:14 UTC","24402118732","Transferir","","","A la cuenta acabada en 332","","","","","","","","0","0","0","0","0","0","0","0","0","0","0","0","-109,58","-109,58"
"8 mar 2025 0:07:12 UTC","24402118732","Pedido","408-1187074-2375552","L8-JVRH-OZ94","EPRESINART Resina Epoxi, 36oz/1064ml 1:1 Epoxy Resina No TóxicaTransparente Kit para Madera, Creaciones Artísticas, Restauración, Azulejos de Pared","1","amazon.es","Amazon","Madrid","Madrid","28016","MarketplaceFacilitator","18,05","3,79","0","0","0","0","0","0","-3,79","-2,84","-9,38","-0,06","0","5,77"
"10 mar 2025 0:10:36 UTC","24402118732","Pedido","407-1926386-4773933","9W-G2D2-1J3T","BUTIRESIN Juego de Resina Epoxi, 32oz/948ml, Transparente, No Tóxica, Proporción 1:1; Apto para alimentos y sin olores, sin burbujas, revestimiento","1","amazon.es","Amazon","LLoret de Mar","Girona","17310","MarketplaceFacilitator","20,28","4,26","0","0","0","0","-4,06","-0,85","-3,41","-2,94","-4,31","-0,06","0","8,91"
"10 mar 2025 20:55:44 UTC","24402118732","Pedido","406-2093080-7963531","EPO-110116","EPRESINART Juego de Resina Epoxi, 18oz/532ml Resina Epoxi No Tóxica, Juego de Resina Epoxi Transparente, Proporción 1:1 Resina Epoxi para Madera, Ar","1","amazon.es","Amazon","Vilassar de Mar","Barcelona","08340","MarketplaceFacilitator","13,21","2,78","0","0","0","0","0","0","-2,78","-2,08","-8,55","-0,04","0","2,54"
"11 mar 2025 21:29:26 UTC","24402118732","Pedido","405-0095954-0753150","L7-UJO5-2Z9P","BUTIRESIN Juego de Resina Epoxi, 16z/474ml, Transparente, No Tóxica, Proporción 1:1; Apto para alimentos y sin olores, sin burbujas, revestimiento a","1","amazon.es","Amazon","Ciutadella de Menorca","Islas Baleares","07769","MarketplaceFacilitator","12,51","2,63","0","0","0","0","-2,50","-0,53","-2,10","-1,82","-4,05","-0,04","0","4,10"
"11 mar 2025 21:38:56 UTC","24402118732","Pedido","405-4087465-3591527","9W-G2D2-1J3T","BUTIRESIN Juego de Resina Epoxi, 32oz/948ml, Transparente, No Tóxica, Proporción 1:1; Apto para alimentos y sin olores, sin burbujas, revestimiento","1","amazon.es","Amazon","Rivas Vaciamadrid","Madrid","28521","MarketplaceFacilitator","20,28","4,26","3,30","0,69","0","0","-4,06","-0,85","-4,10","-2,94","-7,61","-0,06","0","8,91"
"11 mar 2025 22:15:35 UTC","24402118732","Pedido","404-7912344-8106764","L8-JVRH-OZ94","EPRESINART Resina Epoxi, 36oz/1064ml 1:1 Epoxy Resina No TóxicaTransparente Kit para Madera, Creaciones Artísticas, Restauración, Azulejos de Pared","1","amazon.es","Amazon","Salou","Tarragona","43840","MarketplaceFacilitator","18,05","3,79","0","0","0","0","0","0","-3,79","-2,84","-9,38","-0,06","0","5,77"
"12 mar 2025 21:30:49 UTC","24402118732","Pedido","171-4179632-7897155","L7-UJO5-2Z9P","BUTIRESIN Juego de Resina Epoxi, 16z/474ml, Transparente, No Tóxica, Proporción 1:1; Apto para alimentos y sin olores, sin burbujas, revestimiento a","1","amazon.es","Amazon","VIGO","Pontevedra","36208","MarketplaceFacilitator","12,51","2,63","0","0","0","0","-2,50","-0,53","-2,10","-1,82","-8,55","-0,04","0","-0,40"
"12 mar 2025 22:19:33 UTC","24402118732","Pedido","403-4192633-7908301","9W-G2D2-1J3T","BUTIRESIN Juego de Resina Epoxi, 32oz/948ml, Transparente, No Tóxica, Proporción 1:1; Apto para alimentos y sin olores, sin burbujas, revestimiento","1","amazon.es","Amazon","Badalona","Barcelona","08918","MarketplaceFacilitator","20,28","4,26","0","0","0","0","-4,06","-0,85","-3,41","-2,94","-4,31","-0,06","0","8,91"
"14 mar 2025 18:36:04 UTC","24402118732","Pedido","408-1428230-2092350","L7-UJO5-2Z9P","BUTIRESIN Juego de Resina Epoxi, 16z/474ml, Transparente, No Tóxica, Proporción 1:1; Apto para alimentos y sin olores, sin burbujas, revestimiento a","1","amazon.es","Amazon","Alagòn","Zaragoza","50630","MarketplaceFacilitator","12,51","2,63","0","0","0","0","-2,50","-0,53","-2,10","-1,82","-8,55","-0,04","0","-0,40"
"14 mar 2025 22:11:14 UTC","24402118732","Pedido","405-9670780-8383565","L8-JVRH-OZ94","EPRESINART Resina Epoxi, 36oz/1064ml 1:1 Epoxy Resina No TóxicaTransparente Kit para Madera, Creaciones Artísticas, Restauración, Azulejos de Pared","1","amazon.es","Amazon","Torreblanca","Castellon","12596","MarketplaceFacilitator","18,05","3,79","0","0","0","0","0","0","-3,79","-2,84","-9,38","-0,06","0","5,77"
"15 mar 2025 0:13:04 UTC","24402118732","Pedido","404-8039270-7900302","L7-UJO5-2Z9P","BUTIRESIN Juego de Resina Epoxi, 16z/474ml, Transparente, No Tóxica, Proporción 1:1; Apto para alimentos y sin olores, sin burbujas, revestimiento a","1","amazon.es","Amazon","Pilar de la Horadada","Alicante","03190","MarketplaceFacilitator","12,51","2,63","0","0","0","0","-2,50","-0,53","-2,10","-1,82","-8,55","-0,04","0","-0,40"
"15 mar 2025 22:31:08 UTC","24402118732","Pedido","407-9884104-2505117","L7-UJO5-2Z9P","BUTIRESIN Juego de Resina Epoxi, 16z/474ml, Transparente, No Tóxica, Proporción 1:1; Apto para alimentos y sin olores, sin burbujas, revestimiento a","1","amazon.es","Amazon","sevilla","sevilla","41008","MarketplaceFacilitator","12,51","2,63","0","0","0","0","-2,50","-0,53","-2,10","-1,82","-8,55","-0,04","0","-0,40"
"15 mar 2025 23:47:13 UTC","24402118732","Pedido","405-3238074-0627557","L7-UJO5-2Z9P","BUTIRESIN Juego de Resina Epoxi, 16z/474ml, Transparente, No Tóxica, Proporción 1:1; Apto para alimentos y sin olores, sin burbujas, revestimiento a","1","amazon.es","Amazon","Benidorm","Alicante","03501","MarketplaceFacilitator","12,51","2,63","3,30","0,69","0","0","-2,50","-0,53","-2,79","-1,82","-11,90","-0,04","0","-0,45"
"17 mar 2025 20:35:28 UTC","24415096972","Pedido","407-9057941-1269158","EPR-EU1G","EPRESINART Resina Epoxi, 3785ml Resina Epoxi No Tóxica, 1:1 Epoxy Resina Transparente Kit para Madera, Creaciones Artísticas, Restauración, Azulejo","1","amazon.es","Amazon","Fuenlabrada","Madrid","28941","MarketplaceFacilitator","52,88","11,11","0,55","0,11","0","0","-0,55","-0,11","-11,11","-8,32","-7,02","-0,17","0","37,37"
"17 mar 2025 21:19:19 UTC","24415096972","Pedido","403-9795109-2191517","UV-002","Resina UV de 500 g, resina UV clara, resina UV dura, transparente y transparente UV de secado rápido, resina epoxi UV para fabricación de joyas, man","1","amazon.es","Amazon","Orihuela","Alicante","03311","MarketplaceFacilitator","19,83","4,16","0","0","0","0","0","0","-4,16","-3,12","-3,95","-0,06","0","12,70"
"17 mar 2025 22:01:48 UTC","24415096972","Transferir","","","A la cuenta acabada en 332","","","","","","","","0","0","0","0","0","0","0","0","0","0","0","0","-12,78","-12,78"
"17 mar 2025 22:53:32 UTC","24415096972","Pedido","408-2456051-3201910","L8-JVRH-OZ94","EPRESINART Resina Epoxi, 36oz/1064ml 1:1 Epoxy Resina No TóxicaTransparente Kit para Madera, Creaciones Artísticas, Restauración, Azulejos de Pared","1","amazon.es","Amazon","Calahorra","La Rioja","26500","MarketplaceFacilitator","18,05","3,79","1,10","0,23","0","0","-1,10","-0,23","-3,79","-2,84","-9,38","-0,06","0","5,77"
"17 mar 2025 23:28:21 UTC","24415096972","Pedido","408-9695302-0946747","L8-JVRH-OZ94","EPRESINART Resina Epoxi, 36oz/1064ml 1:1 Epoxy Resina No TóxicaTransparente Kit para Madera, Creaciones Artísticas, Restauración, Azulejos de Pared","1","amazon.es","Amazon","Cabanas","A CORUÑA","15839","MarketplaceFacilitator","18,05","3,79","0","0","0","0","0","0","-3,79","-2,84","-9,38","-0,06","0","5,77"
"18 mar 2025 18:22:19 UTC","24415096972","Pedido","408-4207666-1253913","L7-UJO5-2Z9P","BUTIRESIN Juego de Resina Epoxi, 16z/474ml, Transparente, No Tóxica, Proporción 1:1; Apto para alimentos y sin olores, sin burbujas, revestimiento a","1","amazon.es","Amazon","Torremanzanas","Alicante","03108","MarketplaceFacilitator","14,04","2,95","0","0","0","0","-2,81","-0,59","-2,36","-2,04","-8,55","-0,04","0","0,60"
"18 mar 2025 21:18:27 UTC","24415096972","Pedido","407-2726328-7829110","L7-UJO5-2Z9P","BUTIRESIN Juego de Resina Epoxi, 16z/474ml, Transparente, No Tóxica, Proporción 1:1; Apto para alimentos y sin olores, sin burbujas, revestimiento a","1","amazon.es","Amazon","Granada","Trasmulas","18328","MarketplaceFacilitator","14,04","2,95","0","0","0","0","-2,81","-0,59","-2,36","-2,04","-8,55","-0,04","0","0,60"
"19 mar 2025 23:52:06 UTC","24415096972","Pedido","407-4245539-7691501","LZ-1BCI-EQUM","EPRESINART Resina Epoxi, 36oz/1064ml 1:1 Epoxy Resina No TóxicaTransparente Kit para Madera, Creaciones Artísticas, Restauración, Azulejos de Pared","1","amazon.es","Amazon","Povoa da galega","Lisboa","","","24,36","0","0,50","0","0","0","-0,50","0","0","-3,77","-9,38","-0,08","0","11,13"
"19 mar 2025 23:59:03 UTC","24415096972","Pedido","408-8085603-2796358","LZ-1BCI-EQUM","EPRESINART Resina Epoxi, 36oz/1064ml 1:1 Epoxy Resina No TóxicaTransparente Kit para Madera, Creaciones Artísticas, Restauración, Azulejos de Pared","1","amazon.es","Amazon","bera","nafarroa","31780","MarketplaceFacilitator","22,31","4,68","1,65","0,35","0","0","-1,65","-0,35","-4,68","-3,51","-9,38","-0,07","0","9,35"
"20 mar 2025 20:17:56 UTC","24415096972","Pedido","406-0817022-5821149","L8-JVRH-OZ94","EPRESINART Resina Epoxi, 36oz/1064ml 1:1 Epoxy Resina No TóxicaTransparente Kit para Madera, Creaciones Artísticas, Restauración, Azulejos de Pared","1","amazon.es","Amazon","Ribes de freser","Girona","17534","MarketplaceFacilitator","19,00","3,99","0","0","0","0","0","0","-3,99","-2,99","-9,38","-0,06","0","6,57"
"20 mar 2025 23:16:49 UTC","24415096972","Pedido","407-1174921-4669900","LZ-1BCI-EQUM","EPRESINART Resina Epoxi, 36oz/1064ml 1:1 Epoxy Resina No TóxicaTransparente Kit para Madera, Creaciones Artísticas, Restauración, Azulejos de Pared","1","amazon.es","Amazon","Durango","Bizcaya","48200","MarketplaceFacilitator","22,31","4,68","0","0","0","0","0","0","-4,68","-3,51","-9,38","-0,07","0","9,35"
"21 mar 2025 19:54:40 UTC","24476473572","Pedido","402-1276199-7483556","L8-JVRH-OZ94","EPRESINART Resina Epoxi, 36oz/1064ml 1:1 Epoxy Resina No TóxicaTransparente Kit para Madera, Creaciones Artísticas, Restauración, Azulejos de Pared","1","amazon.es","Amazon","Barcelona","Barcelona","08020","MarketplaceFacilitator","19,00","3,99","0","0","0","0","0","0","-3,99","-2,99","-9,38","-0,06","0","6,57"
"21 mar 2025 21:48:03 UTC","24476473572","Pedido","408-9754231-9163537","L7-UJO5-2Z9P","BUTIRESIN Juego de Resina Epoxi, 16z/474ml, Transparente, No Tóxica, Proporción 1:1; Apto para alimentos y sin olores, sin burbujas, revestimiento a","1","amazon.es","Amazon","Segur de calafell","Tarragona","43882","MarketplaceFacilitator","13,34","2,80","0","0","0","0","-2,67","-0,56","-2,24","-1,94","-4,05","-0,04","0","4,64"
"21 mar 2025 22:42:23 UTC","24476473572","Transferir","","","A la cuenta acabada en 332","","","","","","","","0","0","0","0","0","0","0","0","0","0","0","0","-99,21","-99,21"
"23 mar 2025 20:49:31 UTC","24476473572","Pedido","406-5171230-7943543","L8-JVRH-OZ94","EPRESINART Resina Epoxi, 36oz/1064ml 1:1 Epoxy Resina No TóxicaTransparente Kit para Madera, Creaciones Artísticas, Restauración, Azulejos de Pared","1","amazon.es","Amazon","Roda de Eresma","Castilla Y León","40290","MarketplaceFacilitator","19,00","3,99","3,30","0,69","0","0","0","0","-4,68","-2,99","-12,62","-0,06","0","6,63"
"24 mar 2025 19:31:28 UTC","24506323122","Pedido","406-1169756-2467559","L7-UJO5-2Z9P","BUTIRESIN Juego de Resina Epoxi, 16z/474ml, Transparente, No Tóxica, Proporción 1:1; Apto para alimentos y sin olores, sin burbujas, revestimiento a","1","amazon.es","Amazon","Pombal","Leiria","","MarketplaceFacilitator","14,04","3,23","0","0","0","0","-2,80","-0,65","-2,58","-2,07","-4,05","-0,04","0","5,08"
"24 mar 2025 21:59:27 UTC","24506323122","Pedido","408-9659079-0294730","EPR-EU1G","EPRESINART Resina Epoxi, 3785ml Resina Epoxi No Tóxica, 1:1 Epoxy Resina Transparente Kit para Madera, Creaciones Artísticas, Restauración, Azulejo","1","amazon.es","Amazon","Casinos","","46171","MarketplaceFacilitator","50,24","10,55","3,30","0,69","0","0","-3,30","-0,69","-10,55","-7,90","-7,02","-0,16","0","35,16"
"24 mar 2025 22:01:49 UTC","24506323122","Transferir","","","A la cuenta acabada en 332","","","","","","","","0","0","0","0","0","0","0","0","0","0","0","0","-17,84","-17,84"
"24 mar 2025 22:07:09 UTC","24506323122","Pedido","406-6132383-4753148","UV-002","Resina UV de 500 g, resina UV clara, resina UV dura, transparente y transparente UV de secado rápido, resina epoxi UV para fabricación de joyas, man","1","amazon.es","Amazon","Barcelona","Barcelona","08034","MarketplaceFacilitator","18,83","3,96","0","0","0","0","0","0","-3,96","-2,96","-3,95","-0,06","0","11,86"
"24 mar 2025 22:58:53 UTC","24506323122","Pedido","403-3510340-8977164","UV-002","Resina UV de 500 g, resina UV clara, resina UV dura, transparente y transparente UV de secado rápido, resina epoxi UV para fabricación de joyas, man","1","amazon.es","Amazon","Orihuela","Alicante","03311","MarketplaceFacilitator","18,83","3,96","0","0","0","0","0","0","-3,96","-2,96","-3,95","-0,06","0","11,86"
"26 mar 2025 23:45:12 UTC","24506323122","Pedido","406-1627287-6701166","L7-UJO5-2Z9P","BUTIRESIN Juego de Resina Epoxi, 16z/474ml, Transparente, No Tóxica, Proporción 1:1; Apto para alimentos y sin olores, sin burbujas, revestimiento a","1","amazon.es","Amazon","Cerdanyola Del Valles","Barcelona","08290","MarketplaceFacilitator","13,34","2,80","0","0","0","0","-2,67","-0,56","-2,24","-1,94","-4,05","-0,04","0","4,64"
"28 mar 2025 21:55:38 UTC","24520716722","Pedido","405-7316187-0299533","LZ-1BCI-EQUM","EPRESINART Resina Epoxi, 36oz/1064ml 1:1 Epoxy Resina No TóxicaTransparente Kit para Madera, Creaciones Artísticas, Restauración, Azulejos de Pared","5","amazon.es","Amazon","Roda de Bara","Tarragona","43883","","107,75","0","0","0","0","0","0","0","0","-16,65","-46,90","-0,33","0","43,87"
"28 mar 2025 23:46:02 UTC","24520716722","Transferir","","","A la cuenta acabada en 332","","","","","","","","0","0","0","0","0","0","0","0","0","0","0","0","-68,60","-68,60"
"28 mar 2025 23:58:46 UTC","24520716722","Pedido","403-3267027-5933912","L8-JVRH-OZ94","EPRESINART Resina Epoxi, 36oz/1064ml 1:1 Epoxy Resina No TóxicaTransparente Kit para Madera, Creaciones Artísticas, Restauración, Azulejos de Pared","1","amazon.es","Amazon","SANTA CRUZ DE BEZANA","Cantabria","39100","MarketplaceFacilitator","18,05","3,79","0","0","0","0","0","0","-3,79","-2,84","-9,38","-0,06","0","5,77"
"31 mar 2025 16:54:57 UTC","24520716722","Pedido","402-1891130-4894757","UV-002","Resina UV de 500 g, resina UV clara, resina UV dura, transparente y transparente UV de secado rápido, resina epoxi UV para fabricación de joyas, man","1","amazon.es","Amazon","ALCOCHETE","ALCOCHETE","","MarketplaceFacilitator","18,83","4,33","0,81","0,19","0","0","-0,81","-0,19","-8,66","-5,92","-3,95","-0,12","0","4,51"
"31 mar 2025 16:54:57 UTC","24520716722","Pedido","402-1891130-4894757","UV-002","Resina UV de 500 g, resina UV clara, resina UV dura, transparente y transparente UV de secado rápido, resina epoxi UV para fabricación de joyas, man","1","amazon.es","Amazon","ALCOCHETE","ALCOCHETE","","","18,83","4,33","0,80","0,19","0","0","-0,80","-0,19","0","0","-3,95","0","0","19,21"
