﻿"Includes Amazon Marketplace, Fulfillment by Amazon (FBA), and Amazon Webstore transactions"
"All amounts in USD, unless specified"
"Definitions:"
"Sales tax collected: Includes sales tax collected from buyers for product sales, shipping, and gift wrap."
"Selling fees: Includes variable closing fees and referral fees."
"Other transaction fees: Includes shipping chargebacks, shipping holdbacks, per-item fees  and sales tax collection fees."
"Other: Includes non-order transaction amounts. For more details, see the ""Type"" and ""Description"" columns for each order ID."
"date/time","settlement id","type","order id","sku","description","quantity","marketplace","fulfillment","order city","order state","order postal","tax collection model","product sales","product sales tax","shipping credits","shipping credits tax","gift wrap credits","giftwrap credits tax","Regulatory Fee","Tax On Regulatory Fee","promotional rebates","promotional rebates tax","marketplace withheld tax","selling fees","fba fees","other transaction fees","other","total"
"Mar 27, 2025 12:13:16 AM PDT","22705765191","Order","112-3975527-0577038","KK-QXT9-AA51","ButiResin 1000g UV Resin, UV Resin Clear - Fast Curing, Crystal Clear, Odourless, Low Viscosity & Hard Type, UV Resin Kit for DIY Jewelry Making, Cast","1","amazon.com","Amazon","HARTSDALE","NY","10530","MarketplaceFacilitator","35.99","0","0","0","0","0","0","0","0","0","0","-5.40","-6.21","-0.54","0","23.84"
