﻿"Amazon 出品サービス、フルフィルメント by Amazon (FBA)"
"指定のない場合、単位は円"
"定義："
"売上税徴収額：商品売上、配送料、ギフト包装料として購入者から徴収した売上税"
"販売手数料：カテゴリー成約料と販売手数料が含まれます。"
"トランザクションに関するその他の手数料：FBA 配送料のチャージバックまたは、出品者出荷の配送料にかかる手数料"
"その他：注文以外に関する取引金額。詳しくは、各注文番号のトランザクションの種類と、説明の各項目をご覧ください。"
"日付/時間","決済番号","トランザクションの種類","注文番号","SKU","説明","数量","Amazon 出品サービス","フルフィルメント","市町村","都道府県","郵便番号","税金徴収型","商品売上","商品の売上税","配送料","配送料の税金","ギフト包装手数料","ギフト包装クレジットの税金","Amazonポイントの費用","プロモーション割引額","プロモーション割引の税金","源泉徴収税を伴うマーケットプレイス","手数料","FBA 手数料","トランザクションに関するその他の手数料","その他","合計"
"2025/03/02 15:48:49 JST","11961790603","注文","S03-4047517-2860658","Card Holder-Silver","[GEEEKART] 【2024新登場】 高級な超薄型金属カードケース - 防盗と防磁性RFID、自動弾出式アルミニウム名刺ケース (銀)","1","jp-shipment-injection.stores.amazon.co.jp","Amazon","","北海道","080-005","","0","0","0","0","0","0","0","0","0","0","0","-550","0","0","-550"
"2025/03/03 15:22:58 JST","11961790603","注文","S03-3875921-0511042","Card Holder-Black","[GEEEKART] 【2024新登場】 高級な超薄型金属カードケース - 防盗と防磁性RFID、自動弾出式アルミニウム名刺ケース","1","jp-shipment-injection.stores.amazon.co.jp","Amazon","","福岡県","816-084","","0","0","0","0","0","0","0","0","0","0","0","-550","0","0","-550"
"2025/03/03 20:23:27 JST","11961790603","注文外料金","","","月額登録料","","Amazon.co.jp","","","","","","0","0","0","0","0","0","0","0","0","0","0","0","0","-2,101","-2,101"
"2025/03/04 7:25:50 JST","11961790603","注文","S03-2195862-6924638","DY-KX48-PENC","GEEEKARTネックピロー フード付きネックピロー H型ネックピロー インフレータブル ポータブル ネックピロー エアー 旅行用 首枕 飛行機 子供 寝る グッズ 長距離ドライブ 便利グッズ 夜行バス 快適グッズ ネッククッション 車 ネックピロー エアー枕 海外旅行 飛行機 快適グッズ お昼寝/仮眠用 [並行輸入品]","1","jp-shipment-injection.stores.amazon.co.jp","Amazon","","大阪府","581-086","","0","0","0","0","0","0","0","0","0","0","0","-662","0","0","-662"
"2025/03/07 1:23:54 JST","11961790603","FBA 在庫関連の手数料","","","FBA在庫保管手数料:","","Amazon.co.jp","","","","","","0","0","0","0","0","0","0","0","0","0","0","0","0","-3,605","-3,605"
"2025/03/07 23:22:32 JST","11961790603","注文","503-5636370-1701404","Card Holder-Black","[GEEEKART] 【2024新登場】 高級な超薄型金属カードケース - 防盗と防磁性RFID、自動弾出式アルミニウム名刺ケース","1","amazon.jp","Amazon","","愛知県","458-081","","1,091","109","0","0","0","0","-12","0","0","0","-143","0","0","0","1,045"
"2025/03/08 8:22:14 JST","11961790603","注文","249-9908694-6756605","DY-KX48-PENC","GEEEKARTネックピロー フード付きネックピロー H型ネックピロー インフレータブル ポータブル ネックピロー エア","1","amazon.jp","Amazon","","長野県","399-710","","1,536","154","0","0","0","0","-17","0","0","0","-251","-465","0","0","957"
"2025/03/08 11:12:12 JST","11961790603","注文","503-5764402-5906222","DY-KX48-PENC","GEEEKARTネックピロー フード付きネックピロー H型ネックピロー インフレータブル ポータブル ネックピロー エア","1","amazon.jp","Amazon","","栃木県","320-083","","1,536","154","0","0","0","0","-17","0","0","0","-251","-465","0","0","957"
"2025/03/08 18:11:02 JST","11961790603","注文","S03-0411648-3894244","7E-T57N-0KMT","【2024年最新】スマホ冷却ファン 磁気式/クリップ式 スマホクーラー ペルチェ素子 3段階風力調節 LED温度表示 USB給電 静音 小型 軽量 RGBライト 強力冷却スマホクーラー iPhone/Android/GEEEKART対応 ゲーム/ライブ配信/撮影/動画視聴/テレワーク対応 黒色","1","jp-shipment-injection.stores.amazon.co.jp","Amazon","","埼玉県","367-004","","0","0","0","0","0","0","0","0","0","0","0","-615","0","0","-615"
"2025/03/08 22:01:04 JST","11961790603","注文","249-0428288-3247026","DY-KX48-PENC","GEEEKARTネックピロー フード付きネックピロー H型ネックピロー インフレータブル ポータブル ネックピロー エア","1","amazon.jp","Amazon","","兵庫県","651-210","","1,536","154","0","0","0","0","-17","0","0","0","-251","-465","0","0","957"
"2025/03/11 17:45:35 JST","11961790603","注文","S03-9717975-7861441","DY-KX48-PENC","GEEEKARTネックピロー フード付きネックピロー H型ネックピロー インフレータブル ポータブル ネックピロー エアー 旅行用 首枕 飛行機 子供 寝る グッズ 長距離ドライブ 便利グッズ 夜行バス 快適グッズ ネッククッション 車 ネックピロー エアー枕 海外旅行 飛行機 快適グッズ お昼寝/仮眠用 [並行輸入品]","1","jp-shipment-injection.stores.amazon.co.jp","Amazon","","愛知県","463-007","","0","0","0","0","0","0","0","0","0","0","0","-662","0","0","-662"
"2025/03/11 17:50:29 JST","11961790603","注文","S03-3792341-2809469","DY-KX48-PENC","GEEEKARTネックピロー フード付きネックピロー H型ネックピロー インフレータブル ポータブル ネックピロー エアー 旅行用 首枕 飛行機 子供 寝る グッズ 長距離ドライブ 便利グッズ 夜行バス 快適グッズ ネッククッション 車 ネックピロー エアー枕 海外旅行 飛行機 快適グッズ お昼寝/仮眠用 [並行輸入品]","1","jp-shipment-injection.stores.amazon.co.jp","Amazon","","埼玉県","332-003","","0","0","0","0","0","0","0","0","0","0","0","-662","0","0","-662"
"2025/03/12 8:08:23 JST","11961790603","注文","249-9926780-0599834","DY-KX48-PENC","GEEEKARTネックピロー フード付きネックピロー H型ネックピロー インフレータブル ポータブル ネックピロー エア","1","amazon.jp","Amazon","","愛媛県","797-001","","1,536","154","0","0","0","0","-17","0","0","0","-251","-465","0","0","957"
"2025/03/12 17:50:36 JST","11961790603","注文","S03-3634928-1717434","DY-KX48-PENC","GEEEKARTネックピロー フード付きネックピロー H型ネックピロー インフレータブル ポータブル ネックピロー エアー 旅行用 首枕 飛行機 子供 寝る グッズ 長距離ドライブ 便利グッズ 夜行バス 快適グッズ ネッククッション 車 ネックピロー エアー枕 海外旅行 飛行機 快適グッズ お昼寝/仮眠用 [並行輸入品]","1","jp-shipment-injection.stores.amazon.co.jp","Amazon","","神奈川県","220-005","","0","0","0","0","0","0","0","0","0","0","0","-678","0","0","-678"
"2025/03/13 18:01:58 JST","11961790603","注文","S03-3650891-9615055","Card Holder-Silver","[GEEEKART] 【2024新登場】 高級な超薄型金属カードケース - 防盗と防磁性RFID、自動弾出式アルミニウム名刺ケース (銀)","1","jp-shipment-injection.stores.amazon.co.jp","Amazon","","福岡県","819-000","","0","0","0","0","0","0","0","0","0","0","0","-550","0","0","-550"
"2025/03/17 20:52:20 JST","11974675073","マイナス残高","","","amzn1.cam.v1.sgid.11961790603","","","","","","","","0","0","0","0","0","0","0","0","0","0","0","0","0","5,762","5,762"
"2025/03/17 23:15:51 JST","11974675073","注文","250-2190954-7090222","Card Holder-Silver","[GEEEKART] 【2024新登場】 高級な超薄型金属カードケース - 防盗と防磁性RFID、自動弾出式アルミニウム名刺ケース","1","amazon.jp","Amazon","","東京都","121-082","","1,091","109","0","0","0","0","-12","0","0","0","-143","-234","0","0","811"
"2025/03/18 13:04:06 JST","11974675073","返金","250-2190954-7090222","Card Holder-Silver","[GEEEKART] 【2024新登場】 高級な超薄型金属カードケース - 防盗と防磁性RFID、自動弾出式アルミニウム名刺ケース","1","amazon.jp","Amazon","","東京都","121-082","","-1,091","-109","0","0","0","0","12","0","0","0","129","0","0","0","-1,059"
"2025/03/19 17:37:26 JST","11974675073","注文","S03-8993738-7854232","DY-KX48-PENC","GEEEKARTネックピロー フード付きネックピロー H型ネックピロー インフレータブル ポータブル ネックピロー エアー 旅行用 首枕 飛行機 子供 寝る グッズ 長距離ドライブ 便利グッズ 夜行バス 快適グッズ ネッククッション 車 ネックピロー エアー枕 海外旅行 飛行機 快適グッズ お昼寝/仮眠用 [並行輸入品]","1","jp-shipment-injection.stores.amazon.co.jp","Amazon","","神奈川県","226-001","","0","0","0","0","0","0","0","0","0","0","0","-662","0","0","-662"
"2025/03/19 17:39:09 JST","11974675073","注文","S03-1295126-2551022","DY-KX48-PENC","GEEEKARTネックピロー フード付きネックピロー H型ネックピロー インフレータブル ポータブル ネックピロー エアー 旅行用 首枕 飛行機 子供 寝る グッズ 長距離ドライブ 便利グッズ 夜行バス 快適グッズ ネッククッション 車 ネックピロー エアー枕 海外旅行 飛行機 快適グッズ お昼寝/仮眠用 [並行輸入品]","1","jp-shipment-injection.stores.amazon.co.jp","Amazon","","愛知県","444-030","","0","0","0","0","0","0","0","0","0","0","0","-662","0","0","-662"
"2025/03/20 2:28:28 JST","11974675073","注文","503-6747414-6050219","DY-KX48-PENC","GEEEKARTネックピロー フード付きネックピロー H型ネックピロー インフレータブル ポータブル ネックピロー エア","1","amazon.jp","Amazon","","愛知県","465-000","","1,536","154","0","0","0","0","-17","0","0","0","-251","-465","0","0","957"
"2025/03/21 7:05:36 JST","11974675073","注文","249-0952914-4211063","DY-KX48-PENC","GEEEKARTネックピロー フード付きネックピロー H型ネックピロー インフレータブル ポータブル ネックピロー エア","1","amazon.jp","Amazon","","東京都","130-002","","1,536","154","0","0","0","0","-17","0","0","0","-251","-465","0","0","957"
"2025/03/22 8:06:16 JST","11974675073","注文","249-4579111-3487836","GK-SJZJ-Black-01","スマホホルダー 車 【車体と一体化】GEEEKARTスマホスタンド 直射日光を避ける 高温耐性 スマホ車載ホルダー 自�","1","amazon.jp","Amazon","","奈良県","630-217","","1,454","145","0","0","0","0","-16","0","0","0","-158","-455","0","0","970"
"2025/03/22 11:03:24 JST","11974675073","注文","S03-2703988-5773402","GK-SJZJ-Black-01","スマホホルダー 車 【車体と一体化】GEEEKARTスマホスタンド 直射日光を避ける 高温耐性 スマホ車載ホルダー 自然な質感 シャーシ吸着 安定性 滑り止め 車用ダッシュボード電話ホルダー 洗える 車用スマホホルダー iPhone/Android 3-7インチモデルと99%の車種に対応","2","jp-shipment-injection.stores.amazon.co.jp","Amazon","","岐阜県","501-330","","0","0","0","0","0","0","0","0","0","0","0","-1,184","0","0","-1,184"
"2025/03/23 13:27:46 JST","11974675073","注文","S03-7755597-3909427","DY-KX48-PENC","GEEEKARTネックピロー フード付きネックピロー H型ネックピロー インフレータブル ポータブル ネックピロー エアー 旅行用 首枕 飛行機 子供 寝る グッズ 長距離ドライブ 便利グッズ 夜行バス 快適グッズ ネッククッション 車 ネックピロー エアー枕 海外旅行 飛行機 快適グッズ お昼寝/仮眠用 [並行輸入品]","1","jp-shipment-injection.stores.amazon.co.jp","Amazon","","大阪府","592-834","","0","0","0","0","0","0","0","0","0","0","0","-520","0","0","-520"
"2025/03/23 13:29:17 JST","11974675073","注文","S03-7755597-3909427","DY-KX48-PENC","GEEEKARTネックピロー フード付きネックピロー H型ネックピロー インフレータブル ポータブル ネックピロー エアー 旅行用 首枕 飛行機 子供 寝る グッズ 長距離ドライブ 便利グッズ 夜行バス 快適グッズ ネッククッション 車 ネックピロー エアー枕 海外旅行 飛行機 快適グッズ お昼寝/仮眠用 [並行輸入品]","1","jp-shipment-injection.stores.amazon.co.jp","Amazon","","大阪府","592-834","","0","0","0","0","0","0","0","0","0","0","0","-520","0","0","-520"
"2025/03/25 7:16:53 JST","11974675073","注文","S03-7178410-5478241","DY-KX48-PENC","GEEEKARTネックピロー フード付きネックピロー H型ネックピロー インフレータブル ポータブル ネックピロー エアー 旅行用 首枕 飛行機 子供 寝る グッズ 長距離ドライブ 便利グッズ 夜行バス 快適グッズ ネッククッション 車 ネックピロー エアー枕 海外旅行 飛行機 快適グッズ お昼寝/仮眠用 [並行輸入品]","1","jp-shipment-injection.stores.amazon.co.jp","Amazon","","栃木県","321-097","","0","0","0","0","0","0","0","0","0","0","0","-662","0","0","-662"
"2025/03/25 13:26:51 JST","11974675073","注文","S03-1269855-0903058","DY-KX48-PENC","GEEEKARTネックピロー フード付きネックピロー H型ネックピロー インフレータブル ポータブル ネックピロー エアー 旅行用 首枕 飛行機 子供 寝る グッズ 長距離ドライブ 便利グッズ 夜行バス 快適グッズ ネッククッション 車 ネックピロー エアー枕 海外旅行 飛行機 快適グッズ お昼寝/仮眠用 [並行輸入品]","1","jp-shipment-injection.stores.amazon.co.jp","Amazon","","岡山県","700-097","","0","0","0","0","0","0","0","0","0","0","0","-662","0","0","-662"
"2025/03/25 18:24:59 JST","11974675073","注文","S03-0760897-4979853","7E-T57N-0KMT","【2024年最新】スマホ冷却ファン 磁気式/クリップ式 スマホクーラー ペルチェ素子 3段階風力調節 LED温度表示 USB給電 静音 小型 軽量 RGBライト 強力冷却スマホクーラー iPhone/Android/GEEEKART対応 ゲーム/ライブ配信/撮影/動画視聴/テレワーク対応 黒色","1","jp-shipment-injection.stores.amazon.co.jp","Amazon","","京都府","617-000","","0","0","0","0","0","0","0","0","0","0","0","-615","0","0","-615"
"2025/03/26 18:17:31 JST","11974675073","注文","S03-5355958-3870206","GK-SJZJ-Black-01","スマホホルダー 車 【車体と一体化】GEEEKARTスマホスタンド 直射日光を避ける 高温耐性 スマホ車載ホルダー 自然な質感 シャーシ吸着 安定性 滑り止め 車用ダッシュボード電話ホルダー 洗える 車用スマホホルダー iPhone/Android 3-7インチモデルと99%の車種に対応","1","jp-shipment-injection.stores.amazon.co.jp","Amazon","","静岡県","420-096","","0","0","0","0","0","0","0","0","0","0","0","-652","0","0","-652"
"2025/03/27 7:45:16 JST","11974675073","注文","503-0405127-2707067","DY-KX48-PENC","GEEEKARTネックピロー フード付きネックピロー H型ネックピロー インフレータブル ポータブル ネックピロー エア","1","amazon.jp","Amazon","","東京都","152-002","","1,536","154","0","0","0","0","-17","0","0","0","-251","-465","0","0","957"
"2025/03/27 13:07:09 JST","11974675073","注文","S03-3970129-7420653","GK-SJZJ-Black-01","スマホホルダー 車 【車体と一体化】GEEEKARTスマホスタンド 直射日光を避ける 高温耐性 スマホ車載ホルダー 自然な質感 シャーシ吸着 安定性 滑り止め 車用ダッシュボード電話ホルダー 洗える 車用スマホホルダー iPhone/Android 3-7インチモデルと99%の車種に対応","1","jp-shipment-injection.stores.amazon.co.jp","Amazon","","北海道","093-033","","0","0","0","0","0","0","0","0","0","0","0","-672","0","0","-672"
"2025/03/27 16:08:20 JST","11974675073","注文","S03-6638320-8510224","GK-SJZJ-Black-01","スマホホルダー 車 【車体と一体化】GEEEKARTスマホスタンド 直射日光を避ける 高温耐性 スマホ車載ホルダー 自然な質感 シャーシ吸着 安定性 滑り止め 車用ダッシュボード電話ホルダー 洗える 車用スマホホルダー iPhone/Android 3-7インチモデルと99%の車種に対応","1","jp-shipment-injection.stores.amazon.co.jp","Amazon","","千葉県","274-082","","0","0","0","0","0","0","0","0","0","0","0","-652","0","0","-652"
"2025/03/27 23:58:37 JST","11974675073","注文","249-2198756-8599837","DY-KX48-PENC","GEEEKARTネックピロー フード付きネックピロー H型ネックピロー インフレータブル ポータブル ネックピロー エア","1","amazon.jp","Amazon","","大阪府","538-005","","1,536","154","0","0","0","0","-17","0","0","0","-251","-465","0","0","957"
"2025/03/28 7:41:54 JST","11974675073","注文","503-8557722-3554207","DY-KX48-PENC","GEEEKARTネックピロー フード付きネックピロー H型ネックピロー インフレータブル ポータブル ネックピロー エア","1","amazon.jp","Amazon","","新潟県","950-010","","1,536","154","140","14","0","0","-17","-140","-14","0","-251","-465","0","0","957"
"2025/03/28 16:20:49 JST","11987174193","注文","S03-7690490-5403807","GK-SJZJ-Black-01","スマホホルダー 車 【車体と一体化】GEEEKARTスマホスタンド 直射日光を避ける 高温耐性 スマホ車載ホルダー 自然な質感 シャーシ吸着 安定性 滑り止め 車用ダッシュボード電話ホルダー 洗える 車用スマホホルダー iPhone/Android 3-7インチモデルと99%の車種に対応","1","jp-shipment-injection.stores.amazon.co.jp","Amazon","","長野県","381-316","","0","0","0","0","0","0","0","0","0","0","0","-652","0","0","-652"
"2025/03/28 16:27:36 JST","11987174193","注文","S03-2253741-1727826","GK-SJZJ-Black-01","スマホホルダー 車 【車体と一体化】GEEEKARTスマホスタンド 直射日光を避ける 高温耐性 スマホ車載ホルダー 自然な質感 シャーシ吸着 安定性 滑り止め 車用ダッシュボード電話ホルダー 洗える 車用スマホホルダー iPhone/Android 3-7インチモデルと99%の車種に対応","1","jp-shipment-injection.stores.amazon.co.jp","Amazon","","神奈川県","252-024","","0","0","0","0","0","0","0","0","0","0","0","-652","0","0","-652"
"2025/03/28 16:52:34 JST","11987174193","マイナス残高","","","amzn1.cam.v1.sgid.11974675073","","","","","","","","0","0","0","0","0","0","0","0","0","0","0","0","0","1,956","1,956"
"2025/03/28 17:56:12 JST","11987174193","注文","S03-1498622-6705440","DY-KX48-PENC","GEEEKARTネックピロー フード付きネックピロー H型ネックピロー インフレータブル ポータブル ネックピロー エアー 旅行用 首枕 飛行機 子供 寝る グッズ 長距離ドライブ 便利グッズ 夜行バス 快適グッズ ネッククッション 車 ネックピロー エアー枕 海外旅行 飛行機 快適グッズ お昼寝/仮眠用 [並行輸入品]","1","jp-shipment-injection.stores.amazon.co.jp","Amazon","","静岡県","437-160","","0","0","0","0","0","0","0","0","0","0","0","-662","0","0","-662"
"2025/03/29 5:00:55 JST","11987174193","注文","249-8938380-7589438","DY-KX48-PENC","GEEEKARTネックピロー フード付きネックピロー H型ネックピロー インフレータブル ポータブル ネックピロー エア","1","amazon.jp","Amazon","","大阪府","538-005","","1,536","154","0","0","0","0","-17","0","0","0","-251","-465","0","0","957"
"2025/03/29 5:02:13 JST","11987174193","注文","250-7283938-3232660","DY-KX48-PENC","GEEEKARTネックピロー フード付きネックピロー H型ネックピロー インフレータブル ポータブル ネックピロー エア","1","amazon.jp","Amazon","","大阪府","542-008","","1,536","154","0","0","0","0","-17","0","0","0","-251","-465","0","0","957"
"2025/03/31 16:22:19 JST","11987174193","注文","503-6037716-3628639","DY-KX48-PENC","GEEEKARTネックピロー フード付きネックピロー H型ネックピロー インフレータブル ポータブル ネックピロー エア","1","amazon.jp","Amazon","","東京都","113-002","","1,536","154","0","0","0","0","-17","0","0","0","-251","-465","0","0","957"
