﻿"Includes Amazon Marketplace, Fulfillment by Amazon (FBA), and Amazon Webstore transactions"
"All amounts in USD, unless specified"
"Definitions:"
"Sales tax collected: Includes sales tax collected from buyers for product sales, shipping, and gift wrap."
"Selling fees: Includes variable closing fees and referral fees."
"Other transaction fees: Includes shipping chargebacks, shipping holdbacks, per-item fees  and sales tax collection fees."
"Other: Includes non-order transaction amounts. For more details, see the ""Type"" and ""Description"" columns for each order ID."
"date/time","settlement id","type","order id","sku","description","quantity","marketplace","fulfillment","order city","order state","order postal","tax collection model","product sales","product sales tax","shipping credits","shipping credits tax","gift wrap credits","giftwrap credits tax","Regulatory Fee","Tax On Regulatory Fee","promotional rebates","promotional rebates tax","marketplace withheld tax","selling fees","fba fees","other transaction fees","other","total"
"Mar 8, 2025 2:38:52 AM PST","23026459131","Order","114-6421647-3082638","88-29H4-FMWO","Epoxy Resin 32 oz, Crystal Clear Epoxy Resin Non Yellowing, Self Leveling with High Gloss, UV & Heat Resistant, Clear Resin Set for Jewelry Making, Ar","1","amazon.com","Amazon","SUGAR LAND","TX","77498","MarketplaceFacilitator","20.99","0","0","0","0","0","0","0","0","0","0","-3.15","-6.21","0","0","11.63"
"Mar 8, 2025 5:11:24 AM PST","23026459131","Order","113-0850387-4054645","66-5G3T-ZOEC","JINH Epoxy Resin 2 Gallon, Upgraded Crystal Clear Epoxy Kit UV Resistant No Bubble Self Leveling, 1 Gallon Resin and 1 Gallon Hardener Kit for DIY Art","1","amazon.com","Amazon","CHARLESTON","SC","29425","MarketplaceFacilitator","83.99","7.56","0","0","0","0","0","0","0","0","-7.56","-12.60","-12.20","0","0","59.19"
"Mar 8, 2025 5:24:07 AM PST","23026459131","Order","113-0404710-9240223","NX-22LX-ZGH5","Epoxy Resin 1 Gallon, Crystal Clear Epoxy Resin Kit Non-Toxic Heat Resistant No Bubble Self Leveling, 64OZ Resin and 64OZ Hardener Kit for DIY Art, Je","1","amazon.com","Amazon","HENRICO","VA","23231","MarketplaceFacilitator","48.00","2.88","0","0","0","0","0","0","0","0","-2.88","-7.20","-9.24","0","0","31.56"
"Mar 14, 2025 2:27:42 AM PDT","23130406191","Transfer","","","To your account ending in: 978, Bank Transfer ID: 4J9U24DWQQVCBN3","","","","","","","","0","0","0","0","0","0","0","0","0","0","0","0","0","0","-133.40","-133.40"
"Mar 27, 2025 12:46:20 AM PDT","23130406191","Order","113-4832870-9044229","NX-22LX-ZGH5","Epoxy Resin 1 Gallon, Crystal Clear Epoxy Resin Kit Non-Toxic Heat Resistant No Bubble Self Leveling, 64OZ Resin and 64OZ Hardener Kit for DIY Art, Je","1","amazon.com","Amazon","Mason","OH","45040","MarketplaceFacilitator","48.00","3.24","0","0","0","0","0","0","0","0","-3.24","-7.20","-9.24","0","0","31.56"
