﻿"Includes Amazon Marketplace, Fulfillment by Amazon (FBA), and Amazon Webstore transactions"
"All amounts in USD, unless specified"
"Definitions:"
"Sales tax collected: Includes sales tax collected from buyers for product sales, shipping, and gift wrap."
"Selling fees: Includes variable closing fees and referral fees."
"Other transaction fees: Includes shipping chargebacks, shipping holdbacks, per-item fees  and sales tax collection fees."
"Other: Includes non-order transaction amounts. For more details, see the ""Type"" and ""Description"" columns for each order ID."
"date/time","settlement id","type","order id","sku","description","quantity","marketplace","fulfillment","order city","order state","order postal","tax collection model","product sales","product sales tax","shipping credits","shipping credits tax","gift wrap credits","giftwrap credits tax","Regulatory Fee","Tax On Regulatory Fee","promotional rebates","promotional rebates tax","marketplace withheld tax","selling fees","fba fees","other transaction fees","other","total"
"Mar 1, 2025 7:00:38 AM PST","23037639751","Adjustment","","NX-22LX-ZGH5","FBA Inventory Reimbursement - Damaged:Warehouse","1","","","","","","","0","0","0","0","0","0","0","0","0","0","0","0","0","0","33.25","33.25"
"Mar 1, 2025 12:25:26 PM PST","23037639751","Order","111-9075814-3901032","88-29H4-FMWO","Epoxy Resin 32 oz, Crystal Clear Epoxy Resin Non Yellowing, Self Leveling with High Gloss, UV & Heat Resistant, Clear Resin Set for Jewelry Making, Ar","1","amazon.com","Amazon","SPRING HILL","FL","34610","MarketplaceFacilitator","29.99","2.10","0","0","0","0","0","0","0","0","-2.10","-4.50","-6.21","0","0","19.28"
"Mar 1, 2025 10:50:20 PM PST","23037639751","Order","113-2908295-6525012","66-5G3T-ZOEC","JINH Epoxy Resin 2 Gallon, Upgraded Crystal Clear Epoxy Kit UV Resistant No Bubble Self Leveling, 1 Gallon Resin and 1 Gallon Hardener Kit for DIY Art","1","amazon.com","Amazon","WEST PALM BEACH","FL","33417","MarketplaceFacilitator","87.99","5.54","0","0","0","0","0","0","-8.80","0","-5.54","-11.88","-12.20","0","0","55.11"
"Mar 2, 2025 6:11:20 AM PST","23037639751","Service Fee","","","Cost of Advertising","","","","","","","","0","0","0","0","0","0","0","0","0","0","0","0","0","-298.05","0","-298.05"
"Mar 2, 2025 8:11:12 AM PST","23037639751","Order","114-1246602-2471435","NX-22LX-ZGH5","Epoxy Resin 1 Gallon, Crystal Clear Epoxy Resin Kit Non-Toxic Heat Resistant No Bubble Self Leveling, 64OZ Resin and 64OZ Hardener Kit for DIY Art, Je","1","amazon.com","Amazon","PORT CHARLOTTE","FL","33953","MarketplaceFacilitator","59.99","4.20","2.99","0","0","0","0","0","-2.99","0","-4.20","-9.00","-9.24","0","0","41.75"
"Mar 3, 2025 3:23:50 AM PST","23037639751","Service Fee","","","Subscription","","Amazon.com","","","","","","0","0","0","0","0","0","0","0","0","0","0","0","0","0","-17.15","-17.15"
"Mar 4, 2025 2:37:16 AM PST","23037639751","Order","112-1089590-2629866","NX-22LX-ZGH5","Epoxy Resin 1 Gallon, Crystal Clear Epoxy Resin Kit Non-Toxic Heat Resistant No Bubble Self Leveling, 64OZ Resin and 64OZ Hardener Kit for DIY Art, Je","1","amazon.com","Amazon","SAINT DAVID","AZ","85630","MarketplaceFacilitator","59.99","3.96","0","0","0","0","0","0","0","0","-3.96","-9.00","-9.24","0","0","41.75"
"Mar 4, 2025 10:19:02 AM PST","23037639751","Order","111-4695924-3488223","NX-22LX-ZGH5","Epoxy Resin 1 Gallon, Crystal Clear Epoxy Resin Kit Non-Toxic Heat Resistant No Bubble Self Leveling, 64OZ Resin and 64OZ Hardener Kit for DIY Art, Je","1","amazon.com","Amazon","PALMYRA","IN","47164","MarketplaceFacilitator","48.99","3.43","0","0","0","0","0","0","0","0","-3.43","-7.35","-9.24","0","0","32.40"
"Mar 4, 2025 10:52:39 PM PST","23037639751","Order","114-4294058-1316207","NX-22LX-ZGH5","Epoxy Resin 1 Gallon, Crystal Clear Epoxy Resin Kit Non-Toxic Heat Resistant No Bubble Self Leveling, 64OZ Resin and 64OZ Hardener Kit for DIY Art, Je","1","amazon.com","Amazon","SILSBEE","TX","77656","MarketplaceFacilitator","48.99","4.04","0","0","0","0","0","0","0","0","-8.08","-14.70","-9.24","0","0","21.01"
"Mar 4, 2025 10:52:39 PM PST","23037639751","Order","114-4294058-1316207","NX-22LX-ZGH5","Epoxy Resin 1 Gallon, Crystal Clear Epoxy Resin Kit Non-Toxic Heat Resistant No Bubble Self Leveling, 64OZ Resin and 64OZ Hardener Kit for DIY Art, Je","1","amazon.com","Amazon","SILSBEE","TX","77656","","48.99","4.04","0","0","0","0","0","0","0","0","0","0","-9.24","0","0","43.79"
"Mar 5, 2025 7:50:12 AM PST","23037639751","Order","111-2710602-2869009","66-5G3T-ZOEC","JINH Epoxy Resin 2 Gallon, Upgraded Crystal Clear Epoxy Kit UV Resistant No Bubble Self Leveling, 1 Gallon Resin and 1 Gallon Hardener Kit for DIY Art","1","amazon.com","Amazon","VISALIA","CA","93291","MarketplaceFacilitator","87.99","7.48","0","0","0","0","0","0","0","0","-7.48","-13.20","-12.20","0","0","62.59"
"Mar 5, 2025 11:14:26 AM PST","23037639751","Order","113-5963120-4725832","NX-22LX-ZGH5","Epoxy Resin 1 Gallon, Crystal Clear Epoxy Resin Kit Non-Toxic Heat Resistant No Bubble Self Leveling, 64OZ Resin and 64OZ Hardener Kit for DIY Art, Je","1","amazon.com","Amazon","PEORIA","AZ","85382","MarketplaceFacilitator","48.99","3.97","0","0","0","0","0","0","0","0","-3.97","-7.35","-9.24","0","0","32.40"
"Mar 5, 2025 1:22:09 PM PST","23037639751","Order","111-9237104-9497031","66-5G3T-ZOEC","JINH Epoxy Resin 2 Gallon, Upgraded Crystal Clear Epoxy Kit UV Resistant No Bubble Self Leveling, 1 Gallon Resin and 1 Gallon Hardener Kit for DIY Art","1","amazon.com","Amazon","Watkins","MN","55389","MarketplaceFacilitator","83.99","5.77","0","0","0","0","0","0","0","0","-5.77","-12.60","-12.20","0","0","59.19"
"Mar 5, 2025 3:02:53 PM PST","23037639751","Order","111-3242792-0181035","NX-22LX-ZGH5","Epoxy Resin 1 Gallon, Crystal Clear Epoxy Resin Kit Non-Toxic Heat Resistant No Bubble Self Leveling, 64OZ Resin and 64OZ Hardener Kit for DIY Art, Je","1","amazon.com","Amazon","MONTICELLO","FL","32344","MarketplaceFacilitator","48.99","3.43","0","0","0","0","0","0","0","0","-3.43","-7.35","-9.24","0","0","32.40"
"Mar 7, 2025 1:02:57 AM PST","23139691901","FBA Inventory Fee","","","FBA storage fee","","Amazon.com","","","","","","0","0","0","0","0","0","0","0","0","0","0","0","0","0","-119.04","-119.04"
"Mar 7, 2025 1:27:07 AM PST","23139691901","Adjustment","112-1366013-3484216","66-5G3T-ZOEC","FBA Inventory Reimbursement - Customer Return","1","","","","","","","0","0","0","0","0","0","0","0","0","0","0","0","0","0","37.50","37.50"
"Mar 7, 2025 1:44:44 AM PST","23139691901","Order","113-0950508-4384216","JH-Echo Show Stand-01","Swivel and Tilt Stand for Echo Show 15, Vesa Monitor Stand, 360 Degree Screen Rotation, Viewing Angle Adjustable, Foldable Monitor Stand, Supports Swi","1","amazon.com","Amazon","MESA","AZ","85207","MarketplaceFacilitator","23.00","1.45","1.06","0","0","0","0","0","-1.06","0","-1.45","-3.45","-5.37","0","0","14.18"
"Mar 7, 2025 7:20:19 AM PST","23139691901","Order","113-0933211-9787414","88-29H4-FMWO","Epoxy Resin 32 oz, Crystal Clear Epoxy Resin Non Yellowing, Self Leveling with High Gloss, UV & Heat Resistant, Clear Resin Set for Jewelry Making, Ar","1","amazon.com","Amazon","Ellsworth","ME","04605","MarketplaceFacilitator","23.99","1.32","4.91","0","0","0","0","0","-4.91","0","-1.32","-3.60","-6.21","0","0","14.18"
"Mar 7, 2025 11:19:02 PM PST","23139691901","Order","114-6193153-3929812","66-5G3T-ZOEC","JINH Epoxy Resin 2 Gallon, Upgraded Crystal Clear Epoxy Kit UV Resistant No Bubble Self Leveling, 1 Gallon Resin and 1 Gallon Hardener Kit for DIY Art","1","amazon.com","Amazon","CLAYTON","NC","27520","MarketplaceFacilitator","83.99","5.67","0.99","0","0","0","0","0","-0.99","0","-5.67","-12.60","-12.20","0","0","59.19"
"Mar 8, 2025 10:33:20 PM PST","23139691901","Order","113-1391311-3609859","88-29H4-FMWO","Epoxy Resin 32 oz, Crystal Clear Epoxy Resin Non Yellowing, Self Leveling with High Gloss, UV & Heat Resistant, Clear Resin Set for Jewelry Making, Ar","1","amazon.com","Amazon","GALLATIN","TN","37066","MarketplaceFacilitator","25.99","2.53","0","0","0","0","0","0","0","0","-2.53","-3.90","-6.21","0","0","15.88"
"Mar 9, 2025 7:01:11 PM PDT","23139691901","Order","114-4667396-1517060","88-29H4-FMWO","Epoxy Resin 32 oz, Crystal Clear Epoxy Resin Non Yellowing, Self Leveling with High Gloss, UV & Heat Resistant, Clear Resin Set for Jewelry Making, Ar","1","amazon.com","Amazon","YPSILANTI","MICHIGAN","48197","MarketplaceFacilitator","25.99","1.56","0","0","0","0","0","0","0","0","-1.56","-3.90","-6.21","0","0","15.88"
"Mar 10, 2025 3:10:37 AM PDT","23139691901","Order","112-7309382-6167464","66-5G3T-ZOEC","JINH Epoxy Resin 2 Gallon, Upgraded Crystal Clear Epoxy Kit UV Resistant No Bubble Self Leveling, 1 Gallon Resin and 1 Gallon Hardener Kit for DIY Art","1","amazon.com","Amazon","COLUMBUS","IN","47201","MarketplaceFacilitator","87.99","6.16","0","0","0","0","0","0","0","0","-6.16","-13.20","-12.20","0","0","62.59"
"Mar 10, 2025 3:21:08 AM PDT","23139691901","Transfer","","","To your account ending in: 978, Bank Transfer ID: U3P7Z7I4FG34YDZ","","","","","","","","0","0","0","0","0","0","0","0","0","0","0","0","0","0","-76.56","-76.56"
"Mar 10, 2025 8:06:45 AM PDT","23139691901","Order","112-4292579-6485023","66-5G3T-ZOEC","JINH Epoxy Resin 2 Gallon, Upgraded Crystal Clear Epoxy Kit UV Resistant No Bubble Self Leveling, 1 Gallon Resin and 1 Gallon Hardener Kit for DIY Art","1","amazon.com","Amazon","Watkins","MN","55389","MarketplaceFacilitator","79.79","5.49","0","0","0","0","0","0","0","0","-5.49","-11.97","-12.20","0","0","55.62"
"Mar 10, 2025 11:30:35 AM PDT","23139691901","Order","112-4292579-6485023","66-5G3T-ZOEC","JINH Epoxy Resin 2 Gallon, Upgraded Crystal Clear Epoxy Kit UV Resistant No Bubble Self Leveling, 1 Gallon Resin and 1 Gallon Hardener Kit for DIY Art","1","amazon.com","Amazon","Watkins","MN","55389","MarketplaceFacilitator","79.79","5.49","0","0","0","0","0","0","0","0","-5.49","-11.97","-12.20","0","0","55.62"
"Mar 10, 2025 12:06:57 PM PDT","23139691901","Order","113-4208820-3081825","88-29H4-FMWO","Epoxy Resin 32 oz, Crystal Clear Epoxy Resin Non Yellowing, Self Leveling with High Gloss, UV & Heat Resistant, Clear Resin Set for Jewelry Making, Ar","1","amazon.com","Amazon","SUN CITY WEST","AZ","85375","MarketplaceFacilitator","25.99","1.64","0","0","0","0","0","0","0","0","-1.64","-3.90","-6.21","0","0","15.88"
"Mar 11, 2025 11:42:03 AM PDT","23139691901","Order","111-2855456-3245012","NX-22LX-ZGH5","Epoxy Resin 1 Gallon, Crystal Clear Epoxy Resin Kit Non-Toxic Heat Resistant No Bubble Self Leveling, 64OZ Resin and 64OZ Hardener Kit for DIY Art, Je","1","amazon.com","Amazon","AYDEN","NC","28513","MarketplaceFacilitator","48.99","3.43","0","0","0","0","0","0","0","0","-3.43","-7.35","-9.24","0","0","32.40"
"Mar 11, 2025 1:35:11 PM PDT","23139691901","Order","111-6139503-7667451","88-29H4-FMWO","Epoxy Resin 32 oz, Crystal Clear Epoxy Resin Non Yellowing, Self Leveling with High Gloss, UV & Heat Resistant, Clear Resin Set for Jewelry Making, Ar","1","amazon.com","Amazon","HIRAM","OH","44234","MarketplaceFacilitator","25.99","1.82","2.99","0","0","0","0","0","-2.99","0","-1.82","-3.90","-6.21","0","0","15.88"
"Mar 12, 2025 5:34:53 AM PDT","23186647461","Order","111-1933937-3462621","88-29H4-FMWO","Epoxy Resin 32 oz, Crystal Clear Epoxy Resin Non Yellowing, Self Leveling with High Gloss, UV & Heat Resistant, Clear Resin Set for Jewelry Making, Ar","1","amazon.com","Amazon","KINGMAN","ARIZONA","86401","MarketplaceFacilitator","25.99","2.11","0","0","0","0","0","0","0","0","-2.11","-3.90","-6.21","0","0","15.88"
"Mar 12, 2025 9:41:39 AM PDT","23186647461","Order","114-2411676-8353818","JH-Echo Show Stand-01","Swivel and Tilt Stand for Echo Show 15, Vesa Monitor Stand, 360 Degree Screen Rotation, Viewing Angle Adjustable, Foldable Monitor Stand, Supports Swi","1","amazon.com","Amazon","SYOSSET","NY","11791","MarketplaceFacilitator","24.69","2.13","0","0","0","0","0","0","0","0","-2.13","-3.70","-5.37","0","0","15.62"
"Mar 12, 2025 4:50:31 PM PDT","23186647461","Order","112-8369249-8018603","NX-22LX-ZGH5","Epoxy Resin 1 Gallon, Crystal Clear Epoxy Resin Kit Non-Toxic Heat Resistant No Bubble Self Leveling, 64OZ Resin and 64OZ Hardener Kit for DIY Art, Je","1","amazon.com","Amazon","NOKOMIS","FL","34275","MarketplaceFacilitator","48.99","3.43","0","0","0","0","0","0","0","0","-3.43","-7.35","-9.24","0","0","32.40"
"Mar 12, 2025 8:26:43 PM PDT","23186647461","Order","111-1869012-2517828","88-29H4-FMWO","Epoxy Resin 32 oz, Crystal Clear Epoxy Resin Non Yellowing, Self Leveling with High Gloss, UV & Heat Resistant, Clear Resin Set for Jewelry Making, Ar","1","amazon.com","Amazon","LEBANON","TN","37087","MarketplaceFacilitator","25.99","2.53","6.99","0.68","0","0","0","0","0","0","-3.21","-3.90","-13.20","0","0","15.88"
"Mar 12, 2025 11:02:29 PM PDT","23186647461","Order","112-7168624-8679463","88-29H4-FMWO","Epoxy Resin 32 oz, Crystal Clear Epoxy Resin Non Yellowing, Self Leveling with High Gloss, UV & Heat Resistant, Clear Resin Set for Jewelry Making, Ar","1","amazon.com","Amazon","PIFFARD","NY","14533","MarketplaceFacilitator","25.99","1.87","0","0","0","0","0","0","-2.60","0","-1.87","-3.51","-6.21","0","0","13.67"
"Mar 12, 2025 11:16:06 PM PDT","23186647461","Order","S01-0119632-4277266","NX-22LX-ZGH5","Epoxy Resin 1 Gallon, Crystal Clear Epoxy Resin Kit Non-Toxic Heat Resistant No Bubble Self Leveling, 64OZ Resin and 64OZ Hardener Kit for DIY Art, Jewelry, Molds, Resin Art, Countertops, 1:1 Ratio","1","sim1.stores.amazon.com","Amazon","FALLON","NV","89406","","0","0","0","0","0","0","0","0","0","0","0","0","-16.78","0","0","-16.78"
"Mar 12, 2025 11:16:56 PM PDT","23186647461","Order","S01-9116667-1982862","NX-22LX-ZGH5","Epoxy Resin 1 Gallon, Crystal Clear Epoxy Resin Kit Non-Toxic Heat Resistant No Bubble Self Leveling, 64OZ Resin and 64OZ Hardener Kit for DIY Art, Jewelry, Molds, Resin Art, Countertops, 1:1 Ratio","1","sim1.stores.amazon.com","Amazon","FREMONT","CA","94536","","0","0","0","0","0","0","0","0","0","0","0","0","-16.78","0","0","-16.78"
"Mar 13, 2025 2:36:01 AM PDT","23186647461","Order","S01-2581186-9434054","NX-22LX-ZGH5","Epoxy Resin 1 Gallon, Crystal Clear Epoxy Resin Kit Non-Toxic Heat Resistant No Bubble Self Leveling, 64OZ Resin and 64OZ Hardener Kit for DIY Art, Jewelry, Molds, Resin Art, Countertops, 1:1 Ratio","1","sim1.stores.amazon.com","Amazon","FAIRDALE","KY","40118","","0","0","0","0","0","0","0","0","0","0","0","0","-16.78","0","0","-16.78"
"Mar 13, 2025 3:14:55 AM PDT","23186647461","Order","S01-9649670-6438829","NX-22LX-ZGH5","Epoxy Resin 1 Gallon, Crystal Clear Epoxy Resin Kit Non-Toxic Heat Resistant No Bubble Self Leveling, 64OZ Resin and 64OZ Hardener Kit for DIY Art, Jewelry, Molds, Resin Art, Countertops, 1:1 Ratio","1","sim1.stores.amazon.com","Amazon","MINERAL WELLS","TX","76067","","0","0","0","0","0","0","0","0","0","0","0","0","-16.78","0","0","-16.78"
"Mar 13, 2025 6:21:11 AM PDT","23186647461","Transfer","","","To your account ending in: 978, Bank Transfer ID: 4GWRTH24PFB9PSQ","","","","","","","","0","0","0","0","0","0","0","0","0","0","0","0","0","0","-275.92","-275.92"
"Mar 13, 2025 8:23:15 AM PDT","23186647461","Order","S01-0405597-9680408","NX-22LX-ZGH5","Epoxy Resin 1 Gallon, Crystal Clear Epoxy Resin Kit Non-Toxic Heat Resistant No Bubble Self Leveling, 64OZ Resin and 64OZ Hardener Kit for DIY Art, Jewelry, Molds, Resin Art, Countertops, 1:1 Ratio","1","sim1.stores.amazon.com","Amazon","BLOOMFIELD","NY","14469","","0","0","0","0","0","0","0","0","0","0","0","0","-16.78","0","0","-16.78"
"Mar 13, 2025 8:51:56 AM PDT","23186647461","Order","S01-5947560-8410037","NX-22LX-ZGH5","Epoxy Resin 1 Gallon, Crystal Clear Epoxy Resin Kit Non-Toxic Heat Resistant No Bubble Self Leveling, 64OZ Resin and 64OZ Hardener Kit for DIY Art, Jewelry, Molds, Resin Art, Countertops, 1:1 Ratio","1","sim1.stores.amazon.com","Amazon","TAFTVILLE","CT","06380","","0","0","0","0","0","0","0","0","0","0","0","0","-16.78","0","0","-16.78"
"Mar 13, 2025 8:53:07 AM PDT","23186647461","Order","S01-9236975-4829226","NX-22LX-ZGH5","Epoxy Resin 1 Gallon, Crystal Clear Epoxy Resin Kit Non-Toxic Heat Resistant No Bubble Self Leveling, 64OZ Resin and 64OZ Hardener Kit for DIY Art, Jewelry, Molds, Resin Art, Countertops, 1:1 Ratio","1","sim1.stores.amazon.com","Amazon","INDIANAPOLIS","IN","46214","","0","0","0","0","0","0","0","0","0","0","0","0","-16.78","0","0","-16.78"
"Mar 13, 2025 11:19:26 AM PDT","23186647461","Order","S01-6702638-4544412","NX-22LX-ZGH5","Epoxy Resin 1 Gallon, Crystal Clear Epoxy Resin Kit Non-Toxic Heat Resistant No Bubble Self Leveling, 64OZ Resin and 64OZ Hardener Kit for DIY Art, Jewelry, Molds, Resin Art, Countertops, 1:1 Ratio","1","sim1.stores.amazon.com","Amazon","LELAND","NC","28451","","0","0","0","0","0","0","0","0","0","0","0","0","-16.78","0","0","-16.78"
"Mar 13, 2025 11:21:22 AM PDT","23186647461","Order","S01-0519913-2826045","NX-22LX-ZGH5","Epoxy Resin 1 Gallon, Crystal Clear Epoxy Resin Kit Non-Toxic Heat Resistant No Bubble Self Leveling, 64OZ Resin and 64OZ Hardener Kit for DIY Art, Jewelry, Molds, Resin Art, Countertops, 1:1 Ratio","1","sim1.stores.amazon.com","Amazon","EL DORADO","AR","71730","","0","0","0","0","0","0","0","0","0","0","0","0","-16.78","0","0","-16.78"
"Mar 13, 2025 11:21:42 AM PDT","23186647461","Order","S01-1304849-4754066","NX-22LX-ZGH5","Epoxy Resin 1 Gallon, Crystal Clear Epoxy Resin Kit Non-Toxic Heat Resistant No Bubble Self Leveling, 64OZ Resin and 64OZ Hardener Kit for DIY Art, Jewelry, Molds, Resin Art, Countertops, 1:1 Ratio","1","sim1.stores.amazon.com","Amazon","LILLINGTON","NC","27546","","0","0","0","0","0","0","0","0","0","0","0","0","-16.78","0","0","-16.78"
"Mar 13, 2025 11:22:53 AM PDT","23186647461","Order","S01-4337904-6491668","NX-22LX-ZGH5","Epoxy Resin 1 Gallon, Crystal Clear Epoxy Resin Kit Non-Toxic Heat Resistant No Bubble Self Leveling, 64OZ Resin and 64OZ Hardener Kit for DIY Art, Jewelry, Molds, Resin Art, Countertops, 1:1 Ratio","1","sim1.stores.amazon.com","Amazon","CRESCENT CITY","CA","95531","","0","0","0","0","0","0","0","0","0","0","0","0","-16.78","0","0","-16.78"
"Mar 13, 2025 11:54:44 AM PDT","23186647461","Order","S01-5036885-8705253","NX-22LX-ZGH5","Epoxy Resin 1 Gallon, Crystal Clear Epoxy Resin Kit Non-Toxic Heat Resistant No Bubble Self Leveling, 64OZ Resin and 64OZ Hardener Kit for DIY Art, Jewelry, Molds, Resin Art, Countertops, 1:1 Ratio","1","sim1.stores.amazon.com","Amazon","FARMINGTON","MN","55024","","0","0","0","0","0","0","0","0","0","0","0","0","-16.78","0","0","-16.78"
"Mar 13, 2025 12:59:18 PM PDT","23186647461","Order","S01-5380982-9663665","NX-22LX-ZGH5","Epoxy Resin 1 Gallon, Crystal Clear Epoxy Resin Kit Non-Toxic Heat Resistant No Bubble Self Leveling, 64OZ Resin and 64OZ Hardener Kit for DIY Art, Jewelry, Molds, Resin Art, Countertops, 1:1 Ratio","1","sim1.stores.amazon.com","Amazon","HARTINGTON","NE","68739","","0","0","0","0","0","0","0","0","0","0","0","0","-16.78","0","0","-16.78"
"Mar 13, 2025 1:46:58 PM PDT","23186647461","Order","111-2523436-7872202","NX-22LX-ZGH5","Epoxy Resin 1 Gallon, Crystal Clear Epoxy Resin Kit Non-Toxic Heat Resistant No Bubble Self Leveling, 64OZ Resin and 64OZ Hardener Kit for DIY Art, Je","1","amazon.com","Amazon","CHEBOYGAN","MI","49721","MarketplaceFacilitator","48.99","2.94","0","0","0","0","0","0","0","0","-2.94","-7.35","-9.24","0","0","32.40"
"Mar 13, 2025 6:11:44 PM PDT","23186647461","Order","112-5184307-3158632","NX-22LX-ZGH5","Epoxy Resin 1 Gallon, Crystal Clear Epoxy Resin Kit Non-Toxic Heat Resistant No Bubble Self Leveling, 64OZ Resin and 64OZ Hardener Kit for DIY Art, Je","1","amazon.com","Amazon","NEWARK","NJ","07103","MarketplaceFacilitator","48.99","3.25","0","0","0","0","0","0","0","0","-3.25","-7.35","-9.24","0","0","32.40"
"Mar 13, 2025 10:20:11 PM PDT","23221644871","Order","S01-4630448-0616402","NX-22LX-ZGH5","Epoxy Resin 1 Gallon, Crystal Clear Epoxy Resin Kit Non-Toxic Heat Resistant No Bubble Self Leveling, 64OZ Resin and 64OZ Hardener Kit for DIY Art, Jewelry, Molds, Resin Art, Countertops, 1:1 Ratio","1","sim1.stores.amazon.com","Amazon","EL SOBRANTE","CA","94803","","0","0","0","0","0","0","0","0","0","0","0","0","-16.78","0","0","-16.78"
"Mar 13, 2025 10:22:22 PM PDT","23221644871","Order","S01-3090259-4482868","NX-22LX-ZGH5","Epoxy Resin 1 Gallon, Crystal Clear Epoxy Resin Kit Non-Toxic Heat Resistant No Bubble Self Leveling, 64OZ Resin and 64OZ Hardener Kit for DIY Art, Jewelry, Molds, Resin Art, Countertops, 1:1 Ratio","1","sim1.stores.amazon.com","Amazon","MODESTO","CA","95350","","0","0","0","0","0","0","0","0","0","0","0","0","-16.78","0","0","-16.78"
"Mar 13, 2025 11:00:38 PM PDT","23221644871","Order","S01-2849524-0319664","NX-22LX-ZGH5","Epoxy Resin 1 Gallon, Crystal Clear Epoxy Resin Kit Non-Toxic Heat Resistant No Bubble Self Leveling, 64OZ Resin and 64OZ Hardener Kit for DIY Art, Jewelry, Molds, Resin Art, Countertops, 1:1 Ratio","1","sim1.stores.amazon.com","Amazon","SAPULPA","OK","74066","","0","0","0","0","0","0","0","0","0","0","0","0","-16.78","0","0","-16.78"
"Mar 14, 2025 12:28:37 AM PDT","23221644871","Order","111-3909430-2497826","66-5G3T-ZOEC","JINH Epoxy Resin 2 Gallon, Upgraded Crystal Clear Epoxy Kit UV Resistant No Bubble Self Leveling, 1 Gallon Resin and 1 Gallon Hardener Kit for DIY Art","1","amazon.com","Amazon","SEGUIN","TX","78155","MarketplaceFacilitator","87.99","7.26","0","0","0","0","0","0","0","0","-7.26","-13.20","-12.20","0","0","62.59"
"Mar 14, 2025 1:44:51 AM PDT","23221644871","Order","S01-0907086-2120438","NX-22LX-ZGH5","Epoxy Resin 1 Gallon, Crystal Clear Epoxy Resin Kit Non-Toxic Heat Resistant No Bubble Self Leveling, 64OZ Resin and 64OZ Hardener Kit for DIY Art, Jewelry, Molds, Resin Art, Countertops, 1:1 Ratio","1","sim1.stores.amazon.com","Amazon","DAVENPORT","FL","33837","","0","0","0","0","0","0","0","0","0","0","0","0","-16.78","0","0","-16.78"
"Mar 14, 2025 2:33:57 AM PDT","23221644871","Order","S01-7970968-9522045","NX-22LX-ZGH5","Epoxy Resin 1 Gallon, Crystal Clear Epoxy Resin Kit Non-Toxic Heat Resistant No Bubble Self Leveling, 64OZ Resin and 64OZ Hardener Kit for DIY Art, Jewelry, Molds, Resin Art, Countertops, 1:1 Ratio","1","sim1.stores.amazon.com","Amazon","RIO RICO","AZ","85648","","0","0","0","0","0","0","0","0","0","0","0","0","-16.78","0","0","-16.78"
"Mar 14, 2025 3:17:32 AM PDT","23221644871","Order","S01-4026678-2682835","NX-22LX-ZGH5","Epoxy Resin 1 Gallon, Crystal Clear Epoxy Resin Kit Non-Toxic Heat Resistant No Bubble Self Leveling, 64OZ Resin and 64OZ Hardener Kit for DIY Art, Jewelry, Molds, Resin Art, Countertops, 1:1 Ratio","1","sim1.stores.amazon.com","Amazon","NEWFIELD","NJ","08344","","0","0","0","0","0","0","0","0","0","0","0","0","-16.78","0","0","-16.78"
"Mar 14, 2025 3:21:56 AM PDT","23221644871","Order","S01-1219754-3057253","NX-22LX-ZGH5","Epoxy Resin 1 Gallon, Crystal Clear Epoxy Resin Kit Non-Toxic Heat Resistant No Bubble Self Leveling, 64OZ Resin and 64OZ Hardener Kit for DIY Art, Jewelry, Molds, Resin Art, Countertops, 1:1 Ratio","1","sim1.stores.amazon.com","Amazon","WHITING","NJ","08759","","0","0","0","0","0","0","0","0","0","0","0","0","-16.78","0","0","-16.78"
"Mar 14, 2025 4:14:04 AM PDT","23221644871","Order","S01-4056538-0338827","NX-22LX-ZGH5","Epoxy Resin 1 Gallon, Crystal Clear Epoxy Resin Kit Non-Toxic Heat Resistant No Bubble Self Leveling, 64OZ Resin and 64OZ Hardener Kit for DIY Art, Jewelry, Molds, Resin Art, Countertops, 1:1 Ratio","1","sim1.stores.amazon.com","Amazon","CLINTON TOWNSHIP","MI","48036","","0","0","0","0","0","0","0","0","0","0","0","0","-16.78","0","0","-16.78"
"Mar 14, 2025 6:04:13 AM PDT","23221644871","Order","S01-0289908-0494872","NX-22LX-ZGH5","Epoxy Resin 1 Gallon, Crystal Clear Epoxy Resin Kit Non-Toxic Heat Resistant No Bubble Self Leveling, 64OZ Resin and 64OZ Hardener Kit for DIY Art, Jewelry, Molds, Resin Art, Countertops, 1:1 Ratio","1","sim1.stores.amazon.com","Amazon","WILDWOOD","NJ","08260","","0","0","0","0","0","0","0","0","0","0","0","0","-16.78","0","0","-16.78"
"Mar 14, 2025 7:01:22 AM PDT","23221644871","Order","S01-9794872-8291661","NX-22LX-ZGH5","Epoxy Resin 1 Gallon, Crystal Clear Epoxy Resin Kit Non-Toxic Heat Resistant No Bubble Self Leveling, 64OZ Resin and 64OZ Hardener Kit for DIY Art, Jewelry, Molds, Resin Art, Countertops, 1:1 Ratio","1","sim1.stores.amazon.com","Amazon","SAN ANTONIO","TX","78253","","0","0","0","0","0","0","0","0","0","0","0","0","-16.78","0","0","-16.78"
"Mar 14, 2025 8:27:01 AM PDT","23221644871","Order","S01-2702331-7649231","NX-22LX-ZGH5","Epoxy Resin 1 Gallon, Crystal Clear Epoxy Resin Kit Non-Toxic Heat Resistant No Bubble Self Leveling, 64OZ Resin and 64OZ Hardener Kit for DIY Art, Jewelry, Molds, Resin Art, Countertops, 1:1 Ratio","1","sim1.stores.amazon.com","Amazon","SHAKOPEE","MN","55379","","0","0","0","0","0","0","0","0","0","0","0","0","-16.78","0","0","-16.78"
"Mar 14, 2025 8:46:04 AM PDT","23221644871","Order","S01-7329584-2677242","NX-22LX-ZGH5","Epoxy Resin 1 Gallon, Crystal Clear Epoxy Resin Kit Non-Toxic Heat Resistant No Bubble Self Leveling, 64OZ Resin and 64OZ Hardener Kit for DIY Art, Jewelry, Molds, Resin Art, Countertops, 1:1 Ratio","1","sim1.stores.amazon.com","Amazon","VALLEY COTTAGE","NY","10989","","0","0","0","0","0","0","0","0","0","0","0","0","-16.78","0","0","-16.78"
"Mar 14, 2025 11:18:21 AM PDT","23221644871","Order","S01-5443557-9318855","NX-22LX-ZGH5","Epoxy Resin 1 Gallon, Crystal Clear Epoxy Resin Kit Non-Toxic Heat Resistant No Bubble Self Leveling, 64OZ Resin and 64OZ Hardener Kit for DIY Art, Jewelry, Molds, Resin Art, Countertops, 1:1 Ratio","1","sim1.stores.amazon.com","Amazon","TOWNLEY","AL","35587","","0","0","0","0","0","0","0","0","0","0","0","0","-16.78","0","0","-16.78"
"Mar 14, 2025 12:13:32 PM PDT","23221644871","Order","S01-9626842-2620434","NX-22LX-ZGH5","Epoxy Resin 1 Gallon, Crystal Clear Epoxy Resin Kit Non-Toxic Heat Resistant No Bubble Self Leveling, 64OZ Resin and 64OZ Hardener Kit for DIY Art, Jewelry, Molds, Resin Art, Countertops, 1:1 Ratio","1","sim1.stores.amazon.com","Amazon","MILLS","WY","82644","","0","0","0","0","0","0","0","0","0","0","0","0","-16.78","0","0","-16.78"
"Mar 14, 2025 1:50:05 PM PDT","23221644871","Order","S01-7418557-1488413","NX-22LX-ZGH5","Epoxy Resin 1 Gallon, Crystal Clear Epoxy Resin Kit Non-Toxic Heat Resistant No Bubble Self Leveling, 64OZ Resin and 64OZ Hardener Kit for DIY Art, Jewelry, Molds, Resin Art, Countertops, 1:1 Ratio","1","sim1.stores.amazon.com","Amazon","HARDEEVILLE","SC","29927","","0","0","0","0","0","0","0","0","0","0","0","0","-12.89","0","0","-12.89"
"Mar 14, 2025 1:50:05 PM PDT","23221644871","Order","S01-7418557-1488413","NX-22LX-ZGH5","Epoxy Resin 1 Gallon, Crystal Clear Epoxy Resin Kit Non-Toxic Heat Resistant No Bubble Self Leveling, 64OZ Resin and 64OZ Hardener Kit for DIY Art, Jewelry, Molds, Resin Art, Countertops, 1:1 Ratio","1","sim1.stores.amazon.com","Amazon","HARDEEVILLE","SC","29927","","0","0","0","0","0","0","0","0","0","0","0","0","-12.89","0","0","-12.89"
"Mar 14, 2025 2:47:15 PM PDT","23221644871","Order","S01-8055950-4387641","NX-22LX-ZGH5","Epoxy Resin 1 Gallon, Crystal Clear Epoxy Resin Kit Non-Toxic Heat Resistant No Bubble Self Leveling, 64OZ Resin and 64OZ Hardener Kit for DIY Art, Jewelry, Molds, Resin Art, Countertops, 1:1 Ratio","1","sim1.stores.amazon.com","Amazon","WEIRTON","WV","26062","","0","0","0","0","0","0","0","0","0","0","0","0","-16.78","0","0","-16.78"
"Mar 14, 2025 4:17:53 PM PDT","23221644871","Order","S01-6224782-5476407","NX-22LX-ZGH5","Epoxy Resin 1 Gallon, Crystal Clear Epoxy Resin Kit Non-Toxic Heat Resistant No Bubble Self Leveling, 64OZ Resin and 64OZ Hardener Kit for DIY Art, Jewelry, Molds, Resin Art, Countertops, 1:1 Ratio","1","sim1.stores.amazon.com","Amazon","BLOOMFIELD","CT","06002","","0","0","0","0","0","0","0","0","0","0","0","0","-16.78","0","0","-16.78"
"Mar 14, 2025 4:29:59 PM PDT","23221644871","Order","113-2501604-2317026","88-29H4-FMWO","Epoxy Resin 32 oz, Crystal Clear Epoxy Resin Non Yellowing, Self Leveling with High Gloss, UV & Heat Resistant, Clear Resin Set for Jewelry Making, Ar","1","amazon.com","Amazon","STATEN ISLAND","NY","10314","MarketplaceFacilitator","25.99","2.31","0","0","0","0","0","0","0","0","-2.31","-3.90","-6.21","0","0","15.88"
"Mar 14, 2025 5:54:39 PM PDT","23221644871","Order","S01-4738370-5804457","NX-22LX-ZGH5","Epoxy Resin 1 Gallon, Crystal Clear Epoxy Resin Kit Non-Toxic Heat Resistant No Bubble Self Leveling, 64OZ Resin and 64OZ Hardener Kit for DIY Art, Jewelry, Molds, Resin Art, Countertops, 1:1 Ratio","1","sim1.stores.amazon.com","Amazon","KILLEEN","TX","76541","","0","0","0","0","0","0","0","0","0","0","0","0","-16.78","0","0","-16.78"
"Mar 14, 2025 5:56:29 PM PDT","23221644871","Order","S01-8261513-9982849","NX-22LX-ZGH5","Epoxy Resin 1 Gallon, Crystal Clear Epoxy Resin Kit Non-Toxic Heat Resistant No Bubble Self Leveling, 64OZ Resin and 64OZ Hardener Kit for DIY Art, Jewelry, Molds, Resin Art, Countertops, 1:1 Ratio","1","sim1.stores.amazon.com","Amazon","LYTLE","TX","78052","","0","0","0","0","0","0","0","0","0","0","0","0","-16.78","0","0","-16.78"
"Mar 14, 2025 11:05:10 PM PDT","23221644871","Order","S01-4514495-5024442","NX-22LX-ZGH5","Epoxy Resin 1 Gallon, Crystal Clear Epoxy Resin Kit Non-Toxic Heat Resistant No Bubble Self Leveling, 64OZ Resin and 64OZ Hardener Kit for DIY Art, Jewelry, Molds, Resin Art, Countertops, 1:1 Ratio","1","sim1.stores.amazon.com","Amazon","HOFFMAN ESTATES","IL","60169","","0","0","0","0","0","0","0","0","0","0","0","0","-16.78","0","0","-16.78"
"Mar 14, 2025 11:05:26 PM PDT","23221644871","Order","S01-0002916-8435668","NX-22LX-ZGH5","Epoxy Resin 1 Gallon, Crystal Clear Epoxy Resin Kit Non-Toxic Heat Resistant No Bubble Self Leveling, 64OZ Resin and 64OZ Hardener Kit for DIY Art, Jewelry, Molds, Resin Art, Countertops, 1:1 Ratio","1","sim1.stores.amazon.com","Amazon","MOUNTAIN HOME","ID","83647","","0","0","0","0","0","0","0","0","0","0","0","0","-16.78","0","0","-16.78"
"Mar 14, 2025 11:31:06 PM PDT","23221644871","Order","114-1835832-5565016","NX-22LX-ZGH5","Epoxy Resin 1 Gallon, Crystal Clear Epoxy Resin Kit Non-Toxic Heat Resistant No Bubble Self Leveling, 64OZ Resin and 64OZ Hardener Kit for DIY Art, Je","1","amazon.com","Amazon","WAYLAND","MI","49348","MarketplaceFacilitator","48.99","2.94","2.99","0","0","0","0","0","-2.99","0","-2.94","-7.35","-9.24","0","0","32.40"
"Mar 14, 2025 11:59:47 PM PDT","23221644871","Order","114-5607202-3889810","88-29H4-FMWO","Epoxy Resin 32 oz, Crystal Clear Epoxy Resin Non Yellowing, Self Leveling with High Gloss, UV & Heat Resistant, Clear Resin Set for Jewelry Making, Ar","1","amazon.com","Amazon","PORT TOWNSEND","WA","98368","MarketplaceFacilitator","25.99","2.37","0","0","0","0","0","0","0","0","-2.37","-3.90","-6.21","0","0","15.88"
"Mar 15, 2025 2:12:57 AM PDT","23221644871","Order","S01-3669973-5890000","NX-22LX-ZGH5","Epoxy Resin 1 Gallon, Crystal Clear Epoxy Resin Kit Non-Toxic Heat Resistant No Bubble Self Leveling, 64OZ Resin and 64OZ Hardener Kit for DIY Art, Jewelry, Molds, Resin Art, Countertops, 1:1 Ratio","1","sim1.stores.amazon.com","Amazon","CINCINNATI","OH","45219","","0","0","0","0","0","0","0","0","0","0","0","0","-16.78","0","0","-16.78"
"Mar 15, 2025 3:17:08 AM PDT","23221644871","Order","S01-1592886-3745206","NX-22LX-ZGH5","Epoxy Resin 1 Gallon, Crystal Clear Epoxy Resin Kit Non-Toxic Heat Resistant No Bubble Self Leveling, 64OZ Resin and 64OZ Hardener Kit for DIY Art, Jewelry, Molds, Resin Art, Countertops, 1:1 Ratio","1","sim1.stores.amazon.com","Amazon","PULLMAN","WA","99163","","0","0","0","0","0","0","0","0","0","0","0","0","-16.78","0","0","-16.78"
"Mar 15, 2025 3:22:57 AM PDT","23221644871","Order","S01-1776249-2272455","NX-22LX-ZGH5","Epoxy Resin 1 Gallon, Crystal Clear Epoxy Resin Kit Non-Toxic Heat Resistant No Bubble Self Leveling, 64OZ Resin and 64OZ Hardener Kit for DIY Art, Jewelry, Molds, Resin Art, Countertops, 1:1 Ratio","1","sim1.stores.amazon.com","Amazon","MC LEANSBORO","IL","62859","","0","0","0","0","0","0","0","0","0","0","0","0","-16.78","0","0","-16.78"
"Mar 15, 2025 3:32:18 AM PDT","23221644871","Order","113-2970249-3980211","66-5G3T-ZOEC","JINH Epoxy Resin 2 Gallon, Upgraded Crystal Clear Epoxy Kit UV Resistant No Bubble Self Leveling, 1 Gallon Resin and 1 Gallon Hardener Kit for DIY Art","1","amazon.com","Amazon","Hilo","HI","96720","MarketplaceFacilitator","77.27","3.64","0","0","0","0","0","0","0","0","-3.64","-11.59","-12.20","0","0","53.48"
"Mar 15, 2025 3:51:42 AM PDT","23221644871","Order","113-2970249-3980211","66-5G3T-ZOEC","JINH Epoxy Resin 2 Gallon, Upgraded Crystal Clear Epoxy Kit UV Resistant No Bubble Self Leveling, 1 Gallon Resin and 1 Gallon Hardener Kit for DIY Art","1","amazon.com","Amazon","Hilo","HI","96720","MarketplaceFacilitator","77.27","3.64","0","0","0","0","0","0","0","0","-3.64","-11.59","-12.20","0","0","53.48"
"Mar 15, 2025 3:52:06 AM PDT","23221644871","Order","113-2970249-3980211","66-5G3T-ZOEC","JINH Epoxy Resin 2 Gallon, Upgraded Crystal Clear Epoxy Kit UV Resistant No Bubble Self Leveling, 1 Gallon Resin and 1 Gallon Hardener Kit for DIY Art","1","amazon.com","Amazon","Hilo","HI","96720","MarketplaceFacilitator","77.27","3.64","0","0","0","0","0","0","0","0","-3.64","-11.59","-12.20","0","0","53.48"
"Mar 15, 2025 3:53:00 AM PDT","23221644871","Order","113-2970249-3980211","66-5G3T-ZOEC","JINH Epoxy Resin 2 Gallon, Upgraded Crystal Clear Epoxy Kit UV Resistant No Bubble Self Leveling, 1 Gallon Resin and 1 Gallon Hardener Kit for DIY Art","1","amazon.com","Amazon","Hilo","HI","96720","MarketplaceFacilitator","77.27","3.64","0","0","0","0","0","0","0","0","-3.64","-11.59","-12.20","0","0","53.48"
"Mar 15, 2025 3:54:02 AM PDT","23221644871","Order","113-2970249-3980211","66-5G3T-ZOEC","JINH Epoxy Resin 2 Gallon, Upgraded Crystal Clear Epoxy Kit UV Resistant No Bubble Self Leveling, 1 Gallon Resin and 1 Gallon Hardener Kit for DIY Art","1","amazon.com","Amazon","Hilo","HI","96720","MarketplaceFacilitator","77.27","3.64","0","0","0","0","0","0","0","0","-3.64","-11.59","-12.20","0","0","53.48"
"Mar 15, 2025 3:54:12 AM PDT","23221644871","Order","113-2970249-3980211","66-5G3T-ZOEC","JINH Epoxy Resin 2 Gallon, Upgraded Crystal Clear Epoxy Kit UV Resistant No Bubble Self Leveling, 1 Gallon Resin and 1 Gallon Hardener Kit for DIY Art","1","amazon.com","Amazon","Hilo","HI","96720","MarketplaceFacilitator","77.27","3.64","0","0","0","0","0","0","0","0","-3.64","-11.59","-12.20","0","0","53.48"
"Mar 15, 2025 10:43:57 AM PDT","23221644871","Liquidations","18864843076551","B094159D33","Epoxy Resin 32 oz, Crystal Clear Epoxy Resin Non Yellowing, Self Leveling with High Gloss, UV & Heat Resistant, Clear Resin Set for Jewelry Making, Art, Craft, River Tables, Beginner Friendly","1","","","","","","","1.91","0","0","0","0","0","0","0","0","0","0","0","0","-0.89","0","1.02"
"Mar 15, 2025 5:43:41 PM PDT","23221644871","Order","S01-8841928-2010040","NX-22LX-ZGH5","Epoxy Resin 1 Gallon, Crystal Clear Epoxy Resin Kit Non-Toxic Heat Resistant No Bubble Self Leveling, 64OZ Resin and 64OZ Hardener Kit for DIY Art, Jewelry, Molds, Resin Art, Countertops, 1:1 Ratio","1","sim1.stores.amazon.com","Amazon","DE SOTO","MO","63020","","0","0","0","0","0","0","0","0","0","0","0","0","-16.78","0","0","-16.78"
"Mar 15, 2025 11:10:32 PM PDT","23221644871","Order","S01-0603984-1059650","NX-22LX-ZGH5","Epoxy Resin 1 Gallon, Crystal Clear Epoxy Resin Kit Non-Toxic Heat Resistant No Bubble Self Leveling, 64OZ Resin and 64OZ Hardener Kit for DIY Art, Jewelry, Molds, Resin Art, Countertops, 1:1 Ratio","1","sim1.stores.amazon.com","Amazon","MARKED TREE","AR","72365","","0","0","0","0","0","0","0","0","0","0","0","0","-16.78","0","0","-16.78"
"Mar 16, 2025 7:25:55 AM PDT","23221644871","Order","S01-6602412-3428443","NX-22LX-ZGH5","Epoxy Resin 1 Gallon, Crystal Clear Epoxy Resin Kit Non-Toxic Heat Resistant No Bubble Self Leveling, 64OZ Resin and 64OZ Hardener Kit for DIY Art, Jewelry, Molds, Resin Art, Countertops, 1:1 Ratio","1","sim1.stores.amazon.com","Amazon","NORTH HAVERHILL","NH","03774","","0","0","0","0","0","0","0","0","0","0","0","0","-16.78","0","0","-16.78"
"Mar 16, 2025 7:26:50 AM PDT","23221644871","Order","S01-3640578-5278854","NX-22LX-ZGH5","Epoxy Resin 1 Gallon, Crystal Clear Epoxy Resin Kit Non-Toxic Heat Resistant No Bubble Self Leveling, 64OZ Resin and 64OZ Hardener Kit for DIY Art, Jewelry, Molds, Resin Art, Countertops, 1:1 Ratio","1","sim1.stores.amazon.com","Amazon","BROOKLYN","NY","11229","","0","0","0","0","0","0","0","0","0","0","0","0","-16.78","0","0","-16.78"
"Mar 16, 2025 8:19:41 AM PDT","23221644871","Order","S01-5069763-1548419","NX-22LX-ZGH5","Epoxy Resin 1 Gallon, Crystal Clear Epoxy Resin Kit Non-Toxic Heat Resistant No Bubble Self Leveling, 64OZ Resin and 64OZ Hardener Kit for DIY Art, Jewelry, Molds, Resin Art, Countertops, 1:1 Ratio","1","sim1.stores.amazon.com","Amazon","CORBIN","KY","40701","","0","0","0","0","0","0","0","0","0","0","0","0","-16.78","0","0","-16.78"
"Mar 16, 2025 1:20:00 PM PDT","23221644871","Order","114-7875353-8353856","88-29H4-FMWO","Epoxy Resin 32 oz, Crystal Clear Epoxy Resin Non Yellowing, Self Leveling with High Gloss, UV & Heat Resistant, Clear Resin Set for Jewelry Making, Ar","1","amazon.com","Amazon","BROOKHAVEN","PA","19015","MarketplaceFacilitator","25.99","1.40","0","0","0","0","0","0","-2.60","0","-1.40","-3.51","-6.21","0","0","13.67"
"Mar 16, 2025 4:06:10 PM PDT","23221644871","Service Fee","","","Cost of Advertising","","","","","","","","0","0","0","0","0","0","0","0","0","0","0","0","0","-501.02","0","-501.02"
"Mar 16, 2025 5:29:37 PM PDT","23221644871","Order","113-1154473-8926609","NX-22LX-ZGH5","Epoxy Resin 1 Gallon, Crystal Clear Epoxy Resin Kit Non-Toxic Heat Resistant No Bubble Self Leveling, 64OZ Resin and 64OZ Hardener Kit for DIY Art, Je","1","amazon.com","Amazon","YPSILANTI","MICHIGAN","48197","MarketplaceFacilitator","48.99","2.94","0","0","0","0","0","0","0","0","-2.94","-7.35","-9.24","0","0","32.40"
"Mar 16, 2025 8:06:22 PM PDT","23221644871","Order","111-4152157-3465011","66-5G3T-ZOEC","JINH Epoxy Resin 2 Gallon, Upgraded Crystal Clear Epoxy Kit UV Resistant No Bubble Self Leveling, 1 Gallon Resin and 1 Gallon Hardener Kit for DIY Art","1","amazon.com","Amazon","LEAGUE CITY","TX","77573","MarketplaceFacilitator","87.99","7.26","0","0","0","0","0","0","0","0","-7.26","-13.20","-12.20","0","0","62.59"
"Mar 17, 2025 6:01:41 AM PDT","23221644871","Transfer","","","To your account ending in: 978, Bank Transfer ID: 3TMUIUW3CXSS8IH","","","","","","","","0","0","0","0","0","0","0","0","0","0","0","0","0","0","-42.59","-42.59"
"Mar 17, 2025 8:03:14 AM PDT","23221644871","Order","111-7983281-8261029","NX-22LX-ZGH5","Epoxy Resin 1 Gallon, Crystal Clear Epoxy Resin Kit Non-Toxic Heat Resistant No Bubble Self Leveling, 64OZ Resin and 64OZ Hardener Kit for DIY Art, Je","1","amazon.com","Amazon","UPPER MARLBORO","MD","20772","MarketplaceFacilitator","48.00","2.88","0","0","0","0","0","0","0","0","-2.88","-7.20","-9.24","0","0","31.56"
"Mar 17, 2025 9:54:14 AM PDT","23221644871","Adjustment","114-9321558-0163428","NX-22LX-ZGH5","FBA Inventory Reimbursement - Customer Return","1","","","","","","","0","0","0","0","0","0","0","0","0","0","0","0","0","0","33.25","33.25"
"Mar 17, 2025 11:45:38 AM PDT","23221644871","Order","114-2772894-9757066","NX-22LX-ZGH5","Epoxy Resin 1 Gallon, Crystal Clear Epoxy Resin Kit Non-Toxic Heat Resistant No Bubble Self Leveling, 64OZ Resin and 64OZ Hardener Kit for DIY Art, Je","1","amazon.com","Amazon","FALMOUTH","MI","49632","MarketplaceFacilitator","48.99","2.94","0","0","0","0","0","0","0","0","-2.94","-7.35","-9.24","0","0","32.40"
"Mar 17, 2025 1:40:32 PM PDT","23221644871","Order","S01-3271685-7237216","NX-22LX-ZGH5","Epoxy Resin 1 Gallon, Crystal Clear Epoxy Resin Kit Non-Toxic Heat Resistant No Bubble Self Leveling, 64OZ Resin and 64OZ Hardener Kit for DIY Art, Jewelry, Molds, Resin Art, Countertops, 1:1 Ratio","1","sim1.stores.amazon.com","Amazon","PINCONNING","MI","48650","","0","0","0","0","0","0","0","0","0","0","0","0","-16.78","0","0","-16.78"
"Mar 17, 2025 2:23:29 PM PDT","23221644871","Order","S01-8231816-3438005","NX-22LX-ZGH5","Epoxy Resin 1 Gallon, Crystal Clear Epoxy Resin Kit Non-Toxic Heat Resistant No Bubble Self Leveling, 64OZ Resin and 64OZ Hardener Kit for DIY Art, Jewelry, Molds, Resin Art, Countertops, 1:1 Ratio","1","sim1.stores.amazon.com","Amazon","TOPEKA","KS","66618","","0","0","0","0","0","0","0","0","0","0","0","0","-16.78","0","0","-16.78"
"Mar 17, 2025 9:26:42 PM PDT","23221644871","Order","S01-2311718-2798857","NX-22LX-ZGH5","Epoxy Resin 1 Gallon, Crystal Clear Epoxy Resin Kit Non-Toxic Heat Resistant No Bubble Self Leveling, 64OZ Resin and 64OZ Hardener Kit for DIY Art, Jewelry, Molds, Resin Art, Countertops, 1:1 Ratio","1","sim1.stores.amazon.com","Amazon","ZEPHYRHILLS","FL","33541","","0","0","0","0","0","0","0","0","0","0","0","0","-16.78","0","0","-16.78"
"Mar 17, 2025 9:39:36 PM PDT","23221644871","Order","S01-1803238-9459611","NX-22LX-ZGH5","Epoxy Resin 1 Gallon, Crystal Clear Epoxy Resin Kit Non-Toxic Heat Resistant No Bubble Self Leveling, 64OZ Resin and 64OZ Hardener Kit for DIY Art, Jewelry, Molds, Resin Art, Countertops, 1:1 Ratio","1","sim1.stores.amazon.com","Amazon","WILMINGTON","CA","90744","","0","0","0","0","0","0","0","0","0","0","0","0","-16.78","0","0","-16.78"
"Mar 18, 2025 1:54:54 AM PDT","23221644871","Order","114-1828086-8150618","66-5G3T-ZOEC","JINH Epoxy Resin 2 Gallon, Upgraded Crystal Clear Epoxy Kit UV Resistant No Bubble Self Leveling, 1 Gallon Resin and 1 Gallon Hardener Kit for DIY Art","1","amazon.com","Amazon","RICHLAND","WA","99352","MarketplaceFacilitator","87.99","7.66","0","0","0","0","0","0","0","0","-7.66","-13.20","-12.20","0","0","62.59"
"Mar 18, 2025 2:10:31 AM PDT","23221644871","Order","S01-6643413-1563613","NX-22LX-ZGH5","Epoxy Resin 1 Gallon, Crystal Clear Epoxy Resin Kit Non-Toxic Heat Resistant No Bubble Self Leveling, 64OZ Resin and 64OZ Hardener Kit for DIY Art, Jewelry, Molds, Resin Art, Countertops, 1:1 Ratio","1","sim1.stores.amazon.com","Amazon","THORNTON","CO","80241","","0","0","0","0","0","0","0","0","0","0","0","0","-16.78","0","0","-16.78"
"Mar 18, 2025 2:25:14 AM PDT","23221644871","Order","S01-7066312-9190052","NX-22LX-ZGH5","Epoxy Resin 1 Gallon, Crystal Clear Epoxy Resin Kit Non-Toxic Heat Resistant No Bubble Self Leveling, 64OZ Resin and 64OZ Hardener Kit for DIY Art, Jewelry, Molds, Resin Art, Countertops, 1:1 Ratio","1","sim1.stores.amazon.com","Amazon","MANSFIELD","OH","44903","","0","0","0","0","0","0","0","0","0","0","0","0","-16.78","0","0","-16.78"
"Mar 18, 2025 5:47:54 AM PDT","23221644871","Order","S01-2261571-1586846","NX-22LX-ZGH5","Epoxy Resin 1 Gallon, Crystal Clear Epoxy Resin Kit Non-Toxic Heat Resistant No Bubble Self Leveling, 64OZ Resin and 64OZ Hardener Kit for DIY Art, Jewelry, Molds, Resin Art, Countertops, 1:1 Ratio","1","sim1.stores.amazon.com","Amazon","BARTLESVILLE","OK","74006","","0","0","0","0","0","0","0","0","0","0","0","0","-16.78","0","0","-16.78"
"Mar 18, 2025 8:03:45 AM PDT","23221644871","Order","S01-5331799-5966849","NX-22LX-ZGH5","Epoxy Resin 1 Gallon, Crystal Clear Epoxy Resin Kit Non-Toxic Heat Resistant No Bubble Self Leveling, 64OZ Resin and 64OZ Hardener Kit for DIY Art, Jewelry, Molds, Resin Art, Countertops, 1:1 Ratio","1","sim1.stores.amazon.com","Amazon","LANGLOIS","OR","97450","","0","0","0","0","0","0","0","0","0","0","0","0","-16.78","0","0","-16.78"
"Mar 18, 2025 8:42:00 AM PDT","23221644871","Order","S01-3962942-0213213","NX-22LX-ZGH5","Epoxy Resin 1 Gallon, Crystal Clear Epoxy Resin Kit Non-Toxic Heat Resistant No Bubble Self Leveling, 64OZ Resin and 64OZ Hardener Kit for DIY Art, Jewelry, Molds, Resin Art, Countertops, 1:1 Ratio","1","sim1.stores.amazon.com","Amazon","CAPE VINCENT","NY","13618","","0","0","0","0","0","0","0","0","0","0","0","0","-16.78","0","0","-16.78"
"Mar 18, 2025 11:19:34 AM PDT","23221644871","Order","S01-7263316-8134054","NX-22LX-ZGH5","Epoxy Resin 1 Gallon, Crystal Clear Epoxy Resin Kit Non-Toxic Heat Resistant No Bubble Self Leveling, 64OZ Resin and 64OZ Hardener Kit for DIY Art, Jewelry, Molds, Resin Art, Countertops, 1:1 Ratio","1","sim1.stores.amazon.com","Amazon","SCHURZ","NV","89427","","0","0","0","0","0","0","0","0","0","0","0","0","-16.78","0","0","-16.78"
"Mar 18, 2025 1:44:26 PM PDT","23221644871","Refund","113-2501604-2317026","88-29H4-FMWO","Epoxy Resin 32 oz, Crystal Clear Epoxy Resin Non Yellowing, Self Leveling with High Gloss, UV & Heat Resistant, Clear Resin Set for Jewelry Making, Ar","1","amazon.com","Amazon","STATEN ISLAND","NY","10314","MarketplaceFacilitator","-25.99","-2.31","0","0","0","0","0","0","0","0","2.31","3.12","0","0","0","-22.87"
"Mar 18, 2025 11:08:59 PM PDT","23221644871","Order","112-1076021-9597009","66-5G3T-ZOEC","JINH Epoxy Resin 2 Gallon, Upgraded Crystal Clear Epoxy Kit UV Resistant No Bubble Self Leveling, 1 Gallon Resin and 1 Gallon Hardener Kit for DIY Art","1","amazon.com","Amazon","Watkins","MN","55389","MarketplaceFacilitator","83.99","5.77","0","0","0","0","0","0","0","0","-5.77","-12.60","-12.20","0","0","59.19"
"Mar 19, 2025 1:45:33 AM PDT","23221644871","Order","S01-4407237-3515654","NX-22LX-ZGH5","Epoxy Resin 1 Gallon, Crystal Clear Epoxy Resin Kit Non-Toxic Heat Resistant No Bubble Self Leveling, 64OZ Resin and 64OZ Hardener Kit for DIY Art, Jewelry, Molds, Resin Art, Countertops, 1:1 Ratio","1","sim1.stores.amazon.com","Amazon","ZEPHYRHILLS","FL","33542","","0","0","0","0","0","0","0","0","0","0","0","0","-16.78","0","0","-16.78"
"Mar 19, 2025 7:20:28 AM PDT","23221644871","Order","114-0940605-1362642","NX-22LX-ZGH5","Epoxy Resin 1 Gallon, Crystal Clear Epoxy Resin Kit Non-Toxic Heat Resistant No Bubble Self Leveling, 64OZ Resin and 64OZ Hardener Kit for DIY Art, Je","1","amazon.com","Amazon","MAGNA","UT","84044","MarketplaceFacilitator","48.99","3.55","6.99","0","0","0","0","0","-6.99","0","-3.55","-7.35","-9.24","0","0","32.40"
"Mar 19, 2025 8:09:58 AM PDT","23221644871","Order","S01-2766492-1218001","NX-22LX-ZGH5","Epoxy Resin 1 Gallon, Crystal Clear Epoxy Resin Kit Non-Toxic Heat Resistant No Bubble Self Leveling, 64OZ Resin and 64OZ Hardener Kit for DIY Art, Jewelry, Molds, Resin Art, Countertops, 1:1 Ratio","1","sim1.stores.amazon.com","Amazon","ATLANTIC CITY","NJ","08401","","0","0","0","0","0","0","0","0","0","0","0","0","-16.78","0","0","-16.78"
"Mar 19, 2025 9:40:45 AM PDT","23221644871","Order","114-1948722-2587453","88-29H4-FMWO","Epoxy Resin 32 oz, Crystal Clear Epoxy Resin Non Yellowing, Self Leveling with High Gloss, UV & Heat Resistant, Clear Resin Set for Jewelry Making, Ar","1","amazon.com","Amazon","COMMERCE CITY","CO","80022","MarketplaceFacilitator","25.99","1.23","1.50","0","0","0","0","0","-1.50","0","-1.23","-3.90","-6.21","0","0","15.88"
"Mar 20, 2025 6:18:00 AM PDT","23221644871","Order","S01-3674398-3001257","NX-22LX-ZGH5","Epoxy Resin 1 Gallon, Crystal Clear Epoxy Resin Kit Non-Toxic Heat Resistant No Bubble Self Leveling, 64OZ Resin and 64OZ Hardener Kit for DIY Art, Jewelry, Molds, Resin Art, Countertops, 1:1 Ratio","1","sim1.stores.amazon.com","Amazon","MABANK","TX","75156","","0","0","0","0","0","0","0","0","0","0","0","0","-16.78","0","0","-16.78"
"Mar 20, 2025 6:19:39 AM PDT","23221644871","Order","S01-8260812-2364416","NX-22LX-ZGH5","Epoxy Resin 1 Gallon, Crystal Clear Epoxy Resin Kit Non-Toxic Heat Resistant No Bubble Self Leveling, 64OZ Resin and 64OZ Hardener Kit for DIY Art, Jewelry, Molds, Resin Art, Countertops, 1:1 Ratio","1","sim1.stores.amazon.com","Amazon","ELMER","NJ","08318","","0","0","0","0","0","0","0","0","0","0","0","0","-16.78","0","0","-16.78"
"Mar 20, 2025 11:15:38 PM PDT","23221644871","Order","112-6325889-7925009","66-5G3T-ZOEC","JINH Epoxy Resin 2 Gallon, Upgraded Crystal Clear Epoxy Kit UV Resistant No Bubble Self Leveling, 1 Gallon Resin and 1 Gallon Hardener Kit for DIY Art","1","amazon.com","Amazon","NORTH PORT","FL","34291","MarketplaceFacilitator","87.99","6.16","0","0","0","0","0","0","0","0","-6.16","-13.20","-12.20","0","0","62.59"
"Mar 21, 2025 4:45:46 AM PDT","23221644871","Order","114-6495229-6174609","88-29H4-FMWO","Epoxy Resin 32 oz, Crystal Clear Epoxy Resin Non Yellowing, Self Leveling with High Gloss, UV & Heat Resistant, Clear Resin Set for Jewelry Making, Ar","1","amazon.com","Amazon","HONOLULU","HI","96818","MarketplaceFacilitator","25.99","1.22","0","0","0","0","0","0","0","0","-1.22","-3.90","-6.21","0","0","15.88"
"Mar 21, 2025 8:11:25 AM PDT","23221644871","Order","112-2598902-0974615","NX-22LX-ZGH5","Epoxy Resin 1 Gallon, Crystal Clear Epoxy Resin Kit Non-Toxic Heat Resistant No Bubble Self Leveling, 64OZ Resin and 64OZ Hardener Kit for DIY Art, Je","1","amazon.com","Amazon","SANTA CRUZ","CA","95060","MarketplaceFacilitator","48.99","4.78","0","0","0","0","0","0","0","0","-4.78","-7.35","-9.24","0","0","32.40"
"Mar 21, 2025 7:11:26 PM PDT","23221644871","Order","114-4889395-5052208","88-29H4-FMWO","Epoxy Resin Kit Two Part 32 oz Crystal Clear Non-Yellowing Self-Leveling High Gloss UV & Heat Resistant Art/Craft/River Tables Beginner Friendly","1","amazon.com","Amazon","SULLIVAN","MO","63080","MarketplaceFacilitator","25.99","1.10","0","0","0","0","0","0","0","0","-1.10","-3.90","-6.21","0","0","15.88"
"Mar 22, 2025 2:21:12 PM PDT","23221644871","Order","111-8580498-3845025","88-29H4-FMWO","Epoxy Resin 32 oz, Crystal Clear Epoxy Resin Non Yellowing, Self Leveling with High Gloss, UV & Heat Resistant, Clear Resin Set for Jewelry Making, Ar","1","amazon.com","Amazon","CHARLOTTE","NC","28270","MarketplaceFacilitator","25.99","1.88","2.74","0","0","0","0","0","-2.74","0","-1.88","-3.90","-6.21","0","0","15.88"
"Mar 23, 2025 8:19:28 AM PDT","23221644871","Order","S01-6405945-0920435","88-29H4-FMWO","Epoxy Resin Kit Two Part 32 oz Crystal Clear Non-Yellowing Self-Leveling High Gloss UV & Heat Resistant Art/Craft/River Tables Beginner Friendly","1","sim1.stores.amazon.com","Amazon","BOONVILLE","MO","65233","","0","0","0","0","0","0","0","0","0","0","0","0","-11.34","0","0","-11.34"
"Mar 23, 2025 10:06:54 AM PDT","23221644871","Order","111-8689854-8233859","88-29H4-FMWO","Epoxy Resin Kit Two Part 32 oz Crystal Clear Non-Yellowing Self-Leveling High Gloss UV & Heat Resistant Art/Craft/River Tables Beginner Friendly","1","amazon.com","Amazon","CUMBERLAND","MD","21502","MarketplaceFacilitator","25.99","1.56","0","0","0","0","0","0","0","0","-1.56","-3.90","-6.21","0","0","15.88"
"Mar 24, 2025 3:46:20 AM PDT","23221644871","Adjustment","S01-2766492-1218001","NX-22LX-ZGH5","MCF Inventory Reimbursement - Lost","1","","","","","","","0","0","0","0","0","0","0","0","0","0","0","0","0","0","33.25","33.25"
"Mar 24, 2025 10:55:44 AM PDT","23221644871","Order","113-2629115-0949805","88-29H4-FMWO","Epoxy Resin Kit Two Part 32 oz Crystal Clear Non-Yellowing Self-Leveling High Gloss UV & Heat Resistant Art/Craft/River Tables Beginner Friendly","1","amazon.com","Amazon","ZEPHYRHILLS","FL","33540","MarketplaceFacilitator","25.99","1.82","0","0","0","0","0","0","0","0","-1.82","-3.90","-6.21","0","0","15.88"
"Mar 25, 2025 11:16:15 AM PDT","23221644871","Service Fee","FBA18P7BMHHH","","FBA Inbound Placement Service Fee","","Amazon.com","","","","","","0","0","0","0","0","0","0","0","0","0","0","0","0","0","-100.64","-100.64"
"Mar 25, 2025 12:52:56 PM PDT","23221644871","Order","111-2631215-9873026","66-5G3T-ZOEC","JINH Epoxy Resin Kit 2 Gallon 1:1 Epoxy & Hardener Crystal Clear UV Protected No-Bubble Self-Leveling DIY Art/Crafts/Jewelry/Molds/Countertops Beginne","1","amazon.com","Amazon","DOVER FOXCROFT","ME","04426","MarketplaceFacilitator","85.99","4.73","0","0","0","0","0","0","0","0","-4.73","-12.90","-12.20","0","0","60.89"
"Mar 25, 2025 2:26:09 PM PDT","23221644871","Order","112-5540039-1831425","NX-22LX-ZGH5","Epoxy Resin Kit 1 Gallon 1:1 Crystal Clear Non-Toxic UV Protected No-Bubble Self-Leveling DIY Art/Crafts/Jewelry/Molds/Countertops Beginner-Friendly","1","amazon.com","Amazon","MEAD","WA","99021","MarketplaceFacilitator","48.99","3.97","0","0","0","0","0","0","0","0","-3.97","-7.35","-9.24","0","0","32.40"
"Mar 25, 2025 3:58:33 PM PDT","23221644871","Order","113-7199375-5519400","66-5G3T-ZOEC","JINH Epoxy Resin Kit 2 Gallon 1:1 Epoxy & Hardener Crystal Clear UV Protected No-Bubble Self-Leveling DIY Art/Crafts/Jewelry/Molds/Countertops Beginne","1","amazon.com","Amazon","LOVES PARK","IL","61111","MarketplaceFacilitator","85.99","7.52","0","0","0","0","0","0","0","0","-7.52","-12.90","-12.20","0","0","60.89"
"Mar 25, 2025 9:08:26 PM PDT","23221644871","Order","112-9015259-1561850","66-5G3T-ZOEC","JINH Epoxy Resin Kit 2 Gallon 1:1 Epoxy & Hardener Crystal Clear UV Protected No-Bubble Self-Leveling DIY Art/Crafts/Jewelry/Molds/Countertops Beginne","1","amazon.com","Amazon","Orwigsburg","Pennsylvania","17961","MarketplaceFacilitator","73.09","4.38","2.99","0","0","0","0","0","-2.99","0","-4.38","-10.96","-12.20","0","0","49.93"
"Mar 25, 2025 9:52:23 PM PDT","23221644871","Order","112-7447251-9327421","88-29H4-FMWO","Epoxy Resin Kit Two Part 32 oz Crystal Clear Non-Yellowing Self-Leveling High Gloss UV & Heat Resistant Art/Craft/River Tables Beginner Friendly","1","amazon.com","Amazon","Rexford","NY","12148","MarketplaceFacilitator","22.09","1.55","0","0","0","0","0","0","0","0","-1.55","-3.31","-6.21","0","0","12.57"
"Mar 26, 2025 5:24:35 AM PDT","23221644871","Order","112-3605581-0467401","66-5G3T-ZOEC","JINH Epoxy Resin Kit 2 Gallon 1:1 Epoxy & Hardener Crystal Clear UV Protected No-Bubble Self-Leveling DIY Art/Crafts/Jewelry/Molds/Countertops Beginne","1","amazon.com","Amazon","SANTA CRUZ","CA","95060","MarketplaceFacilitator","73.09","7.13","0","0","0","0","0","0","0","0","-7.13","-10.96","-12.20","0","0","49.93"
"Mar 26, 2025 9:08:04 AM PDT","23221644871","Order","111-6133822-0272232","66-5G3T-ZOEC","JINH Epoxy Resin Kit 2 Gallon 1:1 Epoxy & Hardener Crystal Clear UV Protected No-Bubble Self-Leveling DIY Art/Crafts/Jewelry/Molds/Countertops Beginne","1","amazon.com","Amazon","SPIRIT LAKE","IA","51360","MarketplaceFacilitator","83.99","0","17.84","0","0","0","0","0","0","0","0","-12.60","-30.04","0","0","59.19"
"Mar 26, 2025 10:17:04 PM PDT","23221644871","Order","114-0497193-4237832","88-29H4-FMWO","Epoxy Resin Kit Two Part 32 oz Crystal Clear Non-Yellowing Self-Leveling High Gloss UV & Heat Resistant Art/Craft/River Tables Beginner Friendly","1","amazon.com","Amazon","PAOLA","KANSAS","66071","MarketplaceFacilitator","22.09","1.77","0","0","0","0","0","0","0","0","-1.77","-3.31","-6.21","0","0","12.57"
"Mar 27, 2025 9:47:13 AM PDT","23221644871","Order","114-3182346-3131443","88-29H4-FMWO","Epoxy Resin Kit Two Part 32 oz Crystal Clear Non-Yellowing Self-Leveling High Gloss UV & Heat Resistant Art/Craft/River Tables Beginner Friendly","1","amazon.com","Amazon","PORT ANGELES","WA","98362","MarketplaceFacilitator","22.09","1.90","0","0","0","0","0","0","0","0","-1.90","-3.31","-6.21","0","0","12.57"
"Mar 27, 2025 2:48:47 PM PDT","23221644871","Order","113-6048344-1800247","66-5G3T-ZOEC","JINH Epoxy Resin Kit 2 Gallon 1:1 Epoxy & Hardener Crystal Clear UV Protected No-Bubble Self-Leveling DIY Art/Crafts/Jewelry/Molds/Countertops Beginne","1","amazon.com","Amazon","Winslow","ME","04901","MarketplaceFacilitator","85.99","4.73","6.70","0","0","0","0","0","-6.70","0","-4.73","-12.90","-12.20","0","0","60.89"
"Mar 27, 2025 10:49:22 PM PDT","23240262041","Order","113-8959229-1091431","88-29H4-FMWO","Epoxy Resin Kit Two Part 32 oz Crystal Clear Non-Yellowing Self-Leveling High Gloss UV & Heat Resistant Art/Craft/River Tables Beginner Friendly","1","amazon.com","Amazon","AUBURN","WA","98002","MarketplaceFacilitator","22.09","2.28","0","0","0","0","0","0","0","0","-2.28","-3.31","0","0","0","18.78"
"Mar 27, 2025 11:39:47 PM PDT","23240262041","Order","112-3477840-1897022","88-29H4-FMWO","Epoxy Resin Kit Two Part 32 oz Crystal Clear Non-Yellowing Self-Leveling High Gloss UV & Heat Resistant Art/Craft/River Tables Beginner Friendly","1","amazon.com","Amazon","HONDO","TX","78861","MarketplaceFacilitator","22.09","1.82","0","0","0","0","0","0","0","0","-1.82","-3.31","0","0","0","18.78"
"Mar 28, 2025 1:33:23 AM PDT","23240262041","Order","S01-9168079-6263647","88-29H4-FMWO","Epoxy Resin Kit Two Part 32 oz Crystal Clear Non-Yellowing Self-Leveling High Gloss UV & Heat Resistant Art/Craft/River Tables Beginner Friendly","1","sim1.stores.amazon.com","Amazon","JOHNSON CITY","NY","13790","","0","0","0","0","0","0","0","0","0","0","0","0","-11.34","0","0","-11.34"
"Mar 28, 2025 10:20:58 AM PDT","23240262041","Order","114-7234714-9554648","88-29H4-FMWO","Epoxy Resin Kit Two Part 32 oz Crystal Clear Non-Yellowing Self-Leveling High Gloss UV & Heat Resistant Art/Craft/River Tables Beginner Friendly","1","amazon.com","Amazon","GARDEN VALLEY","ID","83622","MarketplaceFacilitator","22.09","1.33","0","0","0","0","0","0","0","0","-1.33","-3.31","0","0","0","18.78"
"Mar 28, 2025 7:56:24 PM PDT","23240262041","Order","111-7846493-1977030","88-29H4-FMWO","Epoxy Resin Kit Two Part 32 oz Crystal Clear Non-Yellowing Self-Leveling High Gloss UV & Heat Resistant Art/Craft/River Tables Beginner Friendly","1","amazon.com","Amazon","SAINT LOUIS","MO","63123","MarketplaceFacilitator","22.09","0.93","0","0","0","0","0","0","0","0","-0.93","-3.31","0","0","0","18.78"
"Mar 29, 2025 3:24:05 PM PDT","23240262041","Adjustment","111-2033376-2799418","NX-22LX-ZGH5","FBA Inventory Reimbursement - Customer Return","1","","","","","","","0","0","0","0","0","0","0","0","0","0","0","0","0","0","33.25","33.25"
"Mar 29, 2025 4:20:45 PM PDT","23240262041","Order","111-2795758-4880263","NX-22LX-ZGH5","Epoxy Resin Kit 1 Gallon 1:1 Crystal Clear Non-Toxic UV Protected No-Bubble Self-Leveling DIY Art/Crafts/Jewelry/Molds/Countertops Beginner-Friendly","1","amazon.com","Amazon","MIRAMAR","FL","33023","MarketplaceFacilitator","41.64","2.91","0","0","0","0","0","0","0","0","-2.91","-6.25","-9.24","0","0","26.15"
"Mar 30, 2025 12:13:47 AM PDT","23240262041","Order","S01-1901416-5504464","88-29H4-FMWO","Epoxy Resin Kit Two Part 32 oz Crystal Clear Non-Yellowing Self-Leveling High Gloss UV & Heat Resistant Art/Craft/River Tables Beginner Friendly","1","sim1.stores.amazon.com","Amazon","BLOUNTVILLE","TN","37617","","0","0","0","0","0","0","0","0","0","0","0","0","-11.34","0","0","-11.34"
"Mar 30, 2025 1:06:32 PM PDT","23240262041","Service Fee","","","Cost of Advertising","","","","","","","","0","0","0","0","0","0","0","0","0","0","0","0","0","-501.88","0","-501.88"
"Mar 30, 2025 1:24:40 PM PDT","23240262041","Order","111-6523518-5718620","88-29H4-FMWO","Epoxy Resin Kit Two Part 32 oz Crystal Clear Non-Yellowing Self-Leveling High Gloss UV & Heat Resistant Art/Craft/River Tables Beginner Friendly","1","amazon.com","Amazon","CHARLOTTE","NC","28262","MarketplaceFacilitator","22.09","1.60","0","0","0","0","0","0","0","0","-1.60","-3.31","-6.00","0","0","12.78"
"Mar 30, 2025 5:59:50 PM PDT","23240262041","Order","114-6666854-6645837","NX-22LX-ZGH5","Epoxy Resin Kit 1 Gallon 1:1 Crystal Clear Non-Toxic UV Protected No-Bubble Self-Leveling DIY Art/Crafts/Jewelry/Molds/Countertops Beginner-Friendly","1","amazon.com","Amazon","YPSILANTI","MICHIGAN","48197","MarketplaceFacilitator","41.64","2.50","0","0","0","0","0","0","0","0","-2.50","-6.25","-9.24","0","0","26.15"
"Mar 31, 2025 5:07:58 AM PDT","23240262041","Transfer","","","To your account ending in: 978, Bank Transfer ID: 17O7XO2664OM1DT","","","","","","","","0","0","0","0","0","0","0","0","0","0","0","0","0","0","-39.37","-39.37"
"Mar 31, 2025 11:28:47 AM PDT","23240262041","Order","111-3791566-9745838","88-29H4-FMWO","Epoxy Resin Kit Two Part 32 oz Crystal Clear Non-Yellowing Self-Leveling High Gloss UV & Heat Resistant Art/Craft/River Tables Beginner Friendly","1","amazon.com","Amazon","MILTON","FL","32583","MarketplaceFacilitator","22.09","1.55","0","0","0","0","0","0","0","0","-1.55","-3.31","-6.21","0","0","12.57"
"Mar 31, 2025 11:47:33 AM PDT","23240262041","Order","113-0560807-3928225","66-5G3T-ZOEC","JINH Epoxy Resin 2 Gallon, Upgraded Crystal Clear Epoxy Kit UV Resistant No Bubble Self Leveling, 1 Gallon Resin and 1 Gallon Hardener Kit for DIY Art","1","amazon.com","Amazon","DOVER FOXCROFT","ME","04426","MarketplaceFacilitator","85.99","4.26","0","0","0","0","0","0","-8.60","0","-4.26","-11.61","-12.20","0","0","53.58"
"Mar 31, 2025 11:49:56 AM PDT","23240262041","Order","113-0560807-3928225","66-5G3T-ZOEC","JINH Epoxy Resin 2 Gallon, Upgraded Crystal Clear Epoxy Kit UV Resistant No Bubble Self Leveling, 1 Gallon Resin and 1 Gallon Hardener Kit for DIY Art","1","amazon.com","Amazon","DOVER FOXCROFT","ME","04426","MarketplaceFacilitator","85.99","4.26","0","0","0","0","0","0","-8.60","0","-4.26","-11.61","-12.20","0","0","53.58"
"Mar 31, 2025 11:50:04 AM PDT","23240262041","Order","S01-7666932-9363651","88-29H4-FMWO","Epoxy Resin Kit Two Part 32 oz Crystal Clear Non-Yellowing Self-Leveling High Gloss UV & Heat Resistant Art/Craft/River Tables Beginner Friendly","1","sim1.stores.amazon.com","Amazon","BEND","OR","97701","","0","0","0","0","0","0","0","0","0","0","0","0","-11.34","0","0","-11.34"
"Mar 31, 2025 2:17:01 PM PDT","23240262041","Order","111-3700892-6382636","NX-22LX-ZGH5","Epoxy Resin Kit 1 Gallon 1:1 Crystal Clear Non-Toxic UV Protected No-Bubble Self-Leveling DIY Art/Crafts/Jewelry/Molds/Countertops Beginner-Friendly","1","amazon.com","Amazon","LEWISTOWN","MT","59457","","41.64","0","0","0","0","0","0","0","0","0","0","-6.25","-9.24","0","0","26.15"
