﻿"Includes Amazon Marketplace, Fulfillment by Amazon (FBA), and Amazon Webstore transactions"
"All amounts in CAD, unless specified"
"Definitions:"
"Sales tax collected: Includes sales tax collected from buyers for product sales, shipping, and gift wrap."
"Selling fees: Includes variable closing fees and referral fees."
"Other transaction fees: Includes shipping chargebacks and shipping holdbacks."
"Other: Includes non-order transaction amounts. For more details, see the ""Type"" and ""Description"" columns for each order ID."
"date/time","settlement id","type","order id","sku","description","quantity","marketplace","fulfillment","order city","order state","order postal","tax collection model","product sales","product sales tax","shipping credits","shipping credits tax","gift wrap credits","gift wrap credits tax","Regulatory fee","Tax on regulatory fee","promotional rebates","promotional rebates tax","marketplace withheld tax","selling fees","fba fees","other transaction fees","other","total"
"Mar 2, 2025 7:13:08 a.m. PST","23037740321","Service Fee","","","Cost of advertising","","","","","","","","0","0","0","0","0","0","0","0","0","0","0","0","0","-40.05","0","-40.05"
"Mar 2, 2025 3:41:47 p.m. PST","23037740321","Service Fee","f7d978b7-06fa-4324-9a47-595a25f0e6b0","","Coupon Redemption Fee: Save C$10 on 64oz Epoxy Resin Kit","1","Amazon.ca","","","","","","0","0","0","0","0","0","0","0","0","0","0","0","0","-0.60","0","-0.60"
"Mar 3, 2025 10:33:29 a.m. PST","23037740321","Transfer","","","To account ending with: 278","","","","","","","","0","0","0","0","0","0","0","0","0","0","0","0","0","0","-471.49","-471.49"
"Mar 4, 2025 7:27:32 a.m. PST","23037740321","Order","702-5491772-5945820","EPR-US-2 gal","Epoxy Resin 2 Gallon Kit, Crystal Clear Epoxy Resin High Gloss, Easy Mix 1:1 Bubbles Free Art Resin for Coating and Casting, Countertop, Table Top, Ri","1","amazon.ca","Amazon","Edmonton","Alberta","T6N 1C","","109.99","0","0","0","0","0","0","0","0","0","0","-16.50","-22.87","-0.33","0","70.29"
"Mar 5, 2025 6:43:18 a.m. PST","23037740321","Refund","701-2793312-5721827","EPR-US-2 gal","Epoxy Resin 2 Gallon Kit, Crystal Clear Epoxy Resin High Gloss, Easy Mix 1:1 Bubbles Free Art Resin for Coating and Casting, Countertop, Table Top, Ri","1","amazon.ca","Amazon","Montreal","Quebec","H3K 1M","","0","0","0","0","0","0","0","0","0","0","0","0","0","0","0","0"
"Mar 6, 2025 10:40:05 p.m. PST","23037740321","Order","701-8935917-6975416","EPR-US-2 gal","Epoxy Resin 2 Gallon Kit, Crystal Clear Epoxy Resin High Gloss, Easy Mix 1:1 Bubbles Free Art Resin for Coating and Casting, Countertop, Table Top, Ri","1","amazon.ca","Amazon","Clairmont","Alberta","T8X5B","","109.99","0","0","0","0","0","0","0","0","0","0","-16.50","-22.87","-0.33","0","70.29"
"Mar 6, 2025 11:45:10 p.m. PST","23037740321","Order","701-0378605-4613013","EPR-US-2 gal","Epoxy Resin 2 Gallon Kit, Crystal Clear Epoxy Resin High Gloss, Easy Mix 1:1 Bubbles Free Art Resin for Coating and Casting, Countertop, Table Top, Ri","1","amazon.ca","Amazon","Clairmont","Alberta","T8X5B","","109.99","0","0","0","0","0","0","0","0","0","0","-16.50","-22.87","-0.33","0","70.29"
"Mar 7, 2025 6:16:11 a.m. PST","23037740321","Order","701-8489654-7814667","EPR-US-2 gal","Epoxy Resin 2 Gallon Kit, Crystal Clear Epoxy Resin High Gloss, Easy Mix 1:1 Bubbles Free Art Resin for Coating and Casting, Countertop, Table Top, Ri","1","amazon.ca","Amazon","Cantley","Québec","J8V 2V","","109.99","0","0","0","0","0","0","0","0","0","0","-16.50","-22.87","-0.33","0","70.29"
"Mar 8, 2025 10:27:04 a.m. PST","23037740321","Order","702-2346980-1469860","EPR-US-AB-10","Crystal Clear Epoxy Resin - 64oz Epoxy Resin Kit, Not Yellowing High Gloss Bubbles Free Easy Mix 1:1 Ratio for Coating and Casting, Jewelry, Craft DIY","1","amazon.ca","Amazon","Granby","Quebec","J2G 9E","","45.99","0","0","0","0","0","0","0","-10.00","0","0","-5.40","-16.38","-0.11","0","14.10"
"Mar 9, 2025 7:45:51 a.m. PDT","23037740321","Order","702-2561715-4500220","EPR-US-AB-10","Crystal Clear Epoxy Resin - 64oz Epoxy Resin Kit, Not Yellowing High Gloss Bubbles Free Easy Mix 1:1 Ratio for Coating and Casting, Jewelry, Craft DIY","1","amazon.ca","Amazon","Callander","Ontario","P0H 1H","","35.99","0","0","0","0","0","0","0","0","0","0","-5.40","-16.38","-0.11","0","14.10"
"Mar 10, 2025 2:04:22 a.m. PDT","23037740321","Refund","701-8489654-7814667","EPR-US-2 gal","Epoxy Resin 2 Gallon Kit, Crystal Clear Epoxy Resin High Gloss, Easy Mix 1:1 Bubbles Free Art Resin for Coating and Casting, Countertop, Table Top, Ri","1","amazon.ca","Amazon","Cantley","Québec","J8V 2V","","0","0","0","0","0","0","0","0","0","0","0","0","0","0","0","0"
"Mar 11, 2025 3:41:01 a.m. PDT","23037740321","Order","701-4347104-2843423","EPR-US-AB-10","Crystal Clear Epoxy Resin - 64oz Epoxy Resin Kit, Not Yellowing High Gloss Bubbles Free Easy Mix 1:1 Ratio for Coating and Casting, Jewelry, Craft DIY","1","amazon.ca","Amazon","PETAWAWA","ON","K8H2W","","35.99","0","0","0","0","0","0","0","0","0","0","-5.40","-16.38","-0.11","0","14.10"
"Mar 12, 2025 1:46:59 a.m. PDT","23037740321","Order","701-5671232-7829862","EPR-US-AB-10","Crystal Clear Epoxy Resin - 64oz Epoxy Resin Kit, Not Yellowing High Gloss Bubbles Free Easy Mix 1:1 Ratio for Coating and Casting, Jewelry, Craft DIY","1","amazon.ca","Amazon","Gatineau","Quebec","J8Y 2G","","35.99","0","0","0","0","0","0","0","0","0","0","-5.40","-16.38","-0.11","0","14.10"
"Mar 12, 2025 7:19:52 a.m. PDT","23037740321","Order","701-4436042-3568246","EPR-US-AB-10","Crystal Clear Epoxy Resin - 64oz Epoxy Resin Kit, Not Yellowing High Gloss Bubbles Free Easy Mix 1:1 Ratio for Coating and Casting, Jewelry, Craft DIY","1","amazon.ca","Amazon","Laval","Quebec","H7A 4J","","35.99","0","0","0","0","0","0","0","0","0","0","-5.40","-16.38","-0.11","0","14.10"
"Mar 12, 2025 8:06:55 a.m. PDT","23037740321","Order","702-1355257-5242613","20221224-US-FBA02","Epoxy Resin 1 Gallon Kit, Crystal Clear Epoxy Resin High Gloss, Easy Mix 1:1 Bubbles Free Art Resin for Coating and Casting, Countertop, Table Top, Ri","1","amazon.ca","Amazon","Les Cedres","Quebec","J7T 3J","","65.99","0","0","0","0","0","0","0","0","0","0","-9.90","-18.80","-0.20","0","37.09"
"Mar 12, 2025 10:07:54 p.m. PDT","23037740321","Order","701-5785833-0886615","EPR-US-AB-10","Crystal Clear Epoxy Resin - 64oz Epoxy Resin Kit, Not Yellowing High Gloss Bubbles Free Easy Mix 1:1 Ratio for Coating and Casting, Jewelry, Craft DIY","1","amazon.ca","Amazon","Victoria","British Columbia","V8S 5C","","35.99","0","0","0","0","0","0","0","0","0","0","-5.40","-16.38","-0.11","0","14.10"
"Mar 13, 2025 6:49:50 a.m. PDT","23037740321","Order","701-7940736-2397027","EPR-US-AB-10","Crystal Clear Epoxy Resin - 64oz Epoxy Resin Kit, Not Yellowing High Gloss Bubbles Free Easy Mix 1:1 Ratio for Coating and Casting, Jewelry, Craft DIY","1","amazon.ca","Amazon","Val Caron","Ontario","P3N 1M","","35.99","0","0","0","0","0","0","0","0","0","0","-5.40","-16.38","-0.11","0","14.10"
"Mar 14, 2025 5:58:42 a.m. PDT","23140183351","Order","701-0339589-8313801","EPR-US-AB-10","Crystal Clear Epoxy Resin - 64oz Epoxy Resin Kit, Not Yellowing High Gloss Bubbles Free Easy Mix 1:1 Ratio for Coating and Casting, Jewelry, Craft DIY","1","amazon.ca","Amazon","courtenay","British Columbia","V9N 6P","","35.99","0","0","0","0","0","0","0","0","0","0","-5.40","-16.38","-0.11","0","14.10"
"Mar 16, 2025 2:33:57 a.m. PDT","23140183351","Refund","702-1355257-5242613","20221224-US-FBA02","Epoxy Resin 1 Gallon Kit, Crystal Clear Epoxy Resin High Gloss, Easy Mix 1:1 Bubbles Free Art Resin for Coating and Casting, Countertop, Table Top, Ri","1","amazon.ca","Amazon","Les Cedres","Quebec","J7T 3J","","0","0","0","0","0","0","0","0","0","0","0","0","0","0","0","0"
"Mar 16, 2025 9:01:17 a.m. PDT","23140183351","Order","702-2730717-7966661","EPR-US-AB-10","Crystal Clear Epoxy Resin - 64oz Epoxy Resin Kit, Not Yellowing High Gloss Bubbles Free Easy Mix 1:1 Ratio for Coating and Casting, Jewelry, Craft DIY","1","amazon.ca","Amazon","Penetanguishene","Ontario","L9M 0V","","35.99","0","11.74","0","0","0","0","0","0","0","0","-5.40","-28.12","-0.11","0","14.10"
"Mar 16, 2025 11:30:17 p.m. PDT","23140183351","Order","701-9503631-8175403","EPR-US-AB-10","Crystal Clear Epoxy Resin - 64oz Epoxy Resin Kit, Not Yellowing High Gloss Bubbles Free Easy Mix 1:1 Ratio for Coating and Casting, Jewelry, Craft DIY","1","amazon.ca","Amazon","Haileybury","Ontario","P0J 1K","","35.99","0","0","0","0","0","0","0","0","0","0","-5.40","-16.38","-0.11","0","14.10"
"Mar 17, 2025 2:43:15 a.m. PDT","23140183351","Order","702-5399741-4806643","EPR-US-AB-10","Crystal Clear Epoxy Resin - 64oz Epoxy Resin Kit, Not Yellowing High Gloss Bubbles Free Easy Mix 1:1 Ratio for Coating and Casting, Jewelry, Craft DIY","1","amazon.ca","Amazon","Courtenay","British Columbia","V9N6W","","35.99","0","0","0","0","0","0","0","0","0","0","-5.40","-16.38","-0.11","0","14.10"
"Mar 17, 2025 11:44:29 a.m. PDT","23140183351","Transfer","","","To account ending with: 278","","","","","","","","0","0","0","0","0","0","0","0","0","0","0","0","0","0","-376.30","-376.30"
"Mar 17, 2025 9:40:58 p.m. PDT","23140183351","Order","702-9648696-1729019","EPR-US-2 gal","Epoxy Resin 2 Gallon Kit, Crystal Clear Epoxy Resin High Gloss, Easy Mix 1:1 Bubbles Free Art Resin for Coating and Casting, Countertop, Table Top, Ri","1","amazon.ca","Amazon","Carlingford","New Brunswick","E7H 4J","","109.99","0","0","0","0","0","0","0","0","0","0","-16.50","-22.87","-0.33","0","70.29"
"Mar 18, 2025 3:33:32 a.m. PDT","23140183351","Order","701-4756932-8853050","20221224-US-FBA02","Epoxy Resin 1 Gallon Kit, Crystal Clear Epoxy Resin High Gloss, Easy Mix 1:1 Bubbles Free Art Resin for Coating and Casting, Countertop, Table Top, Ri","1","amazon.ca","Amazon","Hinton","Alberta","T7V 1K","","65.99","0","0","0","0","0","0","0","0","0","0","-9.90","-18.80","-0.20","0","37.09"
"Mar 18, 2025 7:30:23 a.m. PDT","23140183351","Order","702-9012074-2582659","20221224-US-FBA02","Epoxy Resin 1 Gallon Kit, Crystal Clear Epoxy Resin High Gloss, Easy Mix 1:1 Bubbles Free Art Resin for Coating and Casting, Countertop, Table Top, Ri","1","amazon.ca","Amazon","Lantzville","British Columbia","V0R 2H","","65.99","0","0","0","0","0","0","0","0","0","0","-9.90","-18.80","-0.20","0","37.09"
"Mar 19, 2025 4:08:45 a.m. PDT","23140183351","Order","702-0181989-0258629","EPR-US-AB-10","Crystal Clear Epoxy Resin - 64oz Epoxy Resin Kit, Not Yellowing High Gloss Bubbles Free Easy Mix 1:1 Ratio for Coating and Casting, Jewelry, Craft DIY","1","amazon.ca","Amazon","Sainte-Adele","Quebec","J8B 2L","","35.99","0","0","0","0","0","0","0","0","0","0","-5.40","-16.38","-0.11","0","14.10"
"Mar 19, 2025 8:27:30 a.m. PDT","23140183351","Order","701-0732368-5556242","EPR-US-2 gal","Epoxy Resin 2 Gallon Kit, Crystal Clear Epoxy Resin High Gloss, Easy Mix 1:1 Bubbles Free Art Resin for Coating and Casting, Countertop, Table Top, Ri","1","amazon.ca","Amazon","Nanaimo","Bc","V9T 5G","","109.99","0","0","0","0","0","0","0","0","0","0","-16.50","-22.87","-0.33","0","70.29"
"Mar 19, 2025 8:46:30 a.m. PDT","23140183351","Order","701-7860759-1462626","EPR-US-2 gal","Epoxy Resin 2 Gallon Kit, Crystal Clear Epoxy Resin High Gloss, Easy Mix 1:1 Bubbles Free Art Resin for Coating and Casting, Countertop, Table Top, Ri","1","amazon.ca","Amazon","Halfmoon Bay","British Columbia","V7Z1G","","109.99","0","0","0","0","0","0","0","0","0","0","-16.50","-22.87","-0.33","0","70.29"
"Mar 20, 2025 3:10:18 a.m. PDT","23140183351","Order","701-2715168-0065804","EPR-US-AB-10","Crystal Clear Epoxy Resin - 64oz Epoxy Resin Kit, Not Yellowing High Gloss Bubbles Free Easy Mix 1:1 Ratio for Coating and Casting, Jewelry, Craft DIY","1","amazon.ca","Amazon","Kitchener","Ontario","N2A 4B","","35.99","0","0","0","0","0","0","0","0","0","0","-5.40","-16.38","-0.11","0","14.10"
"Mar 20, 2025 3:52:32 a.m. PDT","23140183351","Order","701-3729919-4683403","EPR-US-AB-10","Crystal Clear Epoxy Resin - 64oz Epoxy Resin Kit, Not Yellowing High Gloss Bubbles Free Easy Mix 1:1 Ratio for Coating and Casting, Jewelry, Craft DIY","1","amazon.ca","Amazon","Calgary","AB","T3E 6N","","35.99","0","0","0","0","0","0","0","0","0","0","-5.40","-16.38","-0.11","0","14.10"
"Mar 20, 2025 6:55:49 a.m. PDT","23140183351","Order","702-6629081-1091460","20221224-US-FBA02","Epoxy Resin 1 Gallon Kit, Crystal Clear Epoxy Resin High Gloss, Easy Mix 1:1 Bubbles Free Art Resin for Coating and Casting, Countertop, Table Top, Ri","1","amazon.ca","Amazon","Chamcook","New Brunswick","E5B 3B","","65.99","0","0","0","0","0","0","0","0","0","0","-9.90","-18.80","-0.20","0","37.09"
"Mar 21, 2025 5:46:04 a.m. PDT","23140183351","Order","702-5630728-2172248","20221224-US-FBA02","Epoxy Resin 1 Gallon Kit, Crystal Clear Epoxy Resin High Gloss, Easy Mix 1:1 Bubbles Free Art Resin for Coating and Casting, Countertop, Table Top, Ri","1","amazon.ca","Amazon","Robinsons","Newfoundland","A0N 1V","","65.99","0","0","0","0","0","0","0","0","0","0","-9.90","-18.80","-0.20","0","37.09"
"Mar 21, 2025 8:24:45 a.m. PDT","23140183351","Order","701-1034138-4981845","EPR-US-2 gal","Epoxy Resin 2 Gallon Kit, Crystal Clear Epoxy Resin High Gloss, Easy Mix 1:1 Bubbles Free Art Resin for Coating and Casting, Countertop, Table Top, Ri","1","amazon.ca","Amazon","Lethbridge","Alberta","T1J 1W","","109.99","0","0","0","0","0","0","0","0","0","0","-16.50","-22.87","-0.33","0","70.29"
"Mar 25, 2025 5:39:25 a.m. PDT","23240093501","Order","701-9638489-3145030","EPR-US-AB-10","Crystal Clear Epoxy Resin - 64oz Epoxy Resin Kit, Not Yellowing High Gloss Bubbles Free Easy Mix 1:1 Ratio for Coating and Casting, Jewelry, Craft DIY","1","amazon.ca","Amazon","Longue-Rive","Quebec","G0T 1Z","","35.99","0","0","0","0","0","0","0","0","0","0","-5.40","-16.38","-0.11","0","14.10"
"Mar 25, 2025 6:36:26 a.m. PDT","23240093501","Order","702-5108980-7803431","EPR-US-AB-10","Crystal Clear Epoxy Resin - 64oz Epoxy Resin Kit, Not Yellowing High Gloss Bubbles Free Easy Mix 1:1 Ratio for Coating and Casting, Jewelry, Craft DIY","1","amazon.ca","Amazon","Quebec","Quebec","G2N 2L","","35.99","0","0","0","0","0","0","0","0","0","0","-5.40","-16.38","-0.11","0","14.10"
"Mar 25, 2025 8:42:39 a.m. PDT","23240093501","Order","701-7181100-7481016","20221224-US-FBA02","Epoxy Resin 1 Gallon Kit, Crystal Clear Epoxy Resin High Gloss, Easy Mix 1:1 Bubbles Free Art Resin for Coating and Casting, Countertop, Table Top, Ri","1","amazon.ca","Amazon","Richmond","British Columbia","V7E 1H","","65.99","0","0","0","0","0","0","0","0","0","0","-9.90","-18.80","-0.20","0","37.09"
"Mar 26, 2025 12:11:35 a.m. PDT","23240093501","Order","702-0177972-6155451","EPR-US-AB-10","Crystal Clear Epoxy Resin - 64oz Epoxy Resin Kit, Not Yellowing High Gloss Bubbles Free Easy Mix 1:1 Ratio for Coating and Casting, Jewelry, Craft DIY","1","amazon.ca","Amazon","Toronto","ON","M5A 4P","","35.99","0","0","0","0","0","0","0","0","0","0","-5.40","-16.38","-0.11","0","14.10"
"Mar 26, 2025 7:17:50 a.m. PDT","23240093501","Order","701-9427823-0465853","EPR-US-AB-10","Crystal Clear Epoxy Resin - 64oz Epoxy Resin Kit, Not Yellowing High Gloss Bubbles Free Easy Mix 1:1 Ratio for Coating and Casting, Jewelry, Craft DIY","1","amazon.ca","Amazon","Grimbsy","Ontario","L3M0E","","35.99","0","0","0","0","0","0","0","0","0","0","-5.40","-16.38","-0.11","0","14.10"
"Mar 26, 2025 8:15:50 a.m. PDT","23240093501","Transfer","","","To account ending with: 278","","","","","","","","0","0","0","0","0","0","0","0","0","0","0","0","0","0","-528.22","-528.22"
"Mar 26, 2025 7:52:48 p.m. PDT","23240093501","Order","702-2960785-4149853","EPR-US-AB-10","Crystal Clear Epoxy Resin - 64oz Epoxy Resin Kit, Not Yellowing High Gloss Bubbles Free Easy Mix 1:1 Ratio for Coating and Casting, Jewelry, Craft DIY","1","amazon.ca","Amazon","Oakville","Ontario","L6L 5L","","35.99","0","0","0","0","0","0","0","0","0","0","-5.40","-16.38","-0.11","0","14.10"
"Mar 27, 2025 1:56:11 a.m. PDT","23240093501","Service Fee","","","Subscription","","Amazon.ca","","","","","","0","0","0","0","0","0","0","0","0","0","0","0","0","0","-12.80","-12.80"
"Mar 27, 2025 9:02:43 a.m. PDT","23240093501","Order","701-4944468-3789003","EPR-US-2 gal","Epoxy Resin 2 Gallon Kit, Crystal Clear Epoxy Resin High Gloss, Easy Mix 1:1 Bubbles Free Art Resin for Coating and Casting, Countertop, Table Top, Ri","1","amazon.ca","Amazon","Whitehorse","Yukon","Y1A 3V","","109.99","0","0","0","0","0","0","0","0","0","0","-16.50","-22.87","-0.33","0","70.29"
"Mar 28, 2025 2:45:14 p.m. PDT","23240093501","Order","701-9421107-5509013","EPR-US-AB-10","Crystal Clear Epoxy Resin - 64oz Epoxy Resin Kit, Not Yellowing High Gloss Bubbles Free Easy Mix 1:1 Ratio for Coating and Casting, Jewelry, Craft DIY","1","amazon.ca","Amazon","Mont-Royal","Quebec","H3S 1C","","35.99","0","0","0","0","0","0","0","0","0","0","-5.40","-16.38","-0.11","0","14.10"
"Mar 29, 2025 5:21:43 a.m. PDT","23240093501","Order","701-5945939-6377036","EPR-US-AB-10","Crystal Clear Epoxy Resin - 64oz Epoxy Resin Kit, Not Yellowing High Gloss Bubbles Free Easy Mix 1:1 Ratio for Coating and Casting, Jewelry, Craft DIY","1","amazon.ca","Amazon","Quinte West","Ontario","K0K 1H","","35.99","0","0","0","0","0","0","0","0","0","0","-5.40","-16.38","-0.11","0","14.10"
"Mar 31, 2025 3:25:42 p.m. PDT","23240093501","Order","702-1243362-3485011","EPR-US-AB-10","Crystal Clear Epoxy Resin - 64oz Epoxy Resin Kit, Not Yellowing High Gloss Bubbles Free Easy Mix 1:1 Ratio for Coating and Casting, Jewelry, Craft DIY","1","amazon.ca","Amazon","Coe Hill","Ontario","K0L 1P","","35.99","0","0","0","0","0","0","0","0","0","0","-5.40","-16.38","-0.11","0","14.10"
