﻿"Include transazioni relative sia a Vendita su Amazon sia Logistica di Amazon."
"Tutti gli importi sono espressi in EUR, se non diversamente specificato."
"Definizioni:"
"Imposta sulle vendite riscossa: include l'imposta sulle vendite riscossa dagli acquirenti per la vendita, la spedizione e la confezione regalo dei prodotti."
"Commissioni di vendita: Include commissioni variabili di chiusura e concessioni di procacciamento d'affari"
"Altri costi relativi alle transazioni: includono costi di chargeback per la spedizione e trattenute sulla spedizione."
"Altro: include l'importo delle transazioni non relative all'ordine. Per maggiori informazioni, consulta le colonne ""Tipo"" e ""Descrizione"" per ogni numero d'ordine."
"Data/Ora:","Numero pagamento","Tipo","Numero ordine","SKU","Descrizione","Quantità","Marketplace","Gestione","Città di provenienza dell'ordine","Provincia di provenienza dell'ordine","CAP dell'ordine","modello di riscossione delle imposte","Vendite","imposta sulle vendite dei prodotti","Accrediti per le spedizioni","imposta accrediti per le spedizioni","Accrediti per confezioni regalo","imposta sui crediti confezione regalo","Sconti promozionali","imposta sugli sconti promozionali","trattenuta IVA del marketplace","Commissioni di vendita","Costi del servizio Logistica di Amazon","Altri costi relativi alle transazioni","Altro","totale"
"1 mar 2025 00:02:09 UTC","24333203662","Ordine","171-3464941-8418747","L7-UJO5-2Z9P","BUTIRESIN Ensemble de résine époxy, 16oz/474ml, transparent, non toxique, rapport 1:1 ; Sans danger pour les aliments et à faible odeur, sans bulle","1","amazon.it","Amazon","Prato","PO","59100","MarketplaceFacilitator","12,45","2,74","0","0","0","0","-2,49","-0,55","-2,19","-1,82","-5,05","-0,04","0","3,05"
"1 mar 2025 00:04:27 UTC","24333203662","Ordine","403-5006239-9093933","EPR-EU1G","EPRESINART Resina Epossidica Trasparente Kit Principianti,3785ml 1:1 Resina Epoxy con Indurente per Creazi,Fai da Te, Legno, Decorazioni","1","amazon.it","Amazon","Serra de' conti","Ancona","60030","MarketplaceFacilitator","51,39","11,30","0","0","0","0","0","0","-11,30","-8,15","-7,25","-0,16","0","35,83"
"2 mar 2025 00:06:32 UTC","24333203662","Ordine","404-2412658-7670715","9W-G2D2-1J3T","BUTIRESIN Ensemble de résine époxy, 32oz/948ml, transparent, non toxique, rapport 1:1 ; Sans danger pour les aliments et à faible odeur, sans bulle","1","amazon.it","Amazon","Torino","Torino","10136","MarketplaceFacilitator","20,11","4,43","0","0","0","0","-4,02","-0,89","-3,54","-2,94","-9,38","-0,06","0","3,71"
"2 mar 2025 04:43:47 UTC","24333203662","Commissione di servizio","","","Costo della pubblicità","","","","","","","","0","0","0","0","0","0","0","0","0","0","0","-92,35","0","-92,35"
"3 mar 2025 20:47:33 UTC","24333203662","Ordine","403-8009265-2884355","L7-UJO5-2Z9P","BUTIRESIN Ensemble de résine époxy, 16oz/474ml, transparent, non toxique, rapport 1:1 ; Sans danger pour les aliments et à faible odeur, sans bulle","1","amazon.it","Amazon","san giuseppe di comacchio","ferrara","44020","MarketplaceFacilitator","12,45","2,74","0","0","0","0","-2,49","-0,55","-2,19","-1,82","-5,05","-0,04","0","3,05"
"4 mar 2025 08:02:59 UTC","24333203662","Ordine","406-6876095-4933961","L7-UJO5-2Z9P","BUTIRESIN Ensemble de résine époxy, 16oz/474ml, transparent, non toxique, rapport 1:1 ; Sans danger pour les aliments et à faible odeur, sans bulle","1","amazon.it","Amazon","Milano","Milano","20132","MarketplaceFacilitator","12,45","2,74","0","0","0","0","-2,49","-0,55","-2,19","-1,82","-5,05","-0,04","0","3,05"
"4 mar 2025 14:07:45 UTC","24333203662","Ordine","405-4968729-0926723","L7-UJO5-2Z9P","BUTIRESIN Ensemble de résine époxy, 16oz/474ml, transparent, non toxique, rapport 1:1 ; Sans danger pour les aliments et à faible odeur, sans bulle","1","amazon.it","Amazon","Orte","Viterbo","01028","MarketplaceFacilitator","12,45","2,74","2,04","0,45","0","0","-2,49","-0,55","-2,64","-1,82","-7,09","-0,04","0","3,05"
"4 mar 2025 21:41:40 UTC","24333203662","Ordine","403-3818476-9856309","L7-UJO5-2Z9P","BUTIRESIN Ensemble de résine époxy, 16oz/474ml, transparent, non toxique, rapport 1:1 ; Sans danger pour les aliments et à faible odeur, sans bulle","1","amazon.it","Amazon","Portogruaro","VE","30026","MarketplaceFacilitator","12,45","2,74","0","0","0","0","-2,49","-0,55","-2,19","-1,82","-5,05","-0,04","0","3,05"
"4 mar 2025 23:35:39 UTC","24333203662","Ordine","171-8437286-1657132","L7-UJO5-2Z9P","BUTIRESIN Ensemble de résine époxy, 16oz/474ml, transparent, non toxique, rapport 1:1 ; Sans danger pour les aliments et à faible odeur, sans bulle","1","amazon.it","Amazon","bergamo","bg","24127","MarketplaceFacilitator","12,45","2,74","0","0","0","0","-2,49","-0,55","-2,19","-1,82","-5,05","-0,04","0","3,05"
"5 mar 2025 16:06:32 UTC","24333203662","Ordine","403-9518702-0682758","L7-UJO5-2Z9P","BUTIRESIN Ensemble de résine époxy, 16oz/474ml, transparent, non toxique, rapport 1:1 ; Sans danger pour les aliments et à faible odeur, sans bulle","1","amazon.it","Amazon","Baronissi","Salerno","84081","MarketplaceFacilitator","12,45","2,74","0","0","0","0","-2,49","-0,55","-2,19","-1,82","-5,05","-0,04","0","3,05"
"5 mar 2025 16:58:14 UTC","24333203662","Ordine","407-4375166-7611551","LZ-1BCI-EQUM","EPRESINART Set di resine epossidiche, 36oz/1064ml Resina epossidica non tossica, chiaro set di resine da colata, resina epossidica in rapporto 1:1 per","1","amazon.it","Amazon","Camporotondo Etneo","Catania","95040","MarketplaceFacilitator","22,12","4,87","0","0","0","0","0","0","-4,87","-3,51","-9,38","-0,07","0","9,16"
"5 mar 2025 22:22:56 UTC","24333203662","Ordine","404-3493034-2800307","L8-JVRH-OZ94","EPRESINART Set di resine epossidiche, 36oz/1064ml Resina epossidica non tossica, chiaro set di resine da colata, resina epossidica in rapporto 1:1 per","1","amazon.it","Amazon","garbagna novarese","Novara","28070","MarketplaceFacilitator","20,24","4,45","3,27","0,72","0","0","0","0","-5,17","-3,21","-12,62","-0,06","0","7,62"
"5 mar 2025 23:13:58 UTC","24333203662","Ordine","408-5484614-6859560","L8-JVRH-OZ94","EPRESINART Set di resine epossidiche, 36oz/1064ml Resina epossidica non tossica, chiaro set di resine da colata, resina epossidica in rapporto 1:1 per","1","amazon.it","Amazon","Trieste","TS","34143","MarketplaceFacilitator","20,24","4,45","0","0","0","0","0","0","-4,45","-3,21","-9,38","-0,06","0","7,59"
"5 mar 2025 23:14:26 UTC","24333203662","Ordine","403-1567565-5491558","L7-UJO5-2Z9P","BUTIRESIN Ensemble de résine époxy, 16oz/474ml, transparent, non toxique, rapport 1:1 ; Sans danger pour les aliments et à faible odeur, sans bulle","1","amazon.it","Amazon","Sant' Albino","Siena","53045","MarketplaceFacilitator","12,45","2,74","0","0","0","0","-2,49","-0,55","-2,19","-1,82","-5,05","-0,04","0","3,05"
"6 mar 2025 21:35:03 UTC","24333203662","Ordine","171-0529286-2119566","L7-UJO5-2Z9P","BUTIRESIN Ensemble de résine époxy, 16oz/474ml, transparent, non toxique, rapport 1:1 ; Sans danger pour les aliments et à faible odeur, sans bulle","1","amazon.it","Amazon","Bologna","Bo","40128","MarketplaceFacilitator","12,45","2,74","0","0","0","0","-2,49","-0,55","-2,19","-1,82","-5,05","-0,04","0","3,05"
"6 mar 2025 21:50:13 UTC","24333203662","Ordine","402-5683524-5457145","L7-UJO5-2Z9P","BUTIRESIN Ensemble de résine époxy, 16oz/474ml, transparent, non toxique, rapport 1:1 ; Sans danger pour les aliments et à faible odeur, sans bulle","1","amazon.it","Amazon","Bari Santo spirito","Bari","70127","MarketplaceFacilitator","12,45","2,74","0","0","0","0","-2,49","-0,55","-2,19","-1,82","-5,05","-0,04","0","3,05"
"6 mar 2025 22:08:38 UTC","24333203662","Ordine","405-4550146-8295501","L8-JVRH-OZ94","EPRESINART Set di resine epossidiche, 36oz/1064ml Resina epossidica non tossica, chiaro set di resine da colata, resina epossidica in rapporto 1:1 per","1","amazon.it","Amazon","ostuni","Brindisi","72017","MarketplaceFacilitator","20,24","4,45","0,66","0,14","0","0","-0,66","-0,14","-4,45","-3,21","-9,38","-0,06","0","7,59"
"6 mar 2025 22:23:46 UTC","24333203662","Ordine","171-6094994-8345946","L7-UJO5-2Z9P","BUTIRESIN Ensemble de résine époxy, 16oz/474ml, transparent, non toxique, rapport 1:1 ; Sans danger pour les aliments et à faible odeur, sans bulle","1","amazon.it","Amazon","Campagna","Salerno","84022","MarketplaceFacilitator","12,45","2,74","0","0","0","0","-2,49","-0,55","-2,19","-1,82","-5,05","-0,04","0","3,05"
"6 mar 2025 22:45:35 UTC","24333203662","Ordine","404-5359315-7080331","LZ-1BCI-EQUM","EPRESINART Set di resine epossidiche, 36oz/1064ml Resina epossidica non tossica, chiaro set di resine da colata, resina epossidica in rapporto 1:1 per","1","amazon.it","Amazon","VILLALBA","Roma","00012","MarketplaceFacilitator","22,12","4,87","0","0","0","0","0","0","-4,87","-3,51","-9,38","-0,07","0","9,16"
"6 mar 2025 23:08:27 UTC","24333203662","Ordine","404-0868110-2150754","LZ-1BCI-EQUM","EPRESINART Set di resine epossidiche, 36oz/1064ml Resina epossidica non tossica, chiaro set di resine da colata, resina epossidica in rapporto 1:1 per","1","amazon.it","Amazon","Sedico","Belluno","32036","MarketplaceFacilitator","22,12","4,87","0","0","0","0","0","0","-4,87","-3,51","-9,38","-0,07","0","9,16"
"6 mar 2025 23:12:55 UTC","24333203662","Ordine","407-6685900-9292369","LZ-1BCI-EQUM","EPRESINART Set di resine epossidiche, 36oz/1064ml Resina epossidica non tossica, chiaro set di resine da colata, resina epossidica in rapporto 1:1 per","1","amazon.it","Amazon","Colli al Metauro","Pesaro e Urbino","61036","MarketplaceFacilitator","22,12","4,87","0","0","0","0","0","0","-4,87","-3,51","-9,38","-0,07","0","9,16"
"7 mar 2025 03:10:22 UTC","24333203662","Costo di stoccaggio Logistica di Amazon","","","Tariffa di stoccaggio di Logistica di Amazon","","Amazon.it","","","","","","0","0","0","0","0","0","0","0","0","0","0","0","-27,58","-27,58"
"7 mar 2025 08:15:28 UTC","24375431612","Ordine","171-0732958-7828368","L7-UJO5-2Z9P","BUTIRESIN Ensemble de résine époxy, 16oz/474ml, transparent, non toxique, rapport 1:1 ; Sans danger pour les aliments et à faible odeur, sans bulle","1","amazon.it","Amazon","Milano","Milano","20145","MarketplaceFacilitator","12,45","2,74","0","0","0","0","-2,49","-0,55","-2,19","-1,82","-5,05","-0,04","0","3,05"
"7 mar 2025 21:58:10 UTC","24375431612","Ordine","404-0650772-0593113","L7-UJO5-2Z9P","BUTIRESIN Ensemble de résine époxy, 16oz/474ml, transparent, non toxique, rapport 1:1 ; Sans danger pour les aliments et à faible odeur, sans bulle","1","amazon.it","Amazon","Milano","Milano","20146","MarketplaceFacilitator","12,45","2,74","1,63","0,36","0","0","-2,49","-0,55","-2,55","-1,82","-6,68","-0,04","0","3,05"
"7 mar 2025 22:02:03 UTC","24375431612","Trasferimento","","","Per il conto che termina con: 332","","","","","","","","0","0","0","0","0","0","0","0","0","0","0","0","-21,75","-21,75"
"7 mar 2025 22:21:28 UTC","24375431612","Ordine","408-5658621-4281913","LZ-1BCI-EQUM","EPRESINART Set di resine epossidiche, 36oz/1064ml Resina epossidica non tossica, chiaro set di resine da colata, resina epossidica in rapporto 1:1 per","1","amazon.it","Amazon","Alessandria","AL","15122","MarketplaceFacilitator","22,12","4,87","0","0","0","0","0","0","-4,87","-3,51","-9,38","-0,07","0","9,16"
"7 mar 2025 22:48:41 UTC","24375431612","Ordine","408-4108463-2005142","LZ-1BCI-EQUM","EPRESINART Set di resine epossidiche, 36oz/1064ml Resina epossidica non tossica, chiaro set di resine da colata, resina epossidica in rapporto 1:1 per","1","amazon.it","Amazon","Albenga","Savona","17031","MarketplaceFacilitator","22,12","4,87","0","0","0","0","0","0","-4,87","-3,51","-9,38","-0,07","0","9,16"
"7 mar 2025 22:59:39 UTC","24375431612","Ordine","404-5747130-6872304","L7-UJO5-2Z9P","BUTIRESIN Ensemble de résine époxy, 16oz/474ml, transparent, non toxique, rapport 1:1 ; Sans danger pour les aliments et à faible odeur, sans bulle","1","amazon.it","Amazon","FRIGNANO","CE","81031","MarketplaceFacilitator","12,45","2,74","0","0","0","0","-2,49","-0,55","-2,19","-1,82","-5,05","-0,04","0","3,05"
"8 mar 2025 17:52:40 UTC","24375431612","Ordine","403-3276943-7650725","LZ-1BCI-EQUM","EPRESINART Set di resine epossidiche, 36oz/1064ml Resina epossidica non tossica, chiaro set di resine da colata, resina epossidica in rapporto 1:1 per","1","amazon.it","Amazon","Belluno","Belluno","32100","MarketplaceFacilitator","22,12","4,87","1,09","0,24","0","0","-1,09","-0,24","-4,87","-3,51","-9,38","-0,07","0","9,16"
"8 mar 2025 20:34:46 UTC","24375431612","Ordine","406-5696032-1425905","L7-UJO5-2Z9P","BUTIRESIN Ensemble de résine époxy, 16oz/474ml, transparent, non toxique, rapport 1:1 ; Sans danger pour les aliments et à faible odeur, sans bulle","1","amazon.it","Amazon","Bassano del Grappa","Vicenza","36061","MarketplaceFacilitator","12,45","2,74","0","0","0","0","-2,49","-0,55","-2,19","-1,82","-5,05","-0,04","0","3,05"
"8 mar 2025 22:51:26 UTC","24375431612","Ordine","405-5900871-6624349","L7-UJO5-2Z9P","BUTIRESIN Ensemble de résine époxy, 16oz/474ml, transparent, non toxique, rapport 1:1 ; Sans danger pour les aliments et à faible odeur, sans bulle","1","amazon.it","Amazon","Castelfranco Emilia","Modena","41013","MarketplaceFacilitator","12,45","2,74","0","0","0","0","-2,49","-0,55","-2,19","-1,82","-5,05","-0,04","0","3,05"
"10 mar 2025 00:02:05 UTC","24375431612","Ordine","407-9066056-4646758","L7-UJO5-2Z9P","BUTIRESIN Ensemble de résine époxy, 16oz/474ml, transparent, non toxique, rapport 1:1 ; Sans danger pour les aliments et à faible odeur, sans bulle","1","amazon.it","Amazon","ferentino","frosinone","03013","MarketplaceFacilitator","12,45","2,74","0","0","0","0","-2,49","-0,55","-2,19","-1,82","-5,05","-0,04","0","3,05"
"10 mar 2025 00:06:13 UTC","24375431612","Ordine","407-3578436-3100307","L7-UJO5-2Z9P","BUTIRESIN Ensemble de résine époxy, 16oz/474ml, transparent, non toxique, rapport 1:1 ; Sans danger pour les aliments et à faible odeur, sans bulle","1","amazon.it","Amazon","Milano","Milano","20141","MarketplaceFacilitator","12,45","2,74","0","0","0","0","-2,49","-0,55","-2,19","-1,82","-5,05","-0,04","0","3,05"
"10 mar 2025 22:43:45 UTC","24415051882","Trasferimento","","","Per il conto che termina con: 332","","","","","","","","0","0","0","0","0","0","0","0","0","0","0","0","-48,83","-48,83"
"11 mar 2025 20:07:12 UTC","24415051882","Ordine","408-8621833-4518750","L7-UJO5-2Z9P","BUTIRESIN Ensemble de résine époxy, 16oz/474ml, transparent, non toxique, rapport 1:1 ; Sans danger pour les aliments et à faible odeur, sans bulle","1","amazon.it","Amazon","Bologna","BO","40141","MarketplaceFacilitator","12,45","2,74","0,66","0,14","0","0","-3,15","-0,69","-2,19","-1,82","-5,05","-0,04","0","3,05"
"11 mar 2025 20:23:06 UTC","24415051882","Ordine","406-0283324-3097105","EPR-EU1G","EPRESINART Resina Epossidica Trasparente Kit Principianti,3785ml 1:1 Resina Epoxy con Indurente per Creazi,Fai da Te, Legno, Decorazioni","1","amazon.it","Amazon","Deruta","Perugia","06053","MarketplaceFacilitator","51,39","11,30","0","0","0","0","0","0","-11,30","-8,15","-7,25","-0,16","0","35,83"
"11 mar 2025 22:13:35 UTC","24415051882","Ordine","404-1843097-0509121","9W-G2D2-1J3T","BUTIRESIN Ensemble de résine époxy, 32oz/948ml, transparent, non toxique, rapport 1:1 ; Sans danger pour les aliments et à faible odeur, sans bulle","1","amazon.it","Amazon","Torino","Torino","10136","MarketplaceFacilitator","20,11","4,43","0","0","0","0","-4,02","-0,89","-7,08","-5,88","-9,38","-0,12","0","-2,83"
"11 mar 2025 22:13:35 UTC","24415051882","Ordine","404-1843097-0509121","9W-G2D2-1J3T","BUTIRESIN Ensemble de résine époxy, 32oz/948ml, transparent, non toxique, rapport 1:1 ; Sans danger pour les aliments et à faible odeur, sans bulle","1","amazon.it","Amazon","Torino","Torino","10136","","20,11","4,43","0","0","0","0","-4,02","-0,89","0","0","-9,38","0","0","10,25"
"12 mar 2025 00:04:46 UTC","24415051882","Ordine","408-9478292-3277953","LZ-1BCI-EQUM","EPRESINART Set di resine epossidiche, 36oz/1064ml Resina epossidica non tossica, chiaro set di resine da colata, resina epossidica in rapporto 1:1 per","1","amazon.it","Amazon","CIMOLAIS","Pordenone","33080","MarketplaceFacilitator","22,12","4,87","0","0","0","0","0","0","-4,87","-3,51","-9,38","-0,07","0","9,16"
"12 mar 2025 22:41:46 UTC","24430737612","Trasferimento","","","Per il conto che termina con: 332","","","","","","","","0","0","0","0","0","0","0","0","0","0","0","0","-55,46","-55,46"
"13 mar 2025 21:42:32 UTC","24430737612","Ordine","402-7204076-4858764","L7-UJO5-2Z9P","BUTIRESIN Ensemble de résine époxy, 16oz/474ml, transparent, non toxique, rapport 1:1 ; Sans danger pour les aliments et à faible odeur, sans bulle","1","amazon.it","Amazon","Ora","Bolzano","39040","MarketplaceFacilitator","12,45","2,74","1,09","0,24","0","0","-3,58","-0,79","-2,19","-1,82","-5,05","-0,04","0","3,05"
"13 mar 2025 22:54:23 UTC","24430737612","Ordine","403-3907895-8465162","L7-UJO5-2Z9P","BUTIRESIN Ensemble de résine époxy, 16oz/474ml, transparent, non toxique, rapport 1:1 ; Sans danger pour les aliments et à faible odeur, sans bulle","1","amazon.it","Amazon","Barano D'ischia","NA","80072","MarketplaceFacilitator","12,45","2,74","0","0","0","0","-2,49","-0,55","-2,19","-1,82","-5,05","-0,04","0","3,05"
"13 mar 2025 23:25:34 UTC","24430737612","Ordine","402-8463867-1544336","L8-JVRH-OZ94","EPRESINART Set di resine epossidiche, 36oz/1064ml Resina epossidica non tossica, chiaro set di resine da colata, resina epossidica in rapporto 1:1 per","1","amazon.it","Amazon","Monreale","PALERMO","90046","MarketplaceFacilitator","20,24","4,45","0","0","0","0","0","0","-4,45","-3,21","-9,38","-0,06","0","7,59"
"14 mar 2025 20:49:04 UTC","24445344602","Ordine","406-1239117-8221155","L8-JVRH-OZ94","EPRESINART Set di resine epossidiche, 36oz/1064ml Resina epossidica non tossica, chiaro set di resine da colata, resina epossidica in rapporto 1:1 per","1","amazon.it","Amazon","Balangero","Torino","10070","MarketplaceFacilitator","20,24","4,45","0","0","0","0","0","0","-4,45","-3,21","-9,38","-0,06","0","7,59"
"14 mar 2025 22:21:38 UTC","24445344602","Trasferimento","","","Per il conto che termina con: 332","","","","","","","","0","0","0","0","0","0","0","0","0","0","0","0","-13,69","-13,69"
"14 mar 2025 22:45:12 UTC","24445344602","Ordine","405-0791355-5952369","EPR-EU1G","EPRESINART Resina Epossidica Trasparente Kit Principianti,3785ml 1:1 Resina Epoxy con Indurente per Creazi,Fai da Te, Legno, Decorazioni","1","amazon.it","Amazon","MILANO","MILANO","20124","MarketplaceFacilitator","54,09","11,90","0","0","0","0","0","0","-11,90","-8,58","-7,25","-0,17","0","38,09"
"14 mar 2025 23:13:11 UTC","24445344602","Ordine","402-8847182-0726766","9W-G2D2-1J3T","BUTIRESIN Ensemble de résine époxy, 32oz/948ml, transparent, non toxique, rapport 1:1 ; Sans danger pour les aliments et à faible odeur, sans bulle","1","amazon.it","Amazon","Santa Giustina in colle","Padova","35010","MarketplaceFacilitator","20,11","4,43","0","0","0","0","-4,02","-0,89","-3,54","-2,94","-9,38","-0,06","0","3,71"
"15 mar 2025 13:33:30 UTC","24445344602","Ordine","403-5254940-9182731","EPR-EU1G","EPRESINART Resina Epossidica Trasparente Kit Principianti,3785ml 1:1 Resina Epoxy con Indurente per Creazi,Fai da Te, Legno, Decorazioni","1","amazon.it","Amazon","Barberino di Mugello","Firenze","50031","MarketplaceFacilitator","54,09","11,90","0","0","0","0","0","0","-11,90","-8,58","-7,25","-0,17","0","38,09"
"15 mar 2025 22:42:37 UTC","24445344602","Ordine","405-3517995-2405104","L8-JVRH-OZ94","EPRESINART Set di resine epossidiche, 36oz/1064ml Resina epossidica non tossica, chiaro set di resine da colata, resina epossidica in rapporto 1:1 per","1","amazon.it","Amazon","Terni","Terni","05100","MarketplaceFacilitator","20,24","4,45","0","0","0","0","0","0","-4,45","-3,21","-9,38","-0,06","0","7,59"
"16 mar 2025 22:10:39 UTC","24445344602","Ordine","171-4292534-9662766","L8-JVRH-OZ94","EPRESINART Set di resine epossidiche, 36oz/1064ml Resina epossidica non tossica, chiaro set di resine da colata, resina epossidica in rapporto 1:1 per","1","amazon.it","Amazon","Umbertide","Perugia","06019","MarketplaceFacilitator","20,24","4,45","0","0","0","0","0","0","-4,45","-3,21","-9,38","-0,06","0","7,59"
"17 mar 2025 17:03:48 UTC","24461782972","Ordine","403-7293195-8795524","L7-UJO5-2Z9P","BUTIRESIN Ensemble de résine époxy, 16oz/474ml, transparent, non toxique, rapport 1:1 ; Sans danger pour les aliments et à faible odeur, sans bulle","1","amazon.it","Amazon","Portogruaro","VE","30026","MarketplaceFacilitator","13,11","2,88","0","0","0","0","-2,62","-0,58","-2,30","-1,92","-8,55","-0,04","0","-0,02"
"17 mar 2025 19:11:52 UTC","24461782972","Ordine","404-7167190-3279566","EPR-EU1G","EPRESINART Resina Epossidica Trasparente Kit Principianti,3785ml 1:1 Resina Epoxy con Indurente per Creazi,Fai da Te, Legno, Decorazioni","2","amazon.it","Amazon","roma","Roma","00187","MarketplaceFacilitator","108,18","23,80","3,27","0,72","0","0","-3,27","-0,72","-23,80","-17,16","-14,50","-0,34","0","76,18"
"17 mar 2025 22:02:06 UTC","24461782972","Trasferimento","","","Per il conto che termina con: 332","","","","","","","","0","0","0","0","0","0","0","0","0","0","0","0","-102,66","-102,66"
"17 mar 2025 23:05:10 UTC","24461782972","Ordine","171-9525085-9225906","L8-JVRH-OZ94","EPRESINART Set di resine epossidiche, 36oz/1064ml Resina epossidica non tossica, chiaro set di resine da colata, resina epossidica in rapporto 1:1 per","1","amazon.it","Amazon","Roma","RM","00132","MarketplaceFacilitator","20,24","4,45","0","0","0","0","-1,01","-0,22","-4,23","-3,05","-9,38","-0,06","0","6,74"
"18 mar 2025 18:14:15 UTC","24461782972","Ordine","404-2021109-1378746","LZ-1BCI-EQUM","EPRESINART Set di resine epossidiche, 36oz/1064ml Resina epossidica non tossica, chiaro set di resine da colata, resina epossidica in rapporto 1:1 per","1","amazon.it","Amazon","Cassano allo ionio","Cosenza","87011","MarketplaceFacilitator","22,12","4,87","0","0","0","0","0","0","-4,87","-3,51","-9,38","-0,07","0","9,16"
"18 mar 2025 21:11:48 UTC","24461782972","Ordine","403-1031052-7532310","LZ-1BCI-EQUM","EPRESINART Set di resine epossidiche, 36oz/1064ml Resina epossidica non tossica, chiaro set di resine da colata, resina epossidica in rapporto 1:1 per","1","amazon.it","Amazon","Santa Margherita Ligure","Genova","16038","MarketplaceFacilitator","22,12","4,87","0","0","0","0","0","0","-4,87","-3,51","-9,38","-0,07","0","9,16"
"19 mar 2025 21:24:26 UTC","24461782972","Ordine","402-5680698-7135501","EPR-EU1G","EPRESINART Resina Epossidica Trasparente Kit Principianti,3785ml 1:1 Resina Epoxy con Indurente per Creazi,Fai da Te, Legno, Decorazioni","1","amazon.it","Amazon","Mondovì","Cn","12084","MarketplaceFacilitator","54,09","11,90","0","0","0","0","0","0","-11,90","-8,58","-7,25","-0,17","0","38,09"
"20 mar 2025 14:06:56 UTC","24461782972","Ordine","407-6297926-3309148","LZ-1BCI-EQUM","EPRESINART Set di resine epossidiche, 36oz/1064ml Resina epossidica non tossica, chiaro set di resine da colata, resina epossidica in rapporto 1:1 per","1","amazon.it","Amazon","Murello","Cuneo","12030","MarketplaceFacilitator","22,12","4,87","0","0","0","0","0","0","-4,87","-3,51","-9,38","-0,07","0","9,16"
"20 mar 2025 16:25:02 UTC","24461782972","Ordine","405-6160155-3377141","LZ-1BCI-EQUM","EPRESINART Set di resine epossidiche, 36oz/1064ml Resina epossidica non tossica, chiaro set di resine da colata, resina epossidica in rapporto 1:1 per","1","amazon.it","Amazon","Campobasso","Campobasso","86100","MarketplaceFacilitator","22,12","4,87","0","0","0","0","0","0","-4,87","-3,51","-9,38","-0,07","0","9,16"
"20 mar 2025 23:20:59 UTC","24461782972","Ordine","405-3702933-2214762","LZ-1BCI-EQUM","EPRESINART Set di resine epossidiche, 36oz/1064ml Resina epossidica non tossica, chiaro set di resine da colata, resina epossidica in rapporto 1:1 per","1","amazon.it","Amazon","Castelluccio (Costa Saracena )","Sirakusa","96011","MarketplaceFacilitator","22,12","4,87","0","0","0","0","0","0","-4,87","-3,51","-9,38","-0,07","0","9,16"
"21 mar 2025 00:05:36 UTC","24461782972","Ordine","405-4618485-7517150","L8-JVRH-OZ94","EPRESINART Set di resine epossidiche, 36oz/1064ml Resina epossidica non tossica, chiaro set di resine da colata, resina epossidica in rapporto 1:1 per","1","amazon.it","Amazon","SANT'OLCESE","Genova","16010","MarketplaceFacilitator","21,30","4,69","0","0","0","0","0","0","-4,69","-3,38","-9,38","-0,07","0","8,47"
"21 mar 2025 00:20:13 UTC","24461782972","Ordine","404-0787424-1578701","9W-G2D2-1J3T","BUTIRESIN Ensemble de résine époxy, 32oz/948ml, transparent, non toxique, rapport 1:1 ; Sans danger pour les aliments et à faible odeur, sans bulle","1","amazon.it","Amazon","Torino","Torino","10136","MarketplaceFacilitator","23,77","5,23","0","0","0","0","-4,75","-1,05","-4,18","-3,48","-9,38","-0,07","0","6,09"
"21 mar 2025 20:38:02 UTC","24476496082","Ordine","405-2787004-5984345","LZ-1BCI-EQUM","EPRESINART Set di resine epossidiche, 36oz/1064ml Resina epossidica non tossica, chiaro set di resine da colata, resina epossidica in rapporto 1:1 per","1","amazon.it","Amazon","Torgiano","Perugia","06089","MarketplaceFacilitator","22,12","4,87","0","0","0","0","0","0","-4,87","-3,51","-9,38","-0,07","0","9,16"
"21 mar 2025 20:40:03 UTC","24476496082","Rimborso","403-1031052-7532310","LZ-1BCI-EQUM","EPRESINART Set di resine epossidiche, 36oz/1064ml Resina epossidica non tossica, chiaro set di resine da colata, resina epossidica in rapporto 1:1 per","1","amazon.it","Amazon","Santa Margherita Ligure","Genova","16038","MarketplaceFacilitator","-22,12","-4,87","0","0","0","0","0","0","4,87","2,81","0","0,07","0","-19,24"
"21 mar 2025 22:42:24 UTC","24476496082","Trasferimento","","","Per il conto che termina con: 332","","","","","","","","0","0","0","0","0","0","0","0","0","0","0","0","-181,35","-181,35"
"22 mar 2025 19:24:28 UTC","24476496082","Ordine","402-8102813-8985926","LZ-1BCI-EQUM","EPRESINART Set di resine epossidiche, 36oz/1064ml Resina epossidica non tossica, chiaro set di resine da colata, resina epossidica in rapporto 1:1 per","1","amazon.it","Amazon","chieti","chieti","66100","MarketplaceFacilitator","22,12","4,87","1,63","0,36","0","0","-1,63","-0,36","-4,87","-3,51","-9,38","-0,07","0","9,16"
"22 mar 2025 22:09:01 UTC","24476496082","Ordine","404-3238944-5544347","EPR-EU1G","EPRESINART Resina Epossidica Trasparente Kit Principianti,3785ml 1:1 Resina Epoxy con Indurente per Creazi,Fai da Te, Legno, Decorazioni","1","amazon.it","Amazon","Sasso Marconi","Bologna","40037","MarketplaceFacilitator","51,39","11,30","3,27","0,72","0","0","-3,27","-0,72","-11,30","-8,15","-7,25","-0,16","0","35,83"
"22 mar 2025 22:52:14 UTC","24476496082","Ordine","406-5258744-3782767","LZ-1BCI-EQUM","EPRESINART Set di resine epossidiche, 36oz/1064ml Resina epossidica non tossica, chiaro set di resine da colata, resina epossidica in rapporto 1:1 per","1","amazon.it","Amazon","Balangero","Torino","10070","MarketplaceFacilitator","22,12","4,87","0","0","0","0","0","0","-4,87","-3,51","-9,38","-0,07","0","9,16"
"22 mar 2025 23:32:48 UTC","24476496082","Ordine","407-5090206-0294701","LZ-1BCI-EQUM","EPRESINART Set di resine epossidiche, 36oz/1064ml Resina epossidica non tossica, chiaro set di resine da colata, resina epossidica in rapporto 1:1 per","1","amazon.it","Amazon","Senigallia","Ancona","60019","MarketplaceFacilitator","22,12","4,87","0","0","0","0","0","0","-4,87","-3,51","-9,38","-0,07","0","9,16"
"24 mar 2025 20:12:43 UTC","24506155742","Ordine","407-0771937-2977917","UV-002","Resina UV 500 g, resina UV trasparente, aggiornamento UV resina dura, trasparente UV ad indurimento rapido indurimento UV resina epossidica per gioiel","1","amazon.it","Amazon","MONTECELIO","Roma","00012","MarketplaceFacilitator","17,90","3,94","0","0","0","0","0","0","-3,94","-2,84","-4,95","-0,06","0","10,05"
"24 mar 2025 22:01:38 UTC","24506155742","Trasferimento","","","Per il conto che termina con: 332","","","","","","","","0","0","0","0","0","0","0","0","0","0","0","0","-53,23","-53,23"
"26 mar 2025 15:01:23 UTC","24506155742","Ordine","402-3587781-8721907","EPR-EU1G","EPRESINART Resina Epossidica Trasparente Kit Principianti,3785ml 1:1 Resina Epoxy con Indurente per Creazi,Fai da Te, Legno, Decorazioni","1","amazon.it","Amazon","La Valle","Bolzano","39030","MarketplaceFacilitator","51,39","11,30","0","0","0","0","0","0","-11,30","-8,15","-7,25","-0,16","0","35,83"
"26 mar 2025 20:41:25 UTC","24506155742","Ordine","405-8088206-8591545","LZ-1BCI-EQUM","EPRESINART Set di resine epossidiche, 36oz/1064ml Resina epossidica non tossica, chiaro set di resine da colata, resina epossidica in rapporto 1:1 per","1","amazon.it","Amazon","FIRENZE","FIRENZE","50133","MarketplaceFacilitator","22,12","4,87","0","0","0","0","0","0","-4,87","-3,51","-9,38","-0,07","0","9,16"
"26 mar 2025 20:45:27 UTC","24506155742","Ordine","171-6394311-0779550","UV-002","Resina UV 500 g, resina UV trasparente, aggiornamento UV resina dura, trasparente UV ad indurimento rapido indurimento UV resina epossidica per gioiel","1","amazon.it","Amazon","Chiampo","Vicenza","36072","MarketplaceFacilitator","17,90","3,94","0","0","0","0","0","0","-3,94","-2,84","-4,95","-0,06","0","10,05"
"26 mar 2025 22:37:47 UTC","24506155742","Ordine","406-4501653-6100323","L7-UJO5-2Z9P","BUTIRESIN Ensemble de résine époxy, 16oz/474ml, transparent, non toxique, rapport 1:1 ; Sans danger pour les aliments et à faible odeur, sans bulle","1","amazon.it","Amazon","Milano","Milano","20132","MarketplaceFacilitator","12,45","2,74","0","0","0","0","-2,49","-0,55","-2,19","-1,82","-8,55","-0,04","0","-0,45"
"27 mar 2025 00:12:46 UTC","24506155742","Ordine","404-0554407-6164325","L7-UJO5-2Z9P","BUTIRESIN Ensemble de résine époxy, 16oz/474ml, transparent, non toxique, rapport 1:1 ; Sans danger pour les aliments et à faible odeur, sans bulle","1","amazon.it","Amazon","Torino","Torino","10136","MarketplaceFacilitator","12,45","2,74","0","0","0","0","-2,49","-0,55","-2,19","-1,82","-8,55","-0,04","0","-0,45"
"27 mar 2025 20:40:03 UTC","24506155742","Ordine","408-5383759-0474708","LZ-1BCI-EQUM","EPRESINART Set di resine epossidiche, 36oz/1064ml Resina epossidica non tossica, chiaro set di resine da colata, resina epossidica in rapporto 1:1 per","1","amazon.it","Amazon","CIMOLAIS","Pordenone","33080","MarketplaceFacilitator","22,12","4,87","0","0","0","0","0","0","-4,87","-3,51","-9,38","-0,07","0","9,16"
"27 mar 2025 21:43:07 UTC","24506155742","Ordine","406-3021058-1056329","L8-JVRH-OZ94","EPRESINART Set di resine epossidiche, 36oz/1064ml Resina epossidica non tossica, chiaro set di resine da colata, resina epossidica in rapporto 1:1 per","1","amazon.it","Amazon","Ceglie Messapica","BR","72013","MarketplaceFacilitator","20,24","4,45","0","0","0","0","0","0","-4,45","-3,21","-9,38","-0,06","0","7,59"
"27 mar 2025 22:27:17 UTC","24506155742","Ordine","407-3977408-1685951","UV-002","Resina UV 500 g, resina UV trasparente, aggiornamento UV resina dura, trasparente UV ad indurimento rapido indurimento UV resina epossidica per gioiel","1","amazon.it","Amazon","Fosdinovo","MS","54035","MarketplaceFacilitator","17,90","3,94","0","0","0","0","0","0","-3,94","-2,84","-4,95","-0,06","0","10,05"
"28 mar 2025 19:25:46 UTC","24520757772","Ordine","403-7208038-4718740","L7-UJO5-2Z9P","BUTIRESIN Ensemble de résine époxy, 16oz/474ml, transparent, non toxique, rapport 1:1 ; Sans danger pour les aliments et à faible odeur, sans bulle","1","amazon.it","Amazon","Portogruaro","VE","30026","MarketplaceFacilitator","12,45","2,74","0","0","0","0","-2,49","-0,55","-2,19","-1,82","-8,55","-0,04","0","-0,45"
"28 mar 2025 22:41:24 UTC","24520757772","Ordine","405-9180152-9792351","L8-JVRH-OZ94","EPRESINART Set di resine epossidiche, 36oz/1064ml Resina epossidica non tossica, chiaro set di resine da colata, resina epossidica in rapporto 1:1 per","1","amazon.it","Amazon","Decollatura","Catanzaro","88041","MarketplaceFacilitator","20,24","4,45","0","0","0","0","0","0","-4,45","-3,21","-9,38","-0,06","0","7,59"
"28 mar 2025 23:06:34 UTC","24520757772","Ordine","171-2332134-6204344","LZ-1BCI-EQUM","EPRESINART Set di resine epossidiche, 36oz/1064ml Resina epossidica non tossica, chiaro set di resine da colata, resina epossidica in rapporto 1:1 per","1","amazon.it","Amazon","San Benigno canavese","Torino","10080","MarketplaceFacilitator","22,12","4,87","0","0","0","0","0","0","-4,87","-3,51","-9,38","-0,07","0","9,16"
"28 mar 2025 23:33:25 UTC","24520757772","Ordine","406-4128562-7701111","L8-JVRH-OZ94","EPRESINART Set di resine epossidiche, 36oz/1064ml Resina epossidica non tossica, chiaro set di resine da colata, resina epossidica in rapporto 1:1 per","1","amazon.it","Amazon","Foligno","Perugia","06034","MarketplaceFacilitator","20,24","4,45","0","0","0","0","0","0","-4,45","-3,21","-9,38","-0,06","0","7,59"
"28 mar 2025 23:46:52 UTC","24520757772","Trasferimento","","","Per il conto che termina con: 332","","","","","","","","0","0","0","0","0","0","0","0","0","0","0","0","-90,99","-90,99"
"31 mar 2025 00:11:00 UTC","24520757772","Ordine","404-9925346-4581118","UV-002","Resina UV 500 g, resina UV trasparente, aggiornamento UV resina dura, trasparente UV ad indurimento rapido indurimento UV resina epossidica per gioiel","1","amazon.it","Amazon","Soliera","MO","41019","MarketplaceFacilitator","17,90","3,94","0","0","0","0","0","0","-3,94","-2,84","-4,95","-0,06","0","10,05"
"31 mar 2025 21:24:30 UTC","24550226672","Ordine","404-0375451-6177900","UV-002","Resina UV 500 g, resina UV trasparente, aggiornamento UV resina dura, trasparente UV ad indurimento rapido indurimento UV resina epossidica per gioiel","1","amazon.it","Amazon","Massarosa","LU","55054","","17,90","3,40","1,68","0,32","0","0","-1,68","-0,32","0","-2,84","-4,95","-0,06","0","13,45"
