﻿"Includes Amazon Marketplace, Fulfillment by Amazon (FBA), and Amazon Webstore transactions"
"All amounts in CAD, unless specified"
"Definitions:"
"Sales tax collected: Includes sales tax collected from buyers for product sales, shipping, and gift wrap."
"Selling fees: Includes variable closing fees and referral fees."
"Other transaction fees: Includes shipping chargebacks and shipping holdbacks."
"Other: Includes non-order transaction amounts. For more details, see the ""Type"" and ""Description"" columns for each order ID."
"date/time","settlement id","type","order id","sku","description","quantity","marketplace","fulfillment","order city","order state","order postal","tax collection model","product sales","product sales tax","shipping credits","shipping credits tax","gift wrap credits","gift wrap credits tax","Regulatory fee","Tax on regulatory fee","promotional rebates","promotional rebates tax","marketplace withheld tax","selling fees","fba fees","other transaction fees","other","total"
"Mar 1, 2025 12:01:29 a.m. PST","23008402791","Order","701-0940849-7125042","7Z-MGKR-201D","Epoxy Resin 2 Gallon Kit,Crystal Clear Epoxy Resin,Not Yellowing,Bubble Free,Food Safe Resin & Fast Curing Resin for Coating, Casting, Table Top, Rive","1","amazon.ca","Amazon","Sussex Corner","New Brunswick","E4E 3B","","109.36","0","0","0","0","0","0","0","-10.94","0","0","-14.76","-22.87","-0.30","0","60.49"
"Mar 1, 2025 12:38:42 a.m. PST","23008402791","Order","702-5247732-4083456","7K-0O9G-VJ3D","YOBTOP Epoxy Resin, 16oz Epoxy Resin Kit with Bubble Free Self Leveling High Gloss Not Yellowing Crystal Clear Epoxy Resin for Art Resin, DIY, Jewelry","1","amazon.ca","Amazon","Ottawa","Ontario","K2J 4A","Combined TCS+MTC","17.85","2.32","0","0","0","0","0","0","0","0","-2.32","-2.68","-7.71","-0.05","0","7.41"
"Mar 1, 2025 1:09:43 a.m. PST","23008402791","Order","701-8666384-8146641","7K-0O9G-VJ3D","YOBTOP Epoxy Resin, 16oz Epoxy Resin Kit with Bubble Free Self Leveling High Gloss Not Yellowing Crystal Clear Epoxy Resin for Art Resin, DIY, Jewelry","1","amazon.ca","Amazon","Rocanville","Saskatchewan","S0A3L","Combined TCS+MTC","17.85","1.96","3.26","0","0","0","0","0","-3.26","0","-1.96","-2.68","-7.71","-0.05","0","7.41"
"Mar 1, 2025 2:16:10 a.m. PST","23008402791","Order","701-0665406-5405040","52-3L6N-882S","YOBTOP Epoxy Resin, 32oz Epoxy Resin Kit with Bubble Free Self Leveling High Gloss Not Yellowing Crystal Clear Epoxy Resin for Art Resin, DIY, Jewelry","1","amazon.ca","Amazon","Windsor","Ontario","N8X 3K","Combined TCS+MTC","28.49","3.33","0","0","0","0","0","0","-2.85","0","-3.33","-3.85","-8.84","-0.08","0","12.87"
"Mar 1, 2025 3:28:13 a.m. PST","23008402791","Order","702-1335312-7729062","7Z-MGKR-201D","Epoxy Resin 2 Gallon Kit,Crystal Clear Epoxy Resin,Not Yellowing,Bubble Free,Food Safe Resin & Fast Curing Resin for Coating, Casting, Table Top, Rive","1","amazon.ca","Amazon","Botwood","Newfoundland","A0H 1E","","109.36","0","0","0","0","0","0","0","0","0","0","-16.40","-22.87","-0.33","0","69.76"
"Mar 1, 2025 6:18:38 a.m. PST","23008402791","Order","702-8268369-7702609","7K-0O9G-VJ3D","YOBTOP Epoxy Resin, 16oz Epoxy Resin Kit with Bubble Free Self Leveling High Gloss Not Yellowing Crystal Clear Epoxy Resin for Art Resin, DIY, Jewelry","1","amazon.ca","Amazon","North York","Ontario","M9M 2B","Combined TCS+MTC","17.85","2.32","0","0","0","0","0","0","0","0","-2.32","-2.68","-7.71","-0.05","0","7.41"
"Mar 1, 2025 6:49:12 a.m. PST","23008402791","Order","701-2368001-8501015","52-3L6N-882S","YOBTOP Epoxy Resin, 32oz Epoxy Resin Kit with Bubble Free Self Leveling High Gloss Not Yellowing Crystal Clear Epoxy Resin for Art Resin, DIY, Jewelry","1","amazon.ca","Amazon","Lunenburg","Ontario","K0C 1R","Combined TCS+MTC","28.49","3.33","0","0","0","0","0","0","-2.85","0","-3.33","-3.85","-8.84","-0.08","0","12.87"
"Mar 1, 2025 7:48:46 a.m. PST","23008402791","Order","701-6921862-1015425","7Z-MGKR-201D","Epoxy Resin 2 Gallon Kit,Crystal Clear Epoxy Resin,Not Yellowing,Bubble Free,Food Safe Resin & Fast Curing Resin for Coating, Casting, Table Top, Rive","1","amazon.ca","Amazon","Brantford","Ontario","N3S 4M","","109.36","0","0","0","0","0","0","0","0","0","0","-16.40","-22.87","-0.33","0","69.76"
"Mar 1, 2025 7:58:28 a.m. PST","23008402791","Order","702-3031716-5256243","7Z-MGKR-201D","Epoxy Resin 2 Gallon Kit,Crystal Clear Epoxy Resin,Not Yellowing,Bubble Free,Food Safe Resin & Fast Curing Resin for Coating, Casting, Table Top, Rive","1","amazon.ca","Amazon","Edmonton","Alberta","T6W 1C","Combined TCS+MTC","109.36","5.47","0","0","0","0","0","0","0","0","-5.47","-16.40","-16.89","-0.33","0","75.74"
"Mar 1, 2025 11:36:26 a.m. PST","23008402791","Order","701-1932986-3224205","52-3L6N-882S","YOBTOP Epoxy Resin, 32oz Epoxy Resin Kit with Bubble Free Self Leveling High Gloss Not Yellowing Crystal Clear Epoxy Resin for Art Resin, DIY, Jewelry","1","amazon.ca","Amazon","Etobicoke","Ontario","M9V 4M","Combined TCS+MTC","28.49","3.33","0","0","0","0","0","0","-2.85","0","-3.33","-3.85","-8.84","-0.08","0","12.87"
"Mar 1, 2025 3:29:50 p.m. PST","23008402791","Service Fee","eeb2382b-ed7c-488e-bff6-1fb2b4e0044e","","Coupon Redemption Fee: Save 10% on 32oz Epoxy Resin Kit","1","Amazon.ca","","","","","","0","0","0","0","0","0","0","0","0","0","0","0","0","-0.60","0","-0.60"
"Mar 2, 2025 3:12:35 a.m. PST","23008402791","Order","702-8061042-4721065","7K-0O9G-VJ3D","YOBTOP Epoxy Resin, 16oz Epoxy Resin Kit with Bubble Free Self Leveling High Gloss Not Yellowing Crystal Clear Epoxy Resin for Art Resin, DIY, Jewelry","1","amazon.ca","Amazon","NEPEAN","Ontario","K2J 3T","Combined TCS+MTC","17.85","2.32","0","0","0","0","0","0","0","0","-2.32","-2.68","-7.71","-0.05","0","7.41"
"Mar 2, 2025 3:20:47 a.m. PST","23008402791","Order","701-9656608-5446658","52-3L6N-882S","YOBTOP Epoxy Resin, 32oz Epoxy Resin Kit with Bubble Free Self Leveling High Gloss Not Yellowing Crystal Clear Epoxy Resin for Art Resin, DIY, Jewelry","1","amazon.ca","Amazon","St. Albert","Alberta","T8N 0E","Combined TCS+MTC","28.49","1.28","0","0","0","0","0","0","-2.85","0","-1.28","-3.85","-8.84","-0.08","0","12.87"
"Mar 2, 2025 3:47:35 a.m. PST","23008402791","Order","702-0144265-3281800","7K-0O9G-VJ3D","YOBTOP Epoxy Resin, 16oz Epoxy Resin Kit with Bubble Free Self Leveling High Gloss Not Yellowing Crystal Clear Epoxy Resin for Art Resin, DIY, Jewelry","2","amazon.ca","Amazon","Edmonton","Alberta","T6M 2P","Combined TCS+MTC","35.70","1.78","7.85","0","0","0","0","0","-7.85","0","-1.78","-5.36","-15.42","-0.11","0","14.81"
"Mar 2, 2025 4:31:26 a.m. PST","23008402791","Order","701-8625117-7529046","52-3L6N-882S","YOBTOP Epoxy Resin, 32oz Epoxy Resin Kit with Bubble Free Self Leveling High Gloss Not Yellowing Crystal Clear Epoxy Resin for Art Resin, DIY, Jewelry","2","amazon.ca","Amazon","Coquitlam","British Columbia","V3B 5Z","Combined TCS+MTC","56.98","6.16","0","0","0","0","0","0","-5.70","0","-6.16","-7.70","-17.68","-0.15","0","25.75"
"Mar 2, 2025 6:18:12 a.m. PST","23008402791","Service Fee","","","Cost of advertising","","","","","","","","0","0","0","0","0","0","0","0","0","0","0","0","0","-442.91","0","-442.91"
"Mar 2, 2025 7:00:37 a.m. PST","23008402791","Order","701-4513010-7565856","7K-0O9G-VJ3D","YOBTOP Epoxy Resin, 16oz Epoxy Resin Kit with Bubble Free Self Leveling High Gloss Not Yellowing Crystal Clear Epoxy Resin for Art Resin, DIY, Jewelry","1","amazon.ca","Amazon","Saint-Leonard-D'Aston","Quebec","J0C 1M","Combined TCS+MTC","17.85","2.67","0","0","0","0","0","0","0","0","-2.67","-2.68","-7.71","-0.05","0","7.41"
"Mar 2, 2025 8:16:26 a.m. PST","23008402791","Order","701-2573796-2677865","7K-0O9G-VJ3D","YOBTOP Epoxy Resin, 16oz Epoxy Resin Kit with Bubble Free Self Leveling High Gloss Not Yellowing Crystal Clear Epoxy Resin for Art Resin, DIY, Jewelry","1","amazon.ca","Amazon","Sarnia","Ontario","N7T 6C","Combined TCS+MTC","18.04","2.35","0","0","0","0","0","0","0","0","-2.35","-2.71","-7.71","-0.05","0","7.57"
"Mar 2, 2025 9:45:25 a.m. PST","23008402791","Order","701-5076628-2133052","7K-0O9G-VJ3D","YOBTOP Epoxy Resin, 16oz Epoxy Resin Kit with Bubble Free Self Leveling High Gloss Not Yellowing Crystal Clear Epoxy Resin for Art Resin, DIY, Jewelry","1","amazon.ca","Amazon","Churchill","Ontario","L0L 1K","Combined TCS+MTC","18.04","2.35","0","0","0","0","0","0","0","0","-2.35","-2.71","-7.71","-0.05","0","7.57"
"Mar 2, 2025 3:32:20 p.m. PST","23008402791","Service Fee","eeb2382b-ed7c-488e-bff6-1fb2b4e0044e","","Coupon Redemption Fee: Save 10% on 32oz Epoxy Resin Kit","3","Amazon.ca","","","","","","0","0","0","0","0","0","0","0","0","0","0","0","0","-1.80","0","-1.80"
"Mar 2, 2025 7:15:43 p.m. PST","23008402791","Refund","701-8625117-7529046","52-3L6N-882S","YOBTOP Epoxy Resin, 32oz Epoxy Resin Kit with Bubble Free Self Leveling High Gloss Not Yellowing Crystal Clear Epoxy Resin for Art Resin, DIY, Jewelry","2","amazon.ca","Amazon","Coquitlam","British Columbia","V3B 5Z","Combined TCS+MTC","-56.98","-6.16","0","0","0","0","0","0","5.70","0","6.16","6.16","0","0.15","0","-44.97"
"Mar 2, 2025 10:29:58 p.m. PST","23008402791","Order","701-1848534-8141037","52-3L6N-882S","YOBTOP Epoxy Resin, 32oz Epoxy Resin Kit with Bubble Free Self Leveling High Gloss Not Yellowing Crystal Clear Epoxy Resin for Art Resin, DIY, Jewelry","1","amazon.ca","Amazon","Carignan","Quebec","J3L 0J","Combined TCS+MTC","28.49","3.84","0","0","0","0","0","0","-2.85","0","-3.84","-3.85","-8.84","-0.08","0","12.87"
"Mar 2, 2025 10:57:29 p.m. PST","23008402791","Order","702-7228198-1734612","7K-0O9G-VJ3D","YOBTOP Epoxy Resin, 16oz Epoxy Resin Kit with Bubble Free Self Leveling High Gloss Not Yellowing Crystal Clear Epoxy Resin for Art Resin, DIY, Jewelry","1","amazon.ca","Amazon","Ayers Cliff","Quebec","J0B 1C","Combined TCS+MTC","17.85","2.67","0","0","0","0","0","0","0","0","-2.67","-2.68","-7.71","-0.05","0","7.41"
"Mar 2, 2025 10:59:18 p.m. PST","23008402791","Refund","702-8924400-2609846","7K-0O9G-VJ3D","YOBTOP Epoxy Resin, 16oz Epoxy Resin Kit with Bubble Free Self Leveling High Gloss Not Yellowing Crystal Clear Epoxy Resin for Art Resin, DIY, Jewelry","1","amazon.ca","Amazon","Sydney","Nova Scotia","B1P 5G","Combined TCS+MTC","-17.85","-2.68","-4.04","-0.61","0","0","0","0","0","0","3.29","2.14","4.04","0.05","0","-15.66"
"Mar 3, 2025 1:16:30 a.m. PST","23008402791","Order","702-8924400-2609846","7K-0O9G-VJ3D","YOBTOP Epoxy Resin, 16oz Epoxy Resin Kit with Bubble Free Self Leveling High Gloss Not Yellowing Crystal Clear Epoxy Resin for Art Resin, DIY, Jewelry","1","amazon.ca","Amazon","Sydney","Nova Scotia","B1P 5G","Combined TCS+MTC","17.85","2.68","4.04","0.61","0","0","0","0","0","0","-3.29","-2.68","-11.75","-0.05","0","7.41"
"Mar 3, 2025 4:33:48 a.m. PST","23008402791","Order","702-1182920-9616251","7K-0O9G-VJ3D","YOBTOP Epoxy Resin, 16oz Epoxy Resin Kit with Bubble Free Self Leveling High Gloss Not Yellowing Crystal Clear Epoxy Resin for Art Resin, DIY, Jewelry","1","amazon.ca","Amazon","Calgary","Alberta","T3J 4Z","Combined TCS+MTC","18.04","0.90","0","0","0","0","0","0","0","0","-0.90","-2.71","-7.71","-0.05","0","7.57"
"Mar 3, 2025 1:01:14 p.m. PST","23008402791","Order","702-3437106-3717005","7K-0O9G-VJ3D","YOBTOP Epoxy Resin, 16oz Epoxy Resin Kit with Bubble Free Self Leveling High Gloss Not Yellowing Crystal Clear Epoxy Resin for Art Resin, DIY, Jewelry","1","amazon.ca","Amazon","Montreal","Quebec","H2K 1N","Combined TCS+MTC","17.85","2.67","0","0","0","0","0","0","0","0","-2.67","-2.68","-7.71","-0.05","0","7.41"
"Mar 3, 2025 1:02:52 p.m. PST","23008402791","Order","702-3247608-9473858","7K-0O9G-VJ3D","YOBTOP Epoxy Resin, 16oz Epoxy Resin Kit with Bubble Free Self Leveling High Gloss Not Yellowing Crystal Clear Epoxy Resin for Art Resin, DIY, Jewelry","1","amazon.ca","Amazon","Vancouver","British Columbia","V6B 5X","Combined TCS+MTC","18.04","2.16","0","0","0","0","0","0","0","0","-2.16","-2.71","-7.71","-0.05","0","7.57"
"Mar 3, 2025 3:39:35 p.m. PST","23008402791","Service Fee","eeb2382b-ed7c-488e-bff6-1fb2b4e0044e","","Coupon Redemption Fee: Save 10% on 32oz Epoxy Resin Kit","1","Amazon.ca","","","","","","0","0","0","0","0","0","0","0","0","0","0","0","0","-0.60","0","-0.60"
"Mar 3, 2025 7:49:23 p.m. PST","23008402791","Order","701-4536939-0693847","7Z-MGKR-201D","Epoxy Resin 2 Gallon Kit,Crystal Clear Epoxy Resin,Not Yellowing,Bubble Free,Food Safe Resin & Fast Curing Resin for Coating, Casting, Table Top, Rive","1","amazon.ca","Amazon","Saint-Romain","Quebec","G0Y 1L","","109.36","0","0","0","0","0","0","0","0","0","0","-16.40","-22.87","-0.33","0","69.76"
"Mar 3, 2025 9:12:31 p.m. PST","23008402791","Order","702-2320287-3106655","7K-0O9G-VJ3D","YOBTOP Epoxy Resin, 16oz Epoxy Resin Kit with Bubble Free Self Leveling High Gloss Not Yellowing Crystal Clear Epoxy Resin for Art Resin, DIY, Jewelry","2","amazon.ca","Amazon","Scarborough","Ontario","M1B 5J","Combined TCS+MTC","35.70","4.40","7.85","0","0","0","0","0","-9.64","0","-4.40","-5.08","-15.42","-0.10","0","13.31"
"Mar 3, 2025 11:22:33 p.m. PST","23008402791","Order","702-8380422-3065800","7K-0O9G-VJ3D","YOBTOP Epoxy Resin, 16oz Epoxy Resin Kit with Bubble Free Self Leveling High Gloss Not Yellowing Crystal Clear Epoxy Resin for Art Resin, DIY, Jewelry","1","amazon.ca","Amazon","Bolton","Ontario","L7E 3C","Combined TCS+MTC","18.04","2.35","0","0","0","0","0","0","0","0","-2.35","-2.71","-7.71","-0.05","0","7.57"
"Mar 3, 2025 11:53:56 p.m. PST","23008402791","Order","702-2038512-6425834","7K-0O9G-VJ3D","YOBTOP Epoxy Resin, 16oz Epoxy Resin Kit with Bubble Free Self Leveling High Gloss Not Yellowing Crystal Clear Epoxy Resin for Art Resin, DIY, Jewelry","1","amazon.ca","Amazon","Tiny","Ontario","L9M0R","Combined TCS+MTC","18.04","2.35","0","0","0","0","0","0","0","0","-2.35","-2.71","-7.71","-0.05","0","7.57"
"Mar 4, 2025 12:56:54 a.m. PST","23008402791","Order","701-6243882-1635410","OX-S8RX-8DDW","Epoxy Resin Kit 1 Gallon,Crystal Clear Casting Table Top Epoxy Resin,Bubble Free & Fast Curing Resin for Countertop, Wood,Jewelry,DIY, Tumblers,Art,Re","1","amazon.ca","Amazon","PICTON","ONTARIO","K0K 2T","","65.99","0","0","0","0","0","0","0","0","0","0","-9.90","-18.69","-0.20","0","37.20"
"Mar 4, 2025 4:13:56 a.m. PST","23116784351","Order","702-8970048-3522639","52-3L6N-882S","YOBTOP Epoxy Resin, 32oz Epoxy Resin Kit with Bubble Free Self Leveling High Gloss Not Yellowing Crystal Clear Epoxy Resin for Art Resin, DIY, Jewelry","1","amazon.ca","Amazon","Vancouver","British Columbia","V6B 1B","Combined TCS+MTC","28.49","3.42","0","0","0","0","0","0","0","0","-3.42","-4.27","-8.84","-0.09","0","15.29"
"Mar 4, 2025 3:59:17 p.m. PST","23116784351","Order","701-2881230-4155456","7K-0O9G-VJ3D","YOBTOP Epoxy Resin, 16oz Epoxy Resin Kit with Bubble Free Self Leveling High Gloss Not Yellowing Crystal Clear Epoxy Resin for Art Resin, DIY, Jewelry","1","amazon.ca","Amazon","Montreal","Quebec","H3A 0J","Combined TCS+MTC","17.85","2.67","0","0","0","0","0","0","0","0","-2.67","-2.68","-7.71","-0.05","0","7.41"
"Mar 4, 2025 4:24:43 p.m. PST","23116784351","Order","701-0699859-9962649","7K-0O9G-VJ3D","YOBTOP Epoxy Resin, 16oz Epoxy Resin Kit with Bubble Free Self Leveling High Gloss Not Yellowing Crystal Clear Epoxy Resin for Art Resin, DIY, Jewelry","1","amazon.ca","Amazon","Calgary","Alberta","T3M 3T","Combined TCS+MTC","18.04","0.90","0","0","0","0","0","0","0","0","-0.90","-2.71","-7.71","-0.05","0","7.57"
"Mar 4, 2025 5:52:31 p.m. PST","23116784351","Order","702-3606210-5072252","7K-0O9G-VJ3D","YOBTOP Epoxy Resin, 16oz Epoxy Resin Kit with Bubble Free Self Leveling High Gloss Not Yellowing Crystal Clear Epoxy Resin for Art Resin, DIY, Jewelry","1","amazon.ca","Amazon","Castlegar","British Columbia","V1N 4N","Combined TCS+MTC","18.04","2.16","0","0","0","0","0","0","0","0","-2.16","-2.71","-7.71","-0.05","0","7.57"
"Mar 4, 2025 10:37:57 p.m. PST","23116784351","Order","702-8819250-2104250","7Z-MGKR-201D","Epoxy Resin 2 Gallon Kit,Crystal Clear Epoxy Resin,Not Yellowing,Bubble Free,Food Safe Resin & Fast Curing Resin for Coating, Casting, Table Top, Rive","1","amazon.ca","Amazon","Pickering","Ontario","L1X 2C","","109.36","0","0","0","0","0","0","0","0","0","0","-16.40","-22.87","-0.33","0","69.76"
"Mar 5, 2025 1:33:54 a.m. PST","23116784351","Order","701-2874594-5730634","7K-0O9G-VJ3D","YOBTOP Epoxy Resin, 16oz Epoxy Resin Kit with Bubble Free Self Leveling High Gloss Not Yellowing Crystal Clear Epoxy Resin for Art Resin, DIY, Jewelry","1","amazon.ca","Amazon","St. Albert","Alberta","T8N 2Z","Combined TCS+MTC","18.04","0.90","0","0","0","0","0","0","0","0","-0.90","-2.71","-7.71","-0.05","0","7.57"
"Mar 5, 2025 2:06:51 a.m. PST","23116784351","Order","701-2539317-8453851","7K-0O9G-VJ3D","YOBTOP Epoxy Resin, 16oz Epoxy Resin Kit with Bubble Free Self Leveling High Gloss Not Yellowing Crystal Clear Epoxy Resin for Art Resin, DIY, Jewelry","1","amazon.ca","Amazon","Vancouver","British Columbia","V6R 1V","Combined TCS+MTC","18.04","2.16","0","0","0","0","0","0","0","0","-2.16","-2.71","-7.71","-0.05","0","7.57"
"Mar 5, 2025 2:15:49 a.m. PST","23116784351","Order","702-7472718-1266623","7K-0O9G-VJ3D","YOBTOP Epoxy Resin, 16oz Epoxy Resin Kit with Bubble Free Self Leveling High Gloss Not Yellowing Crystal Clear Epoxy Resin for Art Resin, DIY, Jewelry","1","amazon.ca","Amazon","Saint-Nazaire-D'Acton","Quebec","J0H 1V","Combined TCS+MTC","18.04","2.70","0","0","0","0","0","0","0","0","-2.70","-2.71","-7.71","-0.05","0","7.57"
"Mar 5, 2025 6:49:37 a.m. PST","23116784351","Order","701-4670252-7238666","7Z-MGKR-201D","Epoxy Resin 2 Gallon Kit,Crystal Clear Epoxy Resin,Not Yellowing,Bubble Free,Food Safe Resin & Fast Curing Resin for Coating, Casting, Table Top, Rive","1","amazon.ca","Amazon","La tuque","Québec","G9X 3N","","109.36","0","0","0","0","0","0","0","0","0","0","-16.40","-22.87","-0.33","0","69.76"
"Mar 5, 2025 7:06:20 a.m. PST","23116784351","Order","701-1324794-8496245","7K-0O9G-VJ3D","YOBTOP Epoxy Resin, 16oz Epoxy Resin Kit with Bubble Free Self Leveling High Gloss Not Yellowing Crystal Clear Epoxy Resin for Art Resin, DIY, Jewelry","1","amazon.ca","Amazon","Lethbridge","Newfoundland","A0C 1V","Combined TCS+MTC","17.85","2.68","8.03","1.20","0","0","0","0","0","0","-3.88","-2.68","-15.74","-0.05","0","7.41"
"Mar 5, 2025 7:31:04 a.m. PST","23116784351","Order","702-0303374-4266623","7Z-MGKR-201D","Epoxy Resin 2 Gallon Kit,Crystal Clear Epoxy Resin,Not Yellowing,Bubble Free,Food Safe Resin & Fast Curing Resin for Coating, Casting, Table Top, Rive","1","amazon.ca","Amazon","Parkland County","AB","T7Y0E","","109.36","0","0","0","0","0","0","0","0","0","0","-16.40","-22.87","-0.33","0","69.76"
"Mar 5, 2025 12:21:51 p.m. PST","23116784351","Order","702-4039187-4898658","7Z-MGKR-201D","Epoxy Resin 2 Gallon Kit,Crystal Clear Epoxy Resin,Not Yellowing,Bubble Free,Food Safe Resin & Fast Curing Resin for Coating, Casting, Table Top, Rive","1","amazon.ca","Amazon","Vancouver","British Columbia","V6R2M","","109.36","0","0","0","0","0","0","0","0","0","0","-16.40","-22.87","-0.33","0","69.76"
"Mar 5, 2025 3:45:21 p.m. PST","23116784351","Refund","701-4536939-0693847","7Z-MGKR-201D","Epoxy Resin 2 Gallon Kit,Crystal Clear Epoxy Resin,Not Yellowing,Bubble Free,Food Safe Resin & Fast Curing Resin for Coating, Casting, Table Top, Rive","1","amazon.ca","Amazon","Saint-Romain","Quebec","G0Y 1L","","0","0","0","0","0","0","0","0","0","0","0","0","0","0","0","0"
"Mar 5, 2025 7:07:10 p.m. PST","23116784351","Transfer","","","To account ending with: 676","","","","","","","","0","0","0","0","0","0","0","0","0","0","0","0","0","0","-752.75","-752.75"
"Mar 5, 2025 10:27:09 p.m. PST","23116784351","Order","702-3240464-4389057","7K-0O9G-VJ3D","YOBTOP Epoxy Resin, 16oz Epoxy Resin Kit with Bubble Free Self Leveling High Gloss Not Yellowing Crystal Clear Epoxy Resin for Art Resin, DIY, Jewelry","1","amazon.ca","Amazon","Timmins","Ontario","P4P 1G","Combined TCS+MTC","18.04","2.35","0","0","0","0","0","0","0","0","-2.35","-2.71","-7.71","-0.05","0","7.57"
"Mar 6, 2025 3:29:10 a.m. PST","23116784351","Order","701-7828360-9629867","7K-0O9G-VJ3D","YOBTOP Epoxy Resin, 16oz Epoxy Resin Kit with Bubble Free Self Leveling High Gloss Not Yellowing Crystal Clear Epoxy Resin for Art Resin, DIY, Jewelry","1","amazon.ca","Amazon","Brampton","Ontario","L6X 0N","Combined TCS+MTC","18.04","2.35","5.03","0.65","0","0","0","0","0","0","-3.00","-2.71","-12.74","-0.05","0","7.57"
"Mar 6, 2025 3:29:40 a.m. PST","23116784351","Adjustment","702-6049027-8597833","7K-0O9G-VJ3D","FBA Inventory Reimbursement - Customer Return","1","","","","","","","0","0","0","0","0","0","0","0","0","0","0","0","0","0","8.43","8.43"
"Mar 6, 2025 3:37:04 a.m. PST","23116784351","Order","701-0478970-2205824","7K-0O9G-VJ3D","YOBTOP Epoxy Resin, 16oz Epoxy Resin Kit with Bubble Free Self Leveling High Gloss Not Yellowing Crystal Clear Epoxy Resin for Art Resin, DIY, Jewelry","1","amazon.ca","Amazon","Toronto","Ontario","M1B 1K","Combined TCS+MTC","18.04","2.35","0","0","0","0","0","0","0","0","-2.35","-2.71","-7.71","-0.05","0","7.57"
"Mar 6, 2025 4:43:12 a.m. PST","23116784351","Refund","702-2305606-6851405","7Z-MGKR-201D","Epoxy Resin 2 Gallon Kit,Crystal Clear Epoxy Resin,Not Yellowing,Bubble Free,Food Safe Resin & Fast Curing Resin for Coating, Casting, Table Top, Rive","1","amazon.ca","Amazon","Kingston","New Brunswick","E5N 1A","","0","0","0","0","0","0","0","0","0","0","0","0","0","0","0","0"
"Mar 6, 2025 5:43:28 a.m. PST","23116784351","Order","701-2692525-9397034","7K-0O9G-VJ3D","YOBTOP Epoxy Resin, 16oz Epoxy Resin Kit with Bubble Free Self Leveling High Gloss Not Yellowing Crystal Clear Epoxy Resin for Art Resin, DIY, Jewelry","1","amazon.ca","Amazon","Bowmanville","Ontario","L1C 5A","Combined TCS+MTC","18.04","2.35","0","0","0","0","0","0","0","0","-2.35","-2.71","-7.71","-0.05","0","7.57"
"Mar 6, 2025 8:27:39 a.m. PST","23116784351","Order","702-6571580-0484256","7K-0O9G-VJ3D","YOBTOP Epoxy Resin, 16oz Epoxy Resin Kit with Bubble Free Self Leveling High Gloss Not Yellowing Crystal Clear Epoxy Resin for Art Resin, DIY, Jewelry","1","amazon.ca","Amazon","North Gower","Ontario","K0A 2T","Combined TCS+MTC","18.04","2.35","4.03","0.52","0","0","0","0","0","0","-2.87","-2.71","-11.74","-0.05","0","7.57"
"Mar 6, 2025 8:45:59 a.m. PST","23116784351","Order","701-7112807-1886601","7K-0O9G-VJ3D","YOBTOP Epoxy Resin, 16oz Epoxy Resin Kit with Bubble Free Self Leveling High Gloss Not Yellowing Crystal Clear Epoxy Resin for Art Resin, DIY, Jewelry","1","amazon.ca","Amazon","Quebec","Quebec","G2A4H","Combined TCS+MTC","18.04","2.70","0","0","0","0","0","0","0","0","-2.70","-2.71","-7.71","-0.05","0","7.57"
"Mar 6, 2025 8:07:38 p.m. PST","23116784351","Order","701-7291267-1721003","52-3L6N-882S","YOBTOP Epoxy Resin, 32oz Epoxy Resin Kit with Bubble Free Self Leveling High Gloss Not Yellowing Crystal Clear Epoxy Resin for Art Resin, DIY, Jewelry","1","amazon.ca","Amazon","Toronto","ON","M2K 0G","Combined TCS+MTC","28.49","3.33","0","0","0","0","0","0","-2.85","0","-3.33","-3.85","-8.84","-0.08","0","12.87"
"Mar 6, 2025 8:34:41 p.m. PST","23116784351","Order","702-0851946-3404249","52-3L6N-882S","YOBTOP Epoxy Resin, 32oz Epoxy Resin Kit with Bubble Free Self Leveling High Gloss Not Yellowing Crystal Clear Epoxy Resin for Art Resin, DIY, Jewelry","1","amazon.ca","Amazon","Laval","Québec","H7T0N","Combined TCS+MTC","28.49","3.84","3.92","0","0","0","0","0","-6.77","0","-3.84","-3.85","-8.84","-0.08","0","12.87"
"Mar 7, 2025 12:54:25 a.m. PST","23116784351","Order","702-8017501-5154628","E0-GH8D-U35C","YOBTOP Epoxy Resin 1 Gallon Epoxy Resin Kit Crystal Clear High Gloss Self Leveling Bubble Free Not Yellowing Easy to Mix 1:1 for Coating & Casting, DI","1","amazon.ca","Amazon","Letang","New Brunswick","E5C 1W","","54.14","0","0","0","0","0","0","0","0","0","0","-8.12","-18.80","-0.16","0","27.06"
"Mar 7, 2025 2:03:11 a.m. PST","23116784351","Order","702-6325670-9553047","OX-S8RX-8DDW","Epoxy Resin Kit 1 Gallon,Crystal Clear Casting Table Top Epoxy Resin,Bubble Free & Fast Curing Resin for Countertop, Wood,Jewelry,DIY, Tumblers,Art,Re","1","amazon.ca","Amazon","Kingsville","Ontario","N9Y 0C","","65.99","0","0","0","0","0","0","0","0","0","0","-9.90","-18.69","-0.20","0","37.20"
"Mar 7, 2025 2:24:13 a.m. PST","23116784351","Order","701-6418942-9400223","52-3L6N-882S","YOBTOP Epoxy Resin, 32oz Epoxy Resin Kit with Bubble Free Self Leveling High Gloss Not Yellowing Crystal Clear Epoxy Resin for Art Resin, DIY, Jewelry","1","amazon.ca","Amazon","Fox Creek","Alberta","T0H 1P","Combined TCS+MTC","28.49","1.28","0","0","0","0","0","0","-2.85","0","-1.28","-3.85","-8.84","-0.08","0","12.87"
"Mar 7, 2025 2:42:59 a.m. PST","23116784351","FBA Inventory Fee","","","FBA storage fee","","Amazon.ca","","","","","","0","0","0","0","0","0","0","0","0","0","0","0","0","0","-16.11","-16.11"
"Mar 7, 2025 5:54:26 a.m. PST","23116784351","Order","702-5291459-5177020","52-3L6N-882S","YOBTOP Epoxy Resin, 32oz Epoxy Resin Kit with Bubble Free Self Leveling High Gloss Not Yellowing Crystal Clear Epoxy Resin for Art Resin, DIY, Jewelry","1","amazon.ca","Amazon","Saint-Arsene","Quebec","G0L 2K","Combined TCS+MTC","28.49","3.84","0","0","0","0","0","0","-2.85","0","-3.84","-3.85","-8.84","-0.08","0","12.87"
"Mar 7, 2025 7:47:58 a.m. PST","23116784351","Order","702-7576290-3585812","52-3L6N-882S","YOBTOP Epoxy Resin, 32oz Epoxy Resin Kit with Bubble Free Self Leveling High Gloss Not Yellowing Crystal Clear Epoxy Resin for Art Resin, DIY, Jewelry","1","amazon.ca","Amazon","St. Albert","Alberta","T8N 2V","Combined TCS+MTC","28.49","1.28","0","0","0","0","0","0","-2.85","0","-1.28","-3.85","-8.84","-0.08","0","12.87"
"Mar 7, 2025 8:02:41 a.m. PST","23116784351","Order","701-7083703-7800204","OX-S8RX-8DDW","Epoxy Resin Kit 1 Gallon,Crystal Clear Casting Table Top Epoxy Resin,Bubble Free & Fast Curing Resin for Countertop, Wood,Jewelry,DIY, Tumblers,Art,Re","1","amazon.ca","Amazon","Maple ridge","BC","V2W0B","","65.99","0","0","0","0","0","0","0","0","0","0","-9.90","-18.69","-0.20","0","37.20"
"Mar 7, 2025 3:23:39 p.m. PST","23116784351","Order","701-0041962-8141809","7Z-MGKR-201D","Epoxy Resin 2 Gallon Kit,Crystal Clear Epoxy Resin,Not Yellowing,Bubble Free,Food Safe Resin & Fast Curing Resin for Coating, Casting, Table Top, Rive","1","amazon.ca","Amazon","Coquitlam","British Columbia","V3B 5Z","","109.36","0","0","0","0","0","0","0","0","0","0","-16.40","-22.87","-0.33","0","69.76"
"Mar 7, 2025 6:34:30 p.m. PST","23116784351","Order","701-8461156-5071404","OX-S8RX-8DDW","Epoxy Resin Kit 1 Gallon,Crystal Clear Casting Table Top Epoxy Resin,Bubble Free & Fast Curing Resin for Countertop, Wood,Jewelry,DIY, Tumblers,Art,Re","1","amazon.ca","Amazon","Granby","Quebec","J2G 4X","","65.99","0","19.78","0","0","0","0","0","0","0","0","-9.90","-38.47","-0.20","0","37.20"
"Mar 7, 2025 9:07:40 p.m. PST","23116784351","Order","702-2008046-8218620","7K-0O9G-VJ3D","YOBTOP Epoxy Resin, 16oz Epoxy Resin Kit with Bubble Free Self Leveling High Gloss Not Yellowing Crystal Clear Epoxy Resin for Art Resin, DIY, Jewelry","1","amazon.ca","Amazon","Calgary","Alberta","T2E 1N","Combined TCS+MTC","18.04","0.90","0","0","0","0","0","0","0","0","-0.90","-2.71","-7.71","-0.05","0","7.57"
"Mar 8, 2025 1:50:35 a.m. PST","23116784351","Order","701-7593274-1600228","7Z-MGKR-201D","Epoxy Resin 2 Gallon Kit,Crystal Clear Epoxy Resin,Not Yellowing,Bubble Free,Food Safe Resin & Fast Curing Resin for Coating, Casting, Table Top, Rive","1","amazon.ca","Amazon","Coquitlam","British Columbia","V3B 5Z","","109.36","0","0","0","0","0","0","0","0","0","0","-16.40","-22.87","-0.33","0","69.76"
"Mar 8, 2025 3:30:02 a.m. PST","23116784351","Order","701-2351818-5327433","7K-0O9G-VJ3D","YOBTOP Epoxy Resin, 16oz Epoxy Resin Kit with Bubble Free Self Leveling High Gloss Not Yellowing Crystal Clear Epoxy Resin for Art Resin, DIY, Jewelry","1","amazon.ca","Amazon","North lancaster","Ontario","K0C 1Z","Combined TCS+MTC","18.04","2.11","0","0","0","0","0","0","-1.80","0","-2.11","-2.44","-7.71","-0.05","0","6.04"
"Mar 8, 2025 5:06:14 a.m. PST","23116784351","Order","701-0107422-2465866","7K-0O9G-VJ3D","YOBTOP Epoxy Resin, 16oz Epoxy Resin Kit with Bubble Free Self Leveling High Gloss Not Yellowing Crystal Clear Epoxy Resin for Art Resin, DIY, Jewelry","1","amazon.ca","Amazon","WATERDOWN","Ontario","L8B 0B","Combined TCS+MTC","18.04","2.35","3.50","0","0","0","0","0","-3.50","0","-2.35","-2.71","-7.71","-0.05","0","7.57"
"Mar 8, 2025 6:57:44 a.m. PST","23116784351","Order","701-7283029-2706623","7K-0O9G-VJ3D","YOBTOP Epoxy Resin, 16oz Epoxy Resin Kit with Bubble Free Self Leveling High Gloss Not Yellowing Crystal Clear Epoxy Resin for Art Resin, DIY, Jewelry","1","amazon.ca","Amazon","Cobble Hill","British Columbia","V0R1L","Combined TCS+MTC","18.04","2.16","3.27","0","0","0","0","0","-3.27","0","-2.16","-2.71","-7.71","-0.05","0","7.57"
"Mar 8, 2025 7:21:36 a.m. PST","23116784351","Order","701-3684147-2130655","7K-0O9G-VJ3D","YOBTOP Epoxy Resin, 16oz Epoxy Resin Kit with Bubble Free Self Leveling High Gloss Not Yellowing Crystal Clear Epoxy Resin for Art Resin, DIY, Jewelry","1","amazon.ca","Amazon","Vermilion","Alberta","T9X 1P","Combined TCS+MTC","18.04","0.90","0","0","0","0","0","0","0","0","-0.90","-2.71","-7.71","-0.05","0","7.57"
"Mar 8, 2025 7:41:20 a.m. PST","23116784351","Order","701-2807898-3664254","52-3L6N-882S","YOBTOP Epoxy Resin, 32oz Epoxy Resin Kit with Bubble Free Self Leveling High Gloss Not Yellowing Crystal Clear Epoxy Resin for Art Resin, DIY, Jewelry","1","amazon.ca","Amazon","Orleans","Ontario","K1C 2Y","Combined TCS+MTC","28.49","3.70","0","0","0","0","0","0","0","0","-3.70","-4.27","-8.84","-0.09","0","15.29"
"Mar 8, 2025 8:00:13 a.m. PST","23116784351","Order","701-1346749-7173019","OX-S8RX-8DDW","Epoxy Resin Kit 1 Gallon,Crystal Clear Casting Table Top Epoxy Resin,Bubble Free & Fast Curing Resin for Countertop, Wood,Jewelry,DIY, Tumblers,Art,Re","1","amazon.ca","Amazon","Wembley","Alberta","T0H 3S","","65.99","0","0","0","0","0","0","0","0","0","0","-9.90","-18.69","-0.20","0","37.20"
"Mar 8, 2025 8:04:49 a.m. PST","23116784351","Order","701-3705687-7981823","7Z-MGKR-201D","Epoxy Resin 2 Gallon Kit,Crystal Clear Epoxy Resin,Not Yellowing,Bubble Free,Food Safe Resin & Fast Curing Resin for Coating, Casting, Table Top, Rive","1","amazon.ca","Amazon","Warren","ON","P0H 2N","","109.36","0","0","0","0","0","0","0","0","0","0","-16.40","-22.87","-0.33","0","69.76"
"Mar 8, 2025 2:06:51 p.m. PST","23116784351","Order","702-8521256-2074624","7K-0O9G-VJ3D","YOBTOP Epoxy Resin, 16oz Epoxy Resin Kit with Bubble Free Self Leveling High Gloss Not Yellowing Crystal Clear Epoxy Resin for Art Resin, DIY, Jewelry","1","amazon.ca","Amazon","Wroxeter","Ontario","N0G 2X","Combined TCS+MTC","18.04","2.35","0","0","0","0","0","0","0","0","-2.35","-2.71","-7.71","-0.05","0","7.57"
"Mar 8, 2025 4:25:37 p.m. PST","23116784351","Refund","702-2212940-7510609","7Z-MGKR-201D","Epoxy Resin 2 Gallon Kit,Crystal Clear Epoxy Resin,Not Yellowing,Bubble Free,Food Safe Resin & Fast Curing Resin for Coating, Casting, Table Top, Rive","1","amazon.ca","Amazon","Oyen","Alberta","T0J 2J","","0","0","0","0","0","0","0","0","0","0","0","0","0","0","0","0"
"Mar 8, 2025 11:00:19 p.m. PST","23116784351","Order","702-1411766-2377042","7Z-MGKR-201D","Epoxy Resin 2 Gallon Kit,Crystal Clear Epoxy Resin,Not Yellowing,Bubble Free,Food Safe Resin & Fast Curing Resin for Coating, Casting, Table Top, Rive","1","amazon.ca","Amazon","Conquerall Bank","Nova Scotia","B4V 0J","","109.36","0","0","0","0","0","0","0","0","0","0","-16.40","-22.87","-0.33","0","69.76"
"Mar 9, 2025 1:15:06 a.m. PST","23116784351","Order","701-8822695-3679401","E0-GH8D-U35C","YOBTOP Epoxy Resin 1 Gallon Epoxy Resin Kit Crystal Clear High Gloss Self Leveling Bubble Free Not Yellowing Easy to Mix 1:1 for Coating & Casting, DI","1","amazon.ca","Amazon","Saint-Michel","Quebec","J0L 2J","","54.14","0","0","0","0","0","0","0","0","0","0","-16.24","-18.80","-0.32","0","18.78"
"Mar 9, 2025 1:15:06 a.m. PST","23116784351","Order","701-8822695-3679401","E0-GH8D-U35C","YOBTOP Epoxy Resin 1 Gallon Epoxy Resin Kit Crystal Clear High Gloss Self Leveling Bubble Free Not Yellowing Easy to Mix 1:1 for Coating & Casting, DI","1","amazon.ca","Amazon","Saint-Michel","Quebec","J0L 2J","","54.14","0","0","0","0","0","0","0","0","0","0","0","-18.80","0","0","35.34"
"Mar 9, 2025 4:24:23 a.m. PDT","23116784351","Order","701-3094694-1976241","52-3L6N-882S","YOBTOP Epoxy Resin, 32oz Epoxy Resin Kit with Bubble Free Self Leveling High Gloss Not Yellowing Crystal Clear Epoxy Resin for Art Resin, DIY, Jewelry","1","amazon.ca","Amazon","Kamloops","BC","V2E 2L","Combined TCS+MTC","28.49","3.08","0","0","0","0","0","0","-2.85","0","-3.08","-3.85","-8.84","-0.08","0","12.87"
"Mar 9, 2025 4:26:47 a.m. PDT","23116784351","Order","702-1965861-6241857","7K-0O9G-VJ3D","YOBTOP Epoxy Resin, 16oz Epoxy Resin Kit with Bubble Free Self Leveling High Gloss Not Yellowing Crystal Clear Epoxy Resin for Art Resin, DIY, Jewelry","1","amazon.ca","Amazon","Canmore","Alberta","T1W0M","Combined TCS+MTC","18.04","0.90","0","0","0","0","0","0","0","0","-0.90","-2.71","-7.71","-0.05","0","7.57"
"Mar 9, 2025 4:29:42 a.m. PDT","23116784351","Order","702-7951847-5129835","7K-0O9G-VJ3D","YOBTOP Epoxy Resin, 16oz Epoxy Resin Kit with Bubble Free Self Leveling High Gloss Not Yellowing Crystal Clear Epoxy Resin for Art Resin, DIY, Jewelry","1","amazon.ca","Amazon","Richmond Hill","ON","L4E 3E","Combined TCS+MTC","18.04","2.35","0","0","0","0","0","0","0","0","-2.35","-2.71","-7.71","-0.05","0","7.57"
"Mar 9, 2025 6:19:47 a.m. PDT","23116784351","Order","702-6153898-7249069","7Z-MGKR-201D","Epoxy Resin 2 Gallon Kit,Crystal Clear Epoxy Resin,Not Yellowing,Bubble Free,Food Safe Resin & Fast Curing Resin for Coating, Casting, Table Top, Rive","1","amazon.ca","Amazon","Gravenhurst","Ontario","P1P0B","","109.36","0","0","0","0","0","0","0","0","0","0","-16.40","-22.87","-0.33","0","69.76"
"Mar 9, 2025 8:53:43 a.m. PDT","23116784351","Order","702-0771681-2772229","7Z-MGKR-201D","Epoxy Resin 2 Gallon Kit,Crystal Clear Epoxy Resin,Not Yellowing,Bubble Free,Food Safe Resin & Fast Curing Resin for Coating, Casting, Table Top, Rive","1","amazon.ca","Amazon","London","Ontario","N6H 4N","","109.36","0","0","0","0","0","0","0","0","0","0","-16.40","-22.87","-0.33","0","69.76"
"Mar 9, 2025 3:24:54 p.m. PDT","23116784351","Order","701-8731076-8927426","52-3L6N-882S","YOBTOP Epoxy Resin, 32oz Epoxy Resin Kit with Bubble Free Self Leveling High Gloss Not Yellowing Crystal Clear Epoxy Resin for Art Resin, DIY, Jewelry","1","amazon.ca","Amazon","Cobble Hill","British Columbia","V8H 0H","Combined TCS+MTC","28.49","3.42","9.80","1.18","0","0","0","0","0","0","-4.60","-4.27","-18.64","-0.09","0","15.29"
"Mar 9, 2025 3:35:53 p.m. PDT","23116784351","Refund","701-4670252-7238666","7Z-MGKR-201D","Epoxy Resin 2 Gallon Kit,Crystal Clear Epoxy Resin,Not Yellowing,Bubble Free,Food Safe Resin & Fast Curing Resin for Coating, Casting, Table Top, Rive","1","amazon.ca","Amazon","La tuque","Québec","G9X 3N","","0","0","0","0","0","0","0","0","0","0","0","0","0","0","0","0"
"Mar 9, 2025 5:27:15 p.m. PDT","23116784351","Order","702-9447077-6833011","52-3L6N-882S","YOBTOP Epoxy Resin, 32oz Epoxy Resin Kit with Bubble Free Self Leveling High Gloss Not Yellowing Crystal Clear Epoxy Resin for Art Resin, DIY, Jewelry","1","amazon.ca","Amazon","Swift Current","Saskatchewan","S9H 4N","Combined TCS+MTC","28.49","2.82","0","0","0","0","0","0","-2.85","0","-2.82","-3.85","-8.84","-0.08","0","12.87"
"Mar 9, 2025 7:16:27 p.m. PDT","23116784351","Refund","701-3920071-4685832","RQ-3CSU-87NR","Eco Casting Resin Kit 3000g | Molding Powder Refill for Casting Molds | Fast Curing Terrazzo Resin Kit for Beginners | Self Leveling and Easy Mixing","1","amazon.ca","Amazon","Montreal","Quebec","H2E 2E","","0","0","0","0","0","0","0","0","0","0","0","0","0","0","0","0"
"Mar 10, 2025 12:03:10 a.m. PDT","23116784351","Order","701-8380262-1221808","7K-0O9G-VJ3D","YOBTOP Epoxy Resin, 16oz Epoxy Resin Kit with Bubble Free Self Leveling High Gloss Not Yellowing Crystal Clear Epoxy Resin for Art Resin, DIY, Jewelry","1","amazon.ca","Amazon","Airdrie","Alberta","T4B 0L","Combined TCS+MTC","18.04","0.90","0","0","0","0","0","0","0","0","-0.90","-2.71","-7.71","-0.05","0","7.57"
"Mar 10, 2025 3:56:49 a.m. PDT","23116784351","Order","701-5338472-4667437","7K-0O9G-VJ3D","YOBTOP Epoxy Resin, 16oz Epoxy Resin Kit with Bubble Free Self Leveling High Gloss Not Yellowing Crystal Clear Epoxy Resin for Art Resin, DIY, Jewelry","1","amazon.ca","Amazon","Belmont","Nova Scotia","B0M1G","Combined TCS+MTC","18.04","2.71","0","0","0","0","0","0","0","0","-2.71","-2.71","-7.71","-0.05","0","7.57"
"Mar 10, 2025 5:50:25 a.m. PDT","23116784351","Order","702-6669193-6214662","E0-GH8D-U35C","YOBTOP Epoxy Resin 1 Gallon Epoxy Resin Kit Crystal Clear High Gloss Self Leveling Bubble Free Not Yellowing Easy to Mix 1:1 for Coating & Casting, DI","1","amazon.ca","Amazon","Calgary","Alberta","T1Y 3X","","54.14","0","0","0","0","0","0","0","0","0","0","-16.24","-18.80","-0.32","0","18.78"
"Mar 10, 2025 5:50:25 a.m. PDT","23116784351","Order","702-6669193-6214662","E0-GH8D-U35C","YOBTOP Epoxy Resin 1 Gallon Epoxy Resin Kit Crystal Clear High Gloss Self Leveling Bubble Free Not Yellowing Easy to Mix 1:1 for Coating & Casting, DI","1","amazon.ca","Amazon","Calgary","Alberta","T1Y 3X","","54.14","0","0","0","0","0","0","0","0","0","0","0","-18.80","0","0","35.34"
"Mar 10, 2025 6:50:02 a.m. PDT","23116784351","Order","702-1833839-0378666","7K-0O9G-VJ3D","YOBTOP Epoxy Resin, 16oz Epoxy Resin Kit with Bubble Free Self Leveling High Gloss Not Yellowing Crystal Clear Epoxy Resin for Art Resin, DIY, Jewelry","1","amazon.ca","Amazon","Delta","British Columbia","V4C 4T","Combined TCS+MTC","18.04","2.16","4.04","0.48","0","0","0","0","0","0","-2.64","-2.71","-11.75","-0.05","0","7.57"
"Mar 10, 2025 10:17:19 a.m. PDT","23116784351","Refund","701-8822695-3679401","E0-GH8D-U35C","YOBTOP Epoxy Resin 1 Gallon Epoxy Resin Kit Crystal Clear High Gloss Self Leveling Bubble Free Not Yellowing Easy to Mix 1:1 for Coating & Casting, DI","1","amazon.ca","Amazon","Saint-Michel","Quebec","J0L 2J","","0","0","0","0","0","0","0","0","0","0","0","0","0","0","0","0"
"Mar 10, 2025 10:17:19 a.m. PDT","23116784351","Refund","701-8822695-3679401","E0-GH8D-U35C","YOBTOP Epoxy Resin 1 Gallon Epoxy Resin Kit Crystal Clear High Gloss Self Leveling Bubble Free Not Yellowing Easy to Mix 1:1 for Coating & Casting, DI","1","amazon.ca","Amazon","Saint-Michel","Quebec","J0L 2J","","0","0","0","0","0","0","0","0","0","0","0","0","0","0","0","0"
"Mar 10, 2025 4:00:27 p.m. PDT","23116784351","Order","701-7711081-3213069","7K-0O9G-VJ3D","YOBTOP Epoxy Resin, 16oz Epoxy Resin Kit with Bubble Free Self Leveling High Gloss Not Yellowing Crystal Clear Epoxy Resin for Art Resin, DIY, Jewelry","1","amazon.ca","Amazon","Etobicoke","Ontario","M9V 2H","Combined TCS+MTC","18.04","2.35","0","0","0","0","0","0","0","0","-2.35","-2.71","-7.71","-0.05","0","7.57"
"Mar 10, 2025 6:48:09 p.m. PDT","23116784351","Order","702-6445086-4105067","7K-0O9G-VJ3D","YOBTOP Epoxy Resin, 16oz Epoxy Resin Kit with Bubble Free Self Leveling High Gloss Not Yellowing Crystal Clear Epoxy Resin for Art Resin, DIY, Jewelry","1","amazon.ca","Amazon","Lake Cowichan","British Columbia","V0R 2G","Combined TCS+MTC","18.04","2.16","0","0","0","0","0","0","0","0","-2.16","-2.71","-7.71","-0.05","0","7.57"
"Mar 10, 2025 9:08:31 p.m. PDT","23116784351","Order","701-8381258-9841046","7K-0O9G-VJ3D","YOBTOP Epoxy Resin, 16oz Epoxy Resin Kit with Bubble Free Self Leveling High Gloss Not Yellowing Crystal Clear Epoxy Resin for Art Resin, DIY, Jewelry","1","amazon.ca","Amazon","Airdrie","Alberta","T4A 1T","Combined TCS+MTC","18.04","0.90","0","0","0","0","0","0","0","0","-0.90","-2.71","-7.71","-0.05","0","7.57"
"Mar 10, 2025 10:37:21 p.m. PDT","23116784351","Order","701-7004994-9130660","7Z-MGKR-201D","Epoxy Resin 2 Gallon Kit,Crystal Clear Epoxy Resin,Not Yellowing,Bubble Free,Food Safe Resin & Fast Curing Resin for Coating, Casting, Table Top, Rive","1","amazon.ca","Amazon","Athabasca","Alberta","T9S 1J","","109.36","0","0","0","0","0","0","0","0","0","0","-16.40","-22.87","-0.33","0","69.76"
"Mar 11, 2025 12:12:51 a.m. PDT","23116784351","Order","701-8168191-4997859","RQ-3CSU-87NR","Eco Casting Resin Kit 3000g | Molding Powder Refill for Casting Molds | Fast Curing Terrazzo Resin Kit for Beginners | Self Leveling and Easy Mixing","1","amazon.ca","Amazon","MISSISSAUGA","ON","L5J 1W","Combined TCS+MTC","47.00","6.11","0","0","0","0","0","0","0","0","-6.11","-7.05","-11.85","-0.14","0","27.96"
"Mar 11, 2025 2:47:01 a.m. PDT","23116784351","Service Fee","","","Subscription","","Amazon.ca","","","","","","0","0","0","0","0","0","0","0","0","0","0","0","0","0","-9.49","-9.49"
"Mar 11, 2025 4:19:15 a.m. PDT","23116784351","Order","701-3352658-0601017","7K-0O9G-VJ3D","YOBTOP Epoxy Resin, 16oz Epoxy Resin Kit with Bubble Free Self Leveling High Gloss Not Yellowing Crystal Clear Epoxy Resin for Art Resin, DIY, Jewelry","1","amazon.ca","Amazon","Victoria","British Columbia","V9B 5W","Combined TCS+MTC","18.04","2.16","0","0","0","0","0","0","0","0","-2.16","-2.71","-7.71","-0.05","0","7.57"
"Mar 11, 2025 4:57:53 a.m. PDT","23116784351","Order","701-3184262-8679459","7Z-MGKR-201D","Epoxy Resin 2 Gallon Kit,Crystal Clear Epoxy Resin,Not Yellowing,Bubble Free,Food Safe Resin & Fast Curing Resin for Coating, Casting, Table Top, Rive","1","amazon.ca","Amazon","New Liskeard","Ontario","P0J 1P","","109.36","0","0","0","0","0","0","0","0","0","0","-16.40","-22.87","-0.33","0","69.76"
"Mar 11, 2025 6:41:20 a.m. PDT","23116784351","Order","702-0200606-9207466","7K-0O9G-VJ3D","YOBTOP Epoxy Resin, 16oz Epoxy Resin Kit with Bubble Free Self Leveling High Gloss Not Yellowing Crystal Clear Epoxy Resin for Art Resin, DIY, Jewelry","1","amazon.ca","Amazon","Toronto","Ontario","M4E 1G","Combined TCS+MTC","18.04","2.35","0","0","0","0","0","0","0","0","-2.35","-2.71","-7.71","-0.05","0","7.57"
"Mar 11, 2025 8:15:35 a.m. PDT","23116784351","Order","702-9033083-9360269","RQ-3CSU-87NR","Eco Casting Resin Kit 3000g | Molding Powder Refill for Casting Molds | Fast Curing Terrazzo Resin Kit for Beginners | Self Leveling and Easy Mixing","1","amazon.ca","Amazon","Toronto","Ontario","M6P 2S","Combined TCS+MTC","49.99","6.50","0","0","0","0","0","0","0","0","-6.50","-7.50","-11.85","-0.15","0","30.49"
"Mar 11, 2025 12:54:08 p.m. PDT","23116784351","Refund","701-0041962-8141809","7Z-MGKR-201D","Epoxy Resin 2 Gallon Kit,Crystal Clear Epoxy Resin,Not Yellowing,Bubble Free,Food Safe Resin & Fast Curing Resin for Coating, Casting, Table Top, Rive","1","amazon.ca","Amazon","Coquitlam","British Columbia","V3B 5Z","","-109.36","0","0","0","0","0","0","0","0","0","0","13.12","0","0.33","0","-95.91"
"Mar 11, 2025 12:58:08 p.m. PDT","23116784351","Refund","702-1411766-2377042","7Z-MGKR-201D","Epoxy Resin 2 Gallon Kit,Crystal Clear Epoxy Resin,Not Yellowing,Bubble Free,Food Safe Resin & Fast Curing Resin for Coating, Casting, Table Top, Rive","1","amazon.ca","Amazon","Conquerall Bank","Nova Scotia","B4V 0J","","0","0","0","0","0","0","0","0","0","0","0","0","0","0","0","0"
"Mar 11, 2025 4:35:47 p.m. PDT","23116784351","Refund","701-7593274-1600228","7Z-MGKR-201D","Epoxy Resin 2 Gallon Kit,Crystal Clear Epoxy Resin,Not Yellowing,Bubble Free,Food Safe Resin & Fast Curing Resin for Coating, Casting, Table Top, Rive","1","amazon.ca","Amazon","Coquitlam","British Columbia","V3B 5Z","","-109.36","0","0","0","0","0","0","0","0","0","0","13.12","0","0.33","0","-95.91"
"Mar 11, 2025 9:17:08 p.m. PDT","23116784351","Refund","701-8461156-5071404","OX-S8RX-8DDW","Epoxy Resin Kit 1 Gallon,Crystal Clear Casting Table Top Epoxy Resin,Bubble Free & Fast Curing Resin for Countertop, Wood,Jewelry,DIY, Tumblers,Art,Re","1","amazon.ca","Amazon","Granby","Quebec","J2G 4X","","0","0","0","0","0","0","0","0","0","0","0","0","0","0","0","0"
"Mar 12, 2025 2:04:48 a.m. PDT","23116784351","Order","701-3504832-8613015","OX-S8RX-8DDW","Epoxy Resin Kit 1 Gallon,Crystal Clear Casting Table Top Epoxy Resin,Bubble Free & Fast Curing Resin for Countertop, Wood,Jewelry,DIY, Tumblers,Art,Re","1","amazon.ca","Amazon","Toronto","ON","M6P 3W","","65.99","0","0","0","0","0","0","0","0","0","0","-9.90","-18.69","-0.20","0","37.20"
"Mar 12, 2025 6:03:56 a.m. PDT","23116784351","Order","702-9984138-7812239","7Z-MGKR-201D","Epoxy Resin 2 Gallon Kit,Crystal Clear Epoxy Resin,Not Yellowing,Bubble Free,Food Safe Resin & Fast Curing Resin for Coating, Casting, Table Top, Rive","1","amazon.ca","Amazon","Ladysmith","British Columbia","V9G 1G","","109.36","0","0","0","0","0","0","0","0","0","0","-16.40","-22.87","-0.33","0","69.76"
"Mar 12, 2025 1:55:31 p.m. PDT","23116784351","Refund","702-6669193-6214662","E0-GH8D-U35C","YOBTOP Epoxy Resin 1 Gallon Epoxy Resin Kit Crystal Clear High Gloss Self Leveling Bubble Free Not Yellowing Easy to Mix 1:1 for Coating & Casting, DI","1","amazon.ca","Amazon","Calgary","Alberta","T1Y 3X","","0","0","0","0","0","0","0","0","0","0","0","0","0","0","0","0"
"Mar 12, 2025 2:05:03 p.m. PDT","23116784351","Order","701-7308380-9966602","7Z-MGKR-201D","Epoxy Resin 2 Gallon Kit,Crystal Clear Epoxy Resin,Not Yellowing,Bubble Free,Food Safe Resin & Fast Curing Resin for Coating, Casting, Table Top, Rive","1","amazon.ca","Amazon","Edmonton","Alberta","T5S 1Z","","109.36","0","0","0","0","0","0","0","0","0","0","-16.40","-22.87","-0.33","0","69.76"
"Mar 12, 2025 4:07:16 p.m. PDT","23116784351","Refund","701-8666384-8146641","7K-0O9G-VJ3D","YOBTOP Epoxy Resin, 16oz Epoxy Resin Kit with Bubble Free Self Leveling High Gloss Not Yellowing Crystal Clear Epoxy Resin for Art Resin, DIY, Jewelry","1","amazon.ca","Amazon","Rocanville","Saskatchewan","S0A3L","Combined TCS+MTC","-17.85","-1.96","-3.26","0","0","0","0","0","3.26","0","1.96","2.14","0","0.05","0","-15.66"
"Mar 12, 2025 11:31:07 p.m. PDT","23116784351","Order","701-4456278-1887403","52-3L6N-882S","YOBTOP Epoxy Resin, 32oz Epoxy Resin Kit with Bubble Free Self Leveling High Gloss Not Yellowing Crystal Clear Epoxy Resin for Art Resin, DIY, Jewelry","1","amazon.ca","Amazon","Calgary","Alberta","T2Z 4S","Combined TCS+MTC","36.50","1.83","9.80","0.49","0","0","0","0","0","0","-2.32","-5.48","-18.64","-0.11","0","22.07"
"Mar 13, 2025 12:28:59 a.m. PDT","23116784351","Order","702-5088239-5576219","7K-0O9G-VJ3D","YOBTOP Epoxy Resin, 16oz Epoxy Resin Kit with Bubble Free Self Leveling High Gloss Not Yellowing Crystal Clear Epoxy Resin for Art Resin, DIY, Jewelry","1","amazon.ca","Amazon","Guelph","Ontario","N1E 1R","Combined TCS+MTC","18.04","2.35","0","0","0","0","0","0","0","0","-2.35","-2.71","-7.71","-0.05","0","7.57"
"Mar 13, 2025 5:06:44 a.m. PDT","23116784351","Order","702-2212940-7510609","7Z-MGKR-201D","Epoxy Resin 2 Gallon Kit,Crystal Clear Epoxy Resin,Not Yellowing,Bubble Free,Food Safe Resin & Fast Curing Resin for Coating, Casting, Table Top, Rive","1","amazon.ca","Amazon","Oyen","Alberta","T0J 2J","","109.36","0","0","0","0","0","0","0","0","0","0","-16.40","-22.87","-0.33","0","69.76"
"Mar 13, 2025 7:47:01 a.m. PDT","23116784351","Order","701-2117754-7135455","7Z-MGKR-201D","Epoxy Resin 2 Gallon Kit,Crystal Clear Epoxy Resin,Not Yellowing,Bubble Free,Food Safe Resin & Fast Curing Resin for Coating, Casting, Table Top, Rive","1","amazon.ca","Amazon","Whitecourt","Alberta","T7S 0A","","109.36","0","0","0","0","0","0","0","0","0","0","-16.40","-22.87","-0.33","0","69.76"
"Mar 13, 2025 7:53:46 a.m. PDT","23116784351","Order","702-9273093-0941804","E0-GH8D-U35C","YOBTOP Epoxy Resin 1 Gallon Epoxy Resin Kit Crystal Clear High Gloss Self Leveling Bubble Free Not Yellowing Easy to Mix 1:1 for Coating & Casting, DI","1","amazon.ca","Amazon","Ottawa","Ontario","K1G 3A","","54.14","0","0","0","0","0","0","0","0","0","0","-8.12","-18.80","-0.16","0","27.06"
"Mar 13, 2025 5:24:02 p.m. PDT","23116784351","Order","701-2078177-4173011","OX-S8RX-8DDW","Epoxy Resin Kit 1 Gallon,Crystal Clear Casting Table Top Epoxy Resin,Bubble Free & Fast Curing Resin for Countertop, Wood,Jewelry,DIY, Tumblers,Art,Re","1","amazon.ca","Amazon","Petrolia","Ontario","N0N 1R","","65.99","0","19.78","0","0","0","0","0","0","0","0","-9.90","-38.47","-0.20","0","37.20"
"Mar 14, 2025 1:32:29 a.m. PDT","23116784351","Order","701-6759743-8562612","7K-0O9G-VJ3D","YOBTOP Epoxy Resin, 16oz Epoxy Resin Kit with Bubble Free Self Leveling High Gloss Not Yellowing Crystal Clear Epoxy Resin for Art Resin, DIY, Jewelry","1","amazon.ca","Amazon","Heidelberg","Ontario","N0B 2M","Combined TCS+MTC","18.04","2.35","0","0","0","0","0","0","0","0","-2.35","-2.71","-7.71","-0.05","0","7.57"
"Mar 14, 2025 4:25:13 a.m. PDT","23116784351","Order","701-0120748-1383427","7K-0O9G-VJ3D","YOBTOP Epoxy Resin, 16oz Epoxy Resin Kit with Bubble Free Self Leveling High Gloss Not Yellowing Crystal Clear Epoxy Resin for Art Resin, DIY, Jewelry","1","amazon.ca","Amazon","Headingley","Manitoba","R4H 1G","Combined TCS+MTC","18.04","2.16","0","0","0","0","0","0","0","0","-2.16","-2.71","-7.71","-0.05","0","7.57"
"Mar 14, 2025 4:45:21 a.m. PDT","23116784351","Order","701-7644476-9334651","7K-0O9G-VJ3D","YOBTOP Epoxy Resin, 16oz Epoxy Resin Kit with Bubble Free Self Leveling High Gloss Not Yellowing Crystal Clear Epoxy Resin for Art Resin, DIY, Jewelry","1","amazon.ca","Amazon","Bowmanville","Ontario","L1C 5A","Combined TCS+MTC","18.04","2.35","0","0","0","0","0","0","0","0","-2.35","-2.71","-7.71","-0.05","0","7.57"
"Mar 14, 2025 8:18:06 a.m. PDT","23116784351","Order","702-5817545-1809804","7K-0O9G-VJ3D","YOBTOP Epoxy Resin, 16oz Epoxy Resin Kit with Bubble Free Self Leveling High Gloss Not Yellowing Crystal Clear Epoxy Resin for Art Resin, DIY, Jewelry","1","amazon.ca","Amazon","Val-Des-Lacs","Quebec","J0T 2P","Combined TCS+MTC","18.04","2.70","0","0","0","0","0","0","0","0","-2.70","-2.71","-7.71","-0.05","0","7.57"
"Mar 14, 2025 8:26:18 a.m. PDT","23116784351","Order","702-2688347-0461839","OX-S8RX-8DDW","Epoxy Resin Kit 1 Gallon,Crystal Clear Casting Table Top Epoxy Resin,Bubble Free & Fast Curing Resin for Countertop, Wood,Jewelry,DIY, Tumblers,Art,Re","1","amazon.ca","Amazon","Eastern Passage","Nova Scotia","B3G 0G","","65.99","0","0","0","0","0","0","0","0","0","0","-9.90","-18.69","-0.20","0","37.20"
"Mar 14, 2025 7:04:30 p.m. PDT","23116784351","Order","701-5287780-9303431","7K-0O9G-VJ3D","YOBTOP Epoxy Resin, 16oz Epoxy Resin Kit with Bubble Free Self Leveling High Gloss Not Yellowing Crystal Clear Epoxy Resin for Art Resin, DIY, Jewelry","1","amazon.ca","Amazon","Toronto","Ontario","M5N 1J","Combined TCS+MTC","18.04","2.35","3.27","0","0","0","0","0","-3.27","0","-2.35","-2.71","-7.71","-0.05","0","7.57"
"Mar 15, 2025 2:46:22 a.m. PDT","23116784351","Adjustment","","7K-0O9G-VJ3D","FBA Inventory Reimbursement - Damaged:Warehouse","1","","","","","","","0","0","0","0","0","0","0","0","0","0","0","0","0","0","8.43","8.43"
"Mar 15, 2025 5:24:46 a.m. PDT","23116784351","Order","702-6448836-9711468","7K-0O9G-VJ3D","YOBTOP Epoxy Resin, 16oz Epoxy Resin Kit with Bubble Free Self Leveling High Gloss Not Yellowing Crystal Clear Epoxy Resin for Art Resin, DIY, Jewelry","1","amazon.ca","Amazon","Picton","Ontario","K0K 2T","Combined TCS+MTC","18.04","2.35","0","0","0","0","0","0","0","0","-2.35","-2.71","-7.71","-0.05","0","7.57"
"Mar 15, 2025 6:10:25 a.m. PDT","23116784351","Order","701-9479370-7242665","7K-0O9G-VJ3D","YOBTOP Epoxy Resin, 16oz Epoxy Resin Kit with Bubble Free Self Leveling High Gloss Not Yellowing Crystal Clear Epoxy Resin for Art Resin, DIY, Jewelry","1","amazon.ca","Amazon","Calgary","Alberta","T3H6G","Combined TCS+MTC","18.04","0.90","0","0","0","0","0","0","0","0","-0.90","-2.71","-7.71","-0.05","0","7.57"
"Mar 15, 2025 7:20:30 a.m. PDT","23116784351","Order","702-0720142-5306646","7K-0O9G-VJ3D","YOBTOP Epoxy Resin, 16oz Epoxy Resin Kit with Bubble Free Self Leveling High Gloss Not Yellowing Crystal Clear Epoxy Resin for Art Resin, DIY, Jewelry","1","amazon.ca","Amazon","Calgary","Alberta","T3K 0W","Combined TCS+MTC","18.04","0.90","3.27","0","0","0","0","0","-3.27","0","-0.90","-2.71","-7.71","-0.05","0","7.57"
"Mar 15, 2025 7:37:30 a.m. PDT","23116784351","Order","702-1693251-4419401","7K-0O9G-VJ3D","YOBTOP Epoxy Resin, 16oz Epoxy Resin Kit with Bubble Free Self Leveling High Gloss Not Yellowing Crystal Clear Epoxy Resin for Art Resin, DIY, Jewelry","1","amazon.ca","Amazon","SURREY","BRITISH COLUMBIA","V3W 2H","Combined TCS+MTC","18.04","2.16","0","0","0","0","0","0","0","0","-2.16","-2.71","-7.71","-0.05","0","7.57"
"Mar 15, 2025 8:37:40 a.m. PDT","23116784351","Order","701-6033331-6126666","52-3L6N-882S","YOBTOP Epoxy Resin, 32oz Epoxy Resin Kit with Bubble Free Self Leveling High Gloss Not Yellowing Crystal Clear Epoxy Resin for Art Resin, DIY, Jewelry","1","amazon.ca","Amazon","Regina","Saskatchewan","S4V 2E","Combined TCS+MTC","28.49","3.13","0","0","0","0","0","0","0","0","-3.13","-4.27","-8.84","-0.09","0","15.29"
"Mar 15, 2025 11:50:39 p.m. PDT","23116784351","Order","701-8470642-2132264","OX-S8RX-8DDW","Epoxy Resin Kit 1 Gallon,Crystal Clear Casting Table Top Epoxy Resin,Bubble Free & Fast Curing Resin for Countertop, Wood,Jewelry,DIY, Tumblers,Art,Re","1","amazon.ca","Amazon","Victoria","British Columbia","V9B 5W","","65.99","0","0","0","0","0","0","0","0","0","0","-9.90","-18.69","-0.20","0","37.20"
"Mar 16, 2025 12:05:28 a.m. PDT","23116784351","Order","702-9731843-0981839","7K-0O9G-VJ3D","YOBTOP Epoxy Resin, 16oz Epoxy Resin Kit with Bubble Free Self Leveling High Gloss Not Yellowing Crystal Clear Epoxy Resin for Art Resin, DIY, Jewelry","1","amazon.ca","Amazon","Portneuf","Quebec","G0A 2Y","Combined TCS+MTC","18.04","2.70","0","0","0","0","0","0","0","0","-2.70","-2.71","-7.71","-0.05","0","7.57"
"Mar 16, 2025 12:46:07 a.m. PDT","23116784351","Order","701-6391501-6297036","7Z-MGKR-201D","Epoxy Resin 2 Gallon Kit,Crystal Clear Epoxy Resin,Not Yellowing,Bubble Free,Food Safe Resin & Fast Curing Resin for Coating, Casting, Table Top, Rive","1","amazon.ca","Amazon","St-Lin-Laurentides","Quebec","J5M 1S","","109.36","0","0","0","0","0","0","0","0","0","0","-16.40","-22.87","-0.33","0","69.76"
"Mar 16, 2025 1:30:12 a.m. PDT","23116784351","Order","702-7957069-5784248","7K-0O9G-VJ3D","YOBTOP Epoxy Resin, 16oz Epoxy Resin Kit with Bubble Free Self Leveling High Gloss Not Yellowing Crystal Clear Epoxy Resin for Art Resin, DIY, Jewelry","1","amazon.ca","Amazon","Toronto","ON","M1K 2B","Combined TCS+MTC","18.04","2.35","0","0","0","0","0","0","0","0","-2.35","-2.71","-7.71","-0.05","0","7.57"
"Mar 16, 2025 8:15:42 a.m. PDT","23116784351","Order","701-3961038-4979421","52-3L6N-882S","YOBTOP Epoxy Resin, 32oz Epoxy Resin Kit with Bubble Free Self Leveling High Gloss Not Yellowing Crystal Clear Epoxy Resin for Art Resin, DIY, Jewelry","1","amazon.ca","Amazon","Newmarket","Ontario","L3X 1B","Combined TCS+MTC","28.49","3.70","6.99","0","0","0","0","0","-6.99","0","-3.70","-4.27","-8.84","-0.09","0","15.29"
"Mar 16, 2025 8:55:39 a.m. PDT","23116784351","Order","702-9445236-7957048","7K-0O9G-VJ3D","YOBTOP Epoxy Resin, 16oz Epoxy Resin Kit with Bubble Free Self Leveling High Gloss Not Yellowing Crystal Clear Epoxy Resin for Art Resin, DIY, Jewelry","1","amazon.ca","Amazon","Shannonville","Ontario","K0K 3A","Combined TCS+MTC","18.04","2.35","0","0","0","0","0","0","0","0","-2.35","-2.71","-7.71","-0.05","0","7.57"
"Mar 16, 2025 11:26:44 p.m. PDT","23116784351","Order","701-5422435-9347435","52-3L6N-882S","YOBTOP Epoxy Resin, 32oz Epoxy Resin Kit with Bubble Free Self Leveling High Gloss Not Yellowing Crystal Clear Epoxy Resin for Art Resin, DIY, Jewelry","1","amazon.ca","Amazon","Edson","Alberta","T7E 1P","Combined TCS+MTC","28.49","1.42","0","0","0","0","0","0","0","0","-1.42","-4.27","-8.84","-0.09","0","15.29"
"Mar 17, 2025 2:45:13 a.m. PDT","23116784351","Order","702-0822747-6718641","7K-0O9G-VJ3D","YOBTOP Epoxy Resin, 16oz Epoxy Resin Kit with Bubble Free Self Leveling High Gloss Not Yellowing Crystal Clear Epoxy Resin for Art Resin, DIY, Jewelry","1","amazon.ca","Amazon","Mississauga","Ontario","L5N 6S","Combined TCS+MTC","18.99","2.47","3.49","0","0","0","0","0","-3.49","0","-2.47","-2.85","-7.71","-0.06","0","8.37"
"Mar 17, 2025 7:29:29 p.m. PDT","23116784351","Refund","701-6391501-6297036","7Z-MGKR-201D","Epoxy Resin 2 Gallon Kit,Crystal Clear Epoxy Resin,Not Yellowing,Bubble Free,Food Safe Resin & Fast Curing Resin for Coating, Casting, Table Top, Rive","1","amazon.ca","Amazon","St-Lin-Laurentides","Quebec","J5M 1S","","0","0","0","0","0","0","0","0","0","0","0","0","0","0","0","0"
"Mar 17, 2025 9:55:03 p.m. PDT","23116784351","Order","702-7835816-3613854","7K-0O9G-VJ3D","YOBTOP Epoxy Resin, 16oz Epoxy Resin Kit with Bubble Free Self Leveling High Gloss Not Yellowing Crystal Clear Epoxy Resin for Art Resin, DIY, Jewelry","1","amazon.ca","Amazon","Falher","Alberta","T0H 1M","Combined TCS+MTC","18.04","0.90","5.04","0.25","0","0","0","0","0","0","-1.15","-2.71","-12.75","-0.05","0","7.57"
"Mar 18, 2025 12:06:42 a.m. PDT","23116784351","Order","702-6591609-0931445","52-3L6N-882S","YOBTOP Epoxy Resin, 32oz Epoxy Resin Kit with Bubble Free Self Leveling High Gloss Not Yellowing Crystal Clear Epoxy Resin for Art Resin, DIY, Jewelry","1","amazon.ca","Amazon","Spruce Grove","Alberta","T7Y 1B","Combined TCS+MTC","28.49","1.42","0","0","0","0","0","0","0","0","-1.42","-4.27","-8.84","-0.09","0","15.29"
"Mar 18, 2025 1:57:52 a.m. PDT","23116784351","Order","701-7530947-0777861","7K-0O9G-VJ3D","YOBTOP Epoxy Resin, 16oz Epoxy Resin Kit with Bubble Free Self Leveling High Gloss Not Yellowing Crystal Clear Epoxy Resin for Art Resin, DIY, Jewelry","1","amazon.ca","Amazon","Edmonton","Alberta","T5Y 3T","Combined TCS+MTC","18.99","0.95","0","0","0","0","0","0","0","0","-0.95","-2.85","-7.71","-0.06","0","8.37"
"Mar 18, 2025 2:31:18 a.m. PDT","23165645981","Order","701-6857129-6253016","7K-0O9G-VJ3D","YOBTOP Epoxy Resin, 16oz Epoxy Resin Kit with Bubble Free Self Leveling High Gloss Not Yellowing Crystal Clear Epoxy Resin for Art Resin, DIY, Jewelry","1","amazon.ca","Amazon","Warner","Alberta","T0K2L","Combined TCS+MTC","18.04","0.90","3.27","0","0","0","0","0","-3.27","0","-0.90","-2.71","-7.71","-0.05","0","7.57"
"Mar 18, 2025 6:30:43 a.m. PDT","23165645981","Order","702-9097410-7787436","7K-0O9G-VJ3D","YOBTOP Epoxy Resin, 16oz Epoxy Resin Kit with Bubble Free Self Leveling High Gloss Not Yellowing Crystal Clear Epoxy Resin for Art Resin, DIY, Jewelry","1","amazon.ca","Amazon","Coquitlam","British Columbia","V3B 0C","Combined TCS+MTC","18.99","2.28","0","0","0","0","0","0","0","0","-2.28","-2.85","-7.71","-0.06","0","8.37"
"Mar 18, 2025 9:10:29 a.m. PDT","23165645981","Order","701-8102523-2322614","OX-S8RX-8DDW","Epoxy Resin Kit 1 Gallon,Crystal Clear Casting Table Top Epoxy Resin,Bubble Free & Fast Curing Resin for Countertop, Wood,Jewelry,DIY, Tumblers,Art,Re","1","amazon.ca","Amazon","Wembley","Alberta","T0H 3S","","65.99","0","0","0","0","0","0","0","0","0","0","-9.90","-18.69","-0.20","0","37.20"
"Mar 19, 2025 12:24:58 a.m. PDT","23165645981","Order","702-6136784-0782667","7K-0O9G-VJ3D","YOBTOP Epoxy Resin, 16oz Epoxy Resin Kit with Bubble Free Self Leveling High Gloss Not Yellowing Crystal Clear Epoxy Resin for Art Resin, DIY, Jewelry","1","amazon.ca","Amazon","Calgary","AB","T2Z 0W","Combined TCS+MTC","18.99","0.95","0","0","0","0","0","0","0","0","-0.95","-2.85","-7.71","-0.06","0","8.37"
"Mar 19, 2025 12:40:06 a.m. PDT","23165645981","Order","701-9238326-6059421","52-3L6N-882S","YOBTOP Epoxy Resin, 32oz Epoxy Resin Kit with Bubble Free Self Leveling High Gloss Not Yellowing Crystal Clear Epoxy Resin for Art Resin, DIY, Jewelry","1","amazon.ca","Amazon","Montreal","Quebec","H2M 1S","Combined TCS+MTC","28.49","4.05","0","0","0","0","0","0","-1.43","0","-8.10","-8.12","-8.84","-0.16","0","5.89"
"Mar 19, 2025 12:40:06 a.m. PDT","23165645981","Order","701-9238326-6059421","52-3L6N-882S","YOBTOP Epoxy Resin, 32oz Epoxy Resin Kit with Bubble Free Self Leveling High Gloss Not Yellowing Crystal Clear Epoxy Resin for Art Resin, DIY, Jewelry","1","amazon.ca","Amazon","Montreal","Quebec","H2M 1S","","28.49","4.05","0","0","0","0","0","0","-1.42","0","0","0","-8.84","0","0","22.28"
"Mar 19, 2025 12:40:28 a.m. PDT","23165645981","Order","702-1745200-4161032","7K-0O9G-VJ3D","YOBTOP Epoxy Resin, 16oz Epoxy Resin Kit with Bubble Free Self Leveling High Gloss Not Yellowing Crystal Clear Epoxy Resin for Art Resin, DIY, Jewelry","1","amazon.ca","Amazon","St Williams","Ontario","N0E 1P","Combined TCS+MTC","18.99","2.47","0","0","0","0","0","0","0","0","-2.47","-2.85","-7.71","-0.06","0","8.37"
"Mar 19, 2025 1:09:59 a.m. PDT","23165645981","Order","702-7098043-0876267","7Z-MGKR-201D","Epoxy Resin 2 Gallon Kit,Crystal Clear Epoxy Resin,Not Yellowing,Bubble Free,Food Safe Resin & Fast Curing Resin for Coating, Casting, Table Top, Rive","1","amazon.ca","Amazon","Cranbrook","British Columbia","V1C 2A","","109.36","0","0","0","0","0","0","0","0","0","0","-16.40","-22.87","-0.33","0","69.76"
"Mar 19, 2025 2:24:02 a.m. PDT","23165645981","Order","701-4104150-6913809","7K-0O9G-VJ3D","YOBTOP Epoxy Resin, 16oz Epoxy Resin Kit with Bubble Free Self Leveling High Gloss Not Yellowing Crystal Clear Epoxy Resin for Art Resin, DIY, Jewelry","1","amazon.ca","Amazon","Regina","Saskatchewan","S4V 2E","Combined TCS+MTC","18.99","2.09","0","0","0","0","0","0","0","0","-2.09","-2.85","-7.71","-0.06","0","8.37"
"Mar 19, 2025 3:24:54 a.m. PDT","23165645981","Order","702-6915821-4998666","7Z-MGKR-201D","Epoxy Resin 2 Gallon Kit,Crystal Clear Epoxy Resin,Not Yellowing,Bubble Free,Food Safe Resin & Fast Curing Resin for Coating, Casting, Table Top, Rive","1","amazon.ca","Amazon","Lillooet","British Columbia","V0K 1V","","109.36","0","0","0","0","0","0","0","0","0","0","-16.40","-22.87","-0.33","0","69.76"
"Mar 19, 2025 1:55:33 p.m. PDT","23165645981","Order","702-7152920-1311437","7K-0O9G-VJ3D","YOBTOP Epoxy Resin, 16oz Epoxy Resin Kit with Bubble Free Self Leveling High Gloss Not Yellowing Crystal Clear Epoxy Resin for Art Resin, DIY, Jewelry","1","amazon.ca","Amazon","King City","Ontario","L7B 0B","Combined TCS+MTC","18.99","2.47","0","0","0","0","0","0","0","0","-2.47","-2.85","-7.71","-0.06","0","8.37"
"Mar 19, 2025 4:34:21 p.m. PDT","23165645981","Order","701-4659521-6236223","7K-0O9G-VJ3D","YOBTOP Epoxy Resin, 16oz Epoxy Resin Kit with Bubble Free Self Leveling High Gloss Not Yellowing Crystal Clear Epoxy Resin for Art Resin, DIY, Jewelry","1","amazon.ca","Amazon","Brampton","Ontario","L6P 2K","Combined TCS+MTC","18.99","2.47","0","0","0","0","0","0","0","0","-2.47","-2.85","-7.71","-0.06","0","8.37"
"Mar 19, 2025 7:57:45 p.m. PDT","23165645981","Transfer","","","To account ending with: 676","","","","","","","","0","0","0","0","0","0","0","0","0","0","0","0","0","0","-2,047.70","-2,047.70"
"Mar 20, 2025 12:58:47 a.m. PDT","23165645981","Order","701-9224683-5173020","52-3L6N-882S","YOBTOP Epoxy Resin, 32oz Epoxy Resin Kit with Bubble Free Self Leveling High Gloss Not Yellowing Crystal Clear Epoxy Resin for Art Resin, DIY, Jewelry","1","amazon.ca","Amazon","Granby","Quebec","J2G 1A","Combined TCS+MTC","28.49","4.27","0","0","0","0","0","0","0","0","-4.27","-4.27","-8.84","-0.09","0","15.29"
"Mar 20, 2025 2:56:41 a.m. PDT","23165645981","Order","701-7390523-8565038","52-3L6N-882S","YOBTOP Epoxy Resin, 32oz Epoxy Resin Kit with Bubble Free Self Leveling High Gloss Not Yellowing Crystal Clear Epoxy Resin for Art Resin, DIY, Jewelry","1","amazon.ca","Amazon","Hamilton","Ontario","L9C 2V","Combined TCS+MTC","28.49","3.70","6.99","0","0","0","0","0","-6.99","0","-3.70","-4.27","-8.84","-0.09","0","15.29"
"Mar 20, 2025 6:09:16 a.m. PDT","23165645981","Order","702-4231348-5499466","7K-0O9G-VJ3D","YOBTOP Epoxy Resin, 16oz Epoxy Resin Kit with Bubble Free Self Leveling High Gloss Not Yellowing Crystal Clear Epoxy Resin for Art Resin, DIY, Jewelry","1","amazon.ca","Amazon","Edmonton","Alberta","T5X 3G","Combined TCS+MTC","18.99","0.95","0","0","0","0","0","0","0","0","-0.95","-2.85","-7.71","-0.06","0","8.37"
"Mar 20, 2025 7:05:01 a.m. PDT","23165645981","Order","702-6648415-7924219","7K-0O9G-VJ3D","YOBTOP Epoxy Resin, 16oz Epoxy Resin Kit with Bubble Free Self Leveling High Gloss Not Yellowing Crystal Clear Epoxy Resin for Art Resin, DIY, Jewelry","1","amazon.ca","Amazon","St. John's","Newfoundland","A1E 2G","Combined TCS+MTC","18.99","2.85","0","0","0","0","0","0","0","0","-2.85","-2.85","-7.71","-0.06","0","8.37"
"Mar 20, 2025 2:11:14 p.m. PDT","23165645981","Order","702-7795965-1480234","52-3L6N-882S","YOBTOP Epoxy Resin, 32oz Epoxy Resin Kit with Bubble Free Self Leveling High Gloss Not Yellowing Crystal Clear Epoxy Resin for Art Resin, DIY, Jewelry","1","amazon.ca","Amazon","Kamsack","Saskatchewan","S0A1S","Combined TCS+MTC","28.49","3.13","0","0","0","0","0","0","0","0","-3.13","-4.27","-8.84","-0.09","0","15.29"
"Mar 20, 2025 10:12:25 p.m. PDT","23165645981","Order","701-8936389-2117006","52-3L6N-882S","YOBTOP Epoxy Resin, 32oz Epoxy Resin Kit with Bubble Free Self Leveling High Gloss Not Yellowing Crystal Clear Epoxy Resin for Art Resin, DIY, Jewelry","1","amazon.ca","Amazon","Baie-St-Paul","Quebec","G3Z 1J","Combined TCS+MTC","28.49","4.27","0","0","0","0","0","0","0","0","-4.27","-4.27","-8.84","-0.09","0","15.29"
"Mar 20, 2025 11:25:09 p.m. PDT","23165645981","Order","702-7132230-8517823","52-3L6N-882S","YOBTOP Epoxy Resin, 32oz Epoxy Resin Kit with Bubble Free Self Leveling High Gloss Not Yellowing Crystal Clear Epoxy Resin for Art Resin, DIY, Jewelry","1","amazon.ca","Amazon","Vancouver","British Columbia","V5M4B","Combined TCS+MTC","28.49","3.42","0","0","0","0","0","0","0","0","-3.42","-4.27","-8.84","-0.09","0","15.29"
"Mar 20, 2025 11:58:04 p.m. PDT","23165645981","Order","701-3735418-9801842","7K-0O9G-VJ3D","YOBTOP Epoxy Resin, 16oz Epoxy Resin Kit with Bubble Free Self Leveling High Gloss Not Yellowing Crystal Clear Epoxy Resin for Art Resin, DIY, Jewelry","1","amazon.ca","Amazon","Sidney","British Columbia","V8L 3L","Combined TCS+MTC","18.99","2.28","0","0","0","0","0","0","0","0","-2.28","-2.85","-7.71","-0.06","0","8.37"
"Mar 21, 2025 4:31:21 a.m. PDT","23165645981","Order","701-0754809-5311411","OX-S8RX-8DDW","Epoxy Resin Kit 1 Gallon,Crystal Clear Casting Table Top Epoxy Resin,Bubble Free & Fast Curing Resin for Countertop, Wood,Jewelry,DIY, Tumblers,Art,Re","1","amazon.ca","Amazon","Toronto","Ontario","M2J 2H","","65.99","0","0","0","0","0","0","0","0","0","0","-9.90","-18.69","-0.20","0","37.20"
"Mar 21, 2025 6:51:21 a.m. PDT","23165645981","Order","701-3034331-7269005","7K-0O9G-VJ3D","YOBTOP Epoxy Resin, 16oz Epoxy Resin Kit with Bubble Free Self Leveling High Gloss Not Yellowing Crystal Clear Epoxy Resin for Art Resin, DIY, Jewelry","1","amazon.ca","Amazon","Milton","Ontario","L9T 5Y","Combined TCS+MTC","18.99","2.47","0","0","0","0","0","0","0","0","-2.47","-2.85","-7.71","-0.06","0","8.37"
"Mar 21, 2025 10:46:11 a.m. PDT","23165645981","Order","702-5822186-9267459","52-3L6N-882S","YOBTOP Epoxy Resin, 32oz Epoxy Resin Kit with Bubble Free Self Leveling High Gloss Not Yellowing Crystal Clear Epoxy Resin for Art Resin, DIY, Jewelry","1","amazon.ca","Amazon","Vancouver","British Columbia","V6B 1B","Combined TCS+MTC","28.49","3.42","0","0","0","0","0","0","0","0","-3.42","-4.27","-8.84","-0.09","0","15.29"
"Mar 22, 2025 12:07:47 a.m. PDT","23165645981","Order","702-9904757-0705043","7K-0O9G-VJ3D","YOBTOP Epoxy Resin, 16oz Epoxy Resin Kit with Bubble Free Self Leveling High Gloss Not Yellowing Crystal Clear Epoxy Resin for Art Resin, DIY, Jewelry","1","amazon.ca","Amazon","fraserville","Ontario","K0L1V","Combined TCS+MTC","18.99","2.47","0","0","0","0","0","0","0","0","-2.47","-2.85","-7.71","-0.06","0","8.37"
"Mar 22, 2025 12:33:46 a.m. PDT","23165645981","Order","701-9650679-7533836","7K-0O9G-VJ3D","YOBTOP Epoxy Resin, 16oz Epoxy Resin Kit with Bubble Free Self Leveling High Gloss Not Yellowing Crystal Clear Epoxy Resin for Art Resin, DIY, Jewelry","1","amazon.ca","Amazon","Edmonton","Alberta","T6W 3L","Combined TCS+MTC","18.99","0.95","3.93","0","0","0","0","0","-3.93","0","-0.95","-2.85","-7.71","-0.06","0","8.37"
"Mar 22, 2025 1:57:23 a.m. PDT","23165645981","FBA Inventory Fee","","","FBA Long-Term Storage Fee","","Amazon.ca","","","","","","0","0","0","0","0","0","0","0","0","0","0","0","0","0","-27.77","-27.77"
"Mar 22, 2025 2:34:30 a.m. PDT","23165645981","Order","701-3243180-2560237","52-3L6N-882S","YOBTOP Epoxy Resin, 32oz Epoxy Resin Kit with Bubble Free Self Leveling High Gloss Not Yellowing Crystal Clear Epoxy Resin for Art Resin, DIY, Jewelry","1","amazon.ca","Amazon","Lac La Biche","Alberta","T0A 2C","Combined TCS+MTC","28.49","1.42","7.80","0.39","0","0","0","0","0","0","-1.81","-4.27","-16.64","-0.09","0","15.29"
"Mar 22, 2025 5:07:31 a.m. PDT","23165645981","Order","702-5275546-6763458","52-3L6N-882S","YOBTOP Epoxy Resin, 32oz Epoxy Resin Kit with Bubble Free Self Leveling High Gloss Not Yellowing Crystal Clear Epoxy Resin for Art Resin, DIY, Jewelry","1","amazon.ca","Amazon","Ingersoll","Ontario","N5C 3W","Combined TCS+MTC","28.49","3.70","0","0","0","0","0","0","0","0","-3.70","-4.27","-8.84","-0.09","0","15.29"
"Mar 22, 2025 5:50:25 a.m. PDT","23165645981","Order","701-4703736-2460242","7K-0O9G-VJ3D","YOBTOP Epoxy Resin, 16oz Epoxy Resin Kit with Bubble Free Self Leveling High Gloss Not Yellowing Crystal Clear Epoxy Resin for Art Resin, DIY, Jewelry","1","amazon.ca","Amazon","Victoria","British Columbia","V8T 1B","Combined TCS+MTC","18.99","2.28","3.27","0","0","0","0","0","-3.27","0","-2.28","-2.85","-7.71","-0.06","0","8.37"
"Mar 22, 2025 7:25:21 a.m. PDT","23165645981","Order","701-8511447-2865054","52-3L6N-882S","YOBTOP Epoxy Resin, 32oz Epoxy Resin Kit with Bubble Free Self Leveling High Gloss Not Yellowing Crystal Clear Epoxy Resin for Art Resin, DIY, Jewelry","1","amazon.ca","Amazon","Burlington","Ontario","L7P 4X","Combined TCS+MTC","28.49","3.70","0","0","0","0","0","0","0","0","-3.70","-4.27","-8.84","-0.09","0","15.29"
"Mar 22, 2025 8:30:04 a.m. PDT","23165645981","Order","702-3803701-7157043","52-3L6N-882S","YOBTOP Epoxy Resin, 32oz Epoxy Resin Kit with Bubble Free Self Leveling High Gloss Not Yellowing Crystal Clear Epoxy Resin for Art Resin, DIY, Jewelry","1","amazon.ca","Amazon","Halifax","Nova Scotia","B3M 3W","Combined TCS+MTC","28.49","4.27","0","0","0","0","0","0","0","0","-4.27","-4.27","-8.84","-0.09","0","15.29"
"Mar 22, 2025 5:49:02 p.m. PDT","23165645981","Service Fee","","","Cost of advertising","","","","","","","","0","0","0","0","0","0","0","0","0","0","0","0","0","-522.19","0","-522.19"
"Mar 23, 2025 12:58:31 a.m. PDT","23165645981","Order","701-2252490-9510605","52-3L6N-882S","YOBTOP Epoxy Resin, 32oz Epoxy Resin Kit with Bubble Free Self Leveling High Gloss Not Yellowing Crystal Clear Epoxy Resin for Art Resin, DIY, Jewelry","1","amazon.ca","Amazon","Cochrane","Alberta","T4C 1E","Combined TCS+MTC","28.49","1.42","0","0","0","0","0","0","0","0","-1.42","-4.27","-8.84","-0.09","0","15.29"
"Mar 23, 2025 3:54:31 a.m. PDT","23165645981","Order","701-0165988-6180251","7K-0O9G-VJ3D","YOBTOP Epoxy Resin, 16oz Epoxy Resin Kit with Bubble Free Self Leveling High Gloss Not Yellowing Crystal Clear Epoxy Resin for Art Resin, DIY, Jewelry","1","amazon.ca","Amazon","Mirabel","Quebec","J7N 1J","Combined TCS+MTC","18.99","2.84","0","0","0","0","0","0","0","0","-2.84","-2.85","-7.71","-0.06","0","8.37"
"Mar 23, 2025 8:53:48 a.m. PDT","23165645981","Order","702-0912192-0339405","52-3L6N-882S","YOBTOP Epoxy Resin, 32oz Epoxy Resin Kit with Bubble Free Self Leveling High Gloss Not Yellowing Crystal Clear Epoxy Resin for Art Resin, DIY, Jewelry","1","amazon.ca","Amazon","Merlin","Ontario","N0P 1W","Combined TCS+MTC","28.49","3.70","0","0","0","0","0","0","0","0","-3.70","-4.27","-8.84","-0.09","0","15.29"
"Mar 23, 2025 8:54:45 a.m. PDT","23165645981","Order","702-4865147-8625836","52-3L6N-882S","YOBTOP Epoxy Resin, 32oz Epoxy Resin Kit with Bubble Free Self Leveling High Gloss Not Yellowing Crystal Clear Epoxy Resin for Art Resin, DIY, Jewelry","1","amazon.ca","Amazon","Huntsville","Ontario","P1H 2J","Combined TCS+MTC","28.49","3.70","0","0","0","0","0","0","0","0","-3.70","-4.27","-8.84","-0.09","0","15.29"
"Mar 24, 2025 1:15:14 a.m. PDT","23165645981","Order","701-7722932-5143418","52-3L6N-882S","YOBTOP Epoxy Resin, 32oz Epoxy Resin Kit with Bubble Free Self Leveling High Gloss Not Yellowing Crystal Clear Epoxy Resin for Art Resin, DIY, Jewelry","1","amazon.ca","Amazon","Bashaw","Alberta","T0B 0H","Combined TCS+MTC","28.49","1.42","0","0","0","0","0","0","0","0","-1.42","-4.27","-8.84","-0.09","0","15.29"
"Mar 24, 2025 1:46:04 a.m. PDT","23165645981","Order","702-3325471-9492253","52-3L6N-882S","YOBTOP Epoxy Resin, 32oz Epoxy Resin Kit with Bubble Free Self Leveling High Gloss Not Yellowing Crystal Clear Epoxy Resin for Art Resin, DIY, Jewelry","1","amazon.ca","Amazon","AIRDRIE","Alberta","T4B0B","Combined TCS+MTC","28.49","1.42","0","0","0","0","0","0","0","0","-1.42","-4.27","-8.84","-0.09","0","15.29"
"Mar 24, 2025 2:25:04 a.m. PDT","23165645981","Order","702-7931844-5238615","52-3L6N-882S","YOBTOP Epoxy Resin, 32oz Epoxy Resin Kit with Bubble Free Self Leveling High Gloss Not Yellowing Crystal Clear Epoxy Resin for Art Resin, DIY, Jewelry","1","amazon.ca","Amazon","Boucherville","Quebec","J4B 8V","Combined TCS+MTC","28.49","4.27","0","0","0","0","0","0","0","0","-4.27","-4.27","-8.84","-0.09","0","15.29"
"Mar 24, 2025 7:37:37 a.m. PDT","23165645981","Order","701-4658527-9971433","52-3L6N-882S","YOBTOP Epoxy Resin, 32oz Epoxy Resin Kit with Bubble Free Self Leveling High Gloss Not Yellowing Crystal Clear Epoxy Resin for Art Resin, DIY, Jewelry","1","amazon.ca","Amazon","Fort McMurray","Alberta","T9H 5B","Combined TCS+MTC","28.49","1.42","0","0","0","0","0","0","0","0","-1.42","-4.27","-8.84","-0.09","0","15.29"
"Mar 24, 2025 8:02:39 a.m. PDT","23165645981","Refund","701-6463724-9163429","ZS-DGQY-G4LL","1.5 Gallon Deep Pour Epoxy Resin Kit, 2""-4"" Deep Pour Epoxy with Crystal Clear Bubble Free Self Leveling 2:1 Clear Epoxy Resin for DIY River Tables Wo","1","amazon.ca","Amazon","Barrhead","Alberta","T7N 1C","","0","0","0","0","0","0","0","0","0","0","0","0","0","0","0","0"
"Mar 25, 2025 6:07:07 a.m. PDT","23269289861","Order","701-3876757-2577036","52-3L6N-882S","YOBTOP Epoxy Resin, 32oz Epoxy Resin Kit with Bubble Free Self Leveling High Gloss Not Yellowing Crystal Clear Epoxy Resin for Art Resin, DIY, Jewelry","1","amazon.ca","Amazon","Quispamsis","New Brunswick","E2G1M","Combined TCS+MTC","28.49","4.27","0","0","0","0","0","0","0","0","-4.27","-4.27","-8.84","-0.09","0","15.29"
"Mar 25, 2025 6:28:44 a.m. PDT","23269289861","Order","701-7643052-5573038","7K-0O9G-VJ3D","YOBTOP Epoxy Resin, 16oz Epoxy Resin Kit with Bubble Free Self Leveling High Gloss Not Yellowing Crystal Clear Epoxy Resin for Art Resin, DIY, Jewelry","1","amazon.ca","Amazon","White Rock","British Columbia","V4B 2C","Combined TCS+MTC","18.99","2.28","0","0","0","0","0","0","0","0","-2.28","-2.85","-7.71","-0.06","0","8.37"
"Mar 25, 2025 7:21:43 a.m. PDT","23269289861","Order","702-1628360-2108246","52-3L6N-882S","YOBTOP Epoxy Resin, 32oz Epoxy Resin Kit with Bubble Free Self Leveling High Gloss Not Yellowing Crystal Clear Epoxy Resin for Art Resin, DIY, Jewelry","1","amazon.ca","Amazon","Calgary","Alberta","T2R 0M","Combined TCS+MTC","28.49","1.42","1.16","0","0","0","0","0","-1.16","0","-1.42","-4.27","-8.84","-0.09","0","15.29"
"Mar 25, 2025 8:18:46 a.m. PDT","23269289861","Order","701-3350829-9565041","OX-S8RX-8DDW","Epoxy Resin Kit 1 Gallon,Crystal Clear Casting Table Top Epoxy Resin,Bubble Free & Fast Curing Resin for Countertop, Wood,Jewelry,DIY, Tumblers,Art,Re","1","amazon.ca","Amazon","Elko","British Columbia","V0B 1T","","65.99","0","0","0","0","0","0","0","0","0","0","-9.90","-18.69","-0.20","0","37.20"
"Mar 26, 2025 2:22:53 a.m. PDT","23269289861","Order","701-4594248-2365818","52-3L6N-882S","YOBTOP Epoxy Resin, 32oz Epoxy Resin Kit with Bubble Free Self Leveling High Gloss Not Yellowing Crystal Clear Epoxy Resin for Art Resin, DIY, Jewelry","1","amazon.ca","Amazon","Nanoose Bay","British Columbia","V9P9J","Combined TCS+MTC","28.49","3.42","2.94","0","0","0","0","0","-2.94","0","-3.42","-4.27","-8.84","-0.09","0","15.29"
"Mar 26, 2025 4:24:02 a.m. PDT","23269289861","Order","701-0604240-6454630","7K-0O9G-VJ3D","YOBTOP Epoxy Resin, 16oz Epoxy Resin Kit with Bubble Free Self Leveling High Gloss Not Yellowing Crystal Clear Epoxy Resin for Art Resin, DIY, Jewelry","1","amazon.ca","Amazon","Kelowna","British Columbia","V1X 4G","Combined TCS+MTC","18.99","2.28","0","0","0","0","0","0","0","0","-2.28","-2.85","-7.71","-0.06","0","8.37"
"Mar 26, 2025 6:03:26 a.m. PDT","23269289861","Order","702-9838705-7393828","52-3L6N-882S","YOBTOP Epoxy Resin, 32oz Epoxy Resin Kit with Bubble Free Self Leveling High Gloss Not Yellowing Crystal Clear Epoxy Resin for Art Resin, DIY, Jewelry","1","amazon.ca","Amazon","Hinton","Alberta","T7V 1E","Combined TCS+MTC","28.49","1.42","0","0","0","0","0","0","0","0","-1.42","-4.27","-8.84","-0.09","0","15.29"
"Mar 26, 2025 6:51:47 a.m. PDT","23269289861","Order","702-0278925-1687478","52-3L6N-882S","YOBTOP Epoxy Resin, 32oz Epoxy Resin Kit with Bubble Free Self Leveling High Gloss Not Yellowing Crystal Clear Epoxy Resin for Art Resin, DIY, Jewelry","1","amazon.ca","Amazon","Merlin","Ontario","N0P 1W","Combined TCS+MTC","28.49","3.70","0","0","0","0","0","0","0","0","-3.70","-4.27","-8.84","-0.09","0","15.29"
"Mar 26, 2025 8:16:10 a.m. PDT","23269289861","Transfer","","","To account ending with: 676","","","","","","","","0","0","0","0","0","0","0","0","0","0","0","0","0","0","-76.81","-76.81"
"Mar 26, 2025 9:05:49 a.m. PDT","23269289861","Order","701-8119304-9825012","7K-0O9G-VJ3D","YOBTOP Epoxy Resin, 16oz Epoxy Resin Kit with Bubble Free Self Leveling High Gloss Not Yellowing Crystal Clear Epoxy Resin for Art Resin, DIY, Jewelry","1","amazon.ca","Amazon","Victoria","British Columbia","V8N 3E","Combined TCS+MTC","18.99","2.28","0","0","0","0","0","0","0","0","-2.28","-2.85","-7.71","-0.06","0","8.37"
"Mar 26, 2025 2:30:18 p.m. PDT","23269289861","Order","702-2808302-3209064","52-3L6N-882S","YOBTOP Epoxy Resin, 32oz Epoxy Resin Kit with Bubble Free Self Leveling High Gloss Not Yellowing Crystal Clear Epoxy Resin for Art Resin, DIY, Jewelry","1","amazon.ca","Amazon","Sherwood Park","Alberta","T8H 2N","Combined TCS+MTC","28.49","1.42","0","0","0","0","0","0","0","0","-1.42","-4.27","-8.84","-0.09","0","15.29"
"Mar 27, 2025 12:35:14 a.m. PDT","23269289861","Adjustment","702-5201652-5507423","52-3L6N-882S","FBA Inventory Reimbursement - Customer Return","1","","","","","","","0","0","0","0","0","0","0","0","0","0","0","0","0","0","12.95","12.95"
"Mar 27, 2025 6:17:13 a.m. PDT","23269289861","Order","701-8493270-1661840","52-3L6N-882S","YOBTOP Epoxy Resin, 32oz Epoxy Resin Kit with Bubble Free Self Leveling High Gloss Not Yellowing Crystal Clear Epoxy Resin for Art Resin, DIY, Jewelry","1","amazon.ca","Amazon","Wilsonville","Ontario","N0E 1Z","Combined TCS+MTC","28.49","3.70","0","0","0","0","0","0","0","0","-3.70","-4.27","-8.84","-0.09","0","15.29"
"Mar 27, 2025 7:02:55 a.m. PDT","23269289861","Order","701-8564171-7081857","7K-0O9G-VJ3D","YOBTOP Epoxy Resin, 16oz Epoxy Resin Kit with Bubble Free Self Leveling High Gloss Not Yellowing Crystal Clear Epoxy Resin for Art Resin, DIY, Jewelry","1","amazon.ca","Amazon","Mississauga","Ontario","L5B 4E","Combined TCS+MTC","18.99","2.47","0","0","0","0","0","0","0","0","-2.47","-2.85","-7.71","-0.06","0","8.37"
"Mar 27, 2025 8:27:24 a.m. PDT","23269289861","Order","702-5607564-1480245","7K-0O9G-VJ3D","YOBTOP Epoxy Resin, 16oz Epoxy Resin Kit with Bubble Free Self Leveling High Gloss Not Yellowing Crystal Clear Epoxy Resin for Art Resin, DIY, Jewelry","1","amazon.ca","Amazon","Lion's Head","Ontario","N0H 1W","Combined TCS+MTC","18.99","2.47","0","0","0","0","0","0","0","0","-2.47","-2.85","-7.71","-0.06","0","8.37"
"Mar 27, 2025 8:28:30 a.m. PDT","23269289861","Order","701-6549910-1753851","7K-0O9G-VJ3D","YOBTOP Epoxy Resin, 16oz Epoxy Resin Kit with Bubble Free Self Leveling High Gloss Not Yellowing Crystal Clear Epoxy Resin for Art Resin, DIY, Jewelry","1","amazon.ca","Amazon","Surrey","British Columbia","V3R 0W","Combined TCS+MTC","18.99","2.28","0","0","0","0","0","0","0","0","-2.28","-2.85","-8.25","-0.06","0","7.83"
"Mar 27, 2025 8:29:35 a.m. PDT","23269289861","Order","702-2088718-1839421","7K-0O9G-VJ3D","YOBTOP Epoxy Resin, 16oz Epoxy Resin Kit with Bubble Free Self Leveling High Gloss Not Yellowing Crystal Clear Epoxy Resin for Art Resin, DIY, Jewelry","1","amazon.ca","Amazon","Surrey","British Columbia","V3T 1Z","Combined TCS+MTC","18.99","2.28","0","0","0","0","0","0","0","0","-2.28","-2.85","-7.71","-0.06","0","8.37"
"Mar 27, 2025 11:08:05 p.m. PDT","23269289861","Order","702-6895614-4627451","52-3L6N-882S","YOBTOP Epoxy Resin, 32oz Epoxy Resin Kit with Bubble Free Self Leveling High Gloss Not Yellowing Crystal Clear Epoxy Resin for Art Resin, DIY, Jewelry","1","amazon.ca","Amazon","Vaughan","Ontario","L4L 0G","Combined TCS+MTC","28.49","3.70","0","0","0","0","0","0","0","0","-3.70","-4.27","-8.84","-0.09","0","15.29"
"Mar 27, 2025 11:48:19 p.m. PDT","23269289861","Order","701-7468639-5700268","7K-0O9G-VJ3D","YOBTOP Epoxy Resin, 16oz Epoxy Resin Kit with Bubble Free Self Leveling High Gloss Not Yellowing Crystal Clear Epoxy Resin for Art Resin, DIY, Jewelry","1","amazon.ca","Amazon","Montreal","Quebec","H3C 0G","Combined TCS+MTC","18.99","2.84","0","0","0","0","0","0","0","0","-2.84","-2.85","-7.71","-0.06","0","8.37"
"Mar 28, 2025 5:20:58 a.m. PDT","23269289861","Order","702-0282723-1589079","7K-0O9G-VJ3D","YOBTOP Epoxy Resin, 16oz Epoxy Resin Kit with Bubble Free Self Leveling High Gloss Not Yellowing Crystal Clear Epoxy Resin for Art Resin, DIY, Jewelry","1","amazon.ca","Amazon","Stouffville","ON","L4A 2E","Combined TCS+MTC","18.99","2.47","0","0","0","0","0","0","0","0","-2.47","-2.85","-7.71","-0.06","0","8.37"
"Mar 28, 2025 5:56:50 a.m. PDT","23269289861","Order","701-9558804-1891439","52-3L6N-882S","YOBTOP Epoxy Resin, 32oz Epoxy Resin Kit with Bubble Free Self Leveling High Gloss Not Yellowing Crystal Clear Epoxy Resin for Art Resin, DIY, Jewelry","1","amazon.ca","Amazon","White Rock","British Columbia","V4B 2G","Combined TCS+MTC","28.49","3.42","0","0","0","0","0","0","0","0","-3.42","-4.27","-8.84","-0.09","0","15.29"
"Mar 28, 2025 12:15:54 p.m. PDT","23269289861","Order","702-0681138-4591445","OX-S8RX-8DDW","Epoxy Resin Kit 1 Gallon,Crystal Clear Casting Table Top Epoxy Resin,Bubble Free & Fast Curing Resin for Countertop, Wood,Jewelry,DIY, Tumblers,Art,Re","1","amazon.ca","Amazon","Drayton Valley","Alberta","T7A 1L","","65.99","0","0","0","0","0","0","0","0","0","0","-9.90","-18.69","-0.20","0","37.20"
"Mar 28, 2025 1:02:43 p.m. PDT","23269289861","Order","702-3755319-8034632","52-3L6N-882S","YOBTOP Epoxy Resin, 32oz Epoxy Resin Kit with Bubble Free Self Leveling High Gloss Not Yellowing Crystal Clear Epoxy Resin for Art Resin, DIY, Jewelry","1","amazon.ca","Amazon","Englehart","Ontario","P0J 1H","Combined TCS+MTC","28.49","3.70","0","0","0","0","0","0","0","0","-3.70","-4.27","-8.84","-0.09","0","15.29"
"Mar 28, 2025 1:36:08 p.m. PDT","23269289861","Adjustment","","52-3L6N-882S","FBA Inventory Reimbursement - General Adjustment","1","","","","","","","0","0","0","0","0","0","0","0","0","0","0","0","0","0","-12.95","-12.95"
"Mar 28, 2025 9:48:15 p.m. PDT","23269289861","Order","702-1997967-2424263","7K-0O9G-VJ3D","YOBTOP Epoxy Resin, 16oz Epoxy Resin Kit with Bubble Free Self Leveling High Gloss Not Yellowing Crystal Clear Epoxy Resin for Art Resin, DIY, Jewelry","1","amazon.ca","Amazon","St Catharines","Ontario","L2R 0B","Combined TCS+MTC","18.99","2.47","0","0","0","0","0","0","0","0","-2.47","-2.85","-7.71","-0.06","0","8.37"
"Mar 28, 2025 11:44:10 p.m. PDT","23269289861","Order","701-8466166-3968260","E0-GH8D-U35C","YOBTOP Epoxy Resin 1 Gallon Epoxy Resin Kit Crystal Clear High Gloss Self Leveling Bubble Free Not Yellowing Easy to Mix 1:1 for Coating & Casting, DI","1","amazon.ca","Amazon","Richmond Hill","Ontario","L4C 5R","","54.14","0","0","0","0","0","0","0","0","0","0","-8.12","-18.80","-0.16","0","27.06"
"Mar 28, 2025 11:57:48 p.m. PDT","23269289861","Order","701-0196033-3640235","7K-0O9G-VJ3D","YOBTOP Epoxy Resin, 16oz Epoxy Resin Kit with Bubble Free Self Leveling High Gloss Not Yellowing Crystal Clear Epoxy Resin for Art Resin, DIY, Jewelry","1","amazon.ca","Amazon","Les mechins","Québec","G0J1T","Combined TCS+MTC","18.99","2.84","0","0","0","0","0","0","0","0","-2.84","-2.85","-7.71","-0.06","0","8.37"
"Mar 29, 2025 1:44:13 a.m. PDT","23269289861","Order","702-7356534-4140238","7K-0O9G-VJ3D","YOBTOP Epoxy Resin, 16oz Epoxy Resin Kit with Bubble Free Self Leveling High Gloss Not Yellowing Crystal Clear Epoxy Resin for Art Resin, DIY, Jewelry","1","amazon.ca","Amazon","St Sophie","Québec","J5J2T","Combined TCS+MTC","18.99","2.84","0","0","0","0","0","0","0","0","-2.84","-2.85","-7.71","-0.06","0","8.37"
"Mar 29, 2025 8:08:25 a.m. PDT","23269289861","Order","701-8827919-9551453","7K-0O9G-VJ3D","YOBTOP Epoxy Resin, 16oz Epoxy Resin Kit with Bubble Free Self Leveling High Gloss Not Yellowing Crystal Clear Epoxy Resin for Art Resin, DIY, Jewelry","1","amazon.ca","Amazon","Drumbo","Ontario","N0J 1G","Combined TCS+MTC","18.99","2.47","3.27","0","0","0","0","0","-3.27","0","-2.47","-2.85","-7.71","-0.06","0","8.37"
"Mar 29, 2025 9:03:36 a.m. PDT","23269289861","Order","701-5456303-5205022","E0-GH8D-U35C","YOBTOP Epoxy Resin 1 Gallon Epoxy Resin Kit Crystal Clear High Gloss Self Leveling Bubble Free Not Yellowing Easy to Mix 1:1 for Coating & Casting, DI","1","amazon.ca","Amazon","Moose Jaw","Saskatchewan","S6H 3K","","54.14","0","0","0","0","0","0","0","0","0","0","-8.12","-18.80","-0.16","0","27.06"
"Mar 29, 2025 12:40:36 p.m. PDT","23269289861","Order","702-8878440-9101868","51-MQ61-6SU7","YOBTOP Epoxy Resin 80oz Epoxy Resin Kit Crystal Clear High Gloss Self Leveling Bubble Free Not Yellowing Easy to Mix 1:1 for Coating & Casting, DIY Cr","1","amazon.ca","Amazon","Mount Forest","Ontario","N0G 2L","","42.99","0","0","0","0","0","0","0","0","0","0","-6.45","-17.26","-0.13","0","19.15"
"Mar 30, 2025 12:21:26 a.m. PDT","23269289861","Order","701-5139879-8594622","7K-0O9G-VJ3D","YOBTOP Epoxy Resin, 16oz Epoxy Resin Kit with Bubble Free Self Leveling High Gloss Not Yellowing Crystal Clear Epoxy Resin for Art Resin, DIY, Jewelry","1","amazon.ca","Amazon","Victoria","British Columbia","V9B 5W","Combined TCS+MTC","18.99","2.28","0","0","0","0","0","0","0","0","-2.28","-2.85","-8.25","-0.06","0","7.83"
"Mar 30, 2025 8:46:34 a.m. PDT","23269289861","Order","702-2049909-5241852","E0-GH8D-U35C","YOBTOP Epoxy Resin 1 Gallon Epoxy Resin Kit Crystal Clear High Gloss Self Leveling Bubble Free Not Yellowing Easy to Mix 1:1 for Coating & Casting, DI","1","amazon.ca","Amazon","Scarborough","Ontario","M1S 4W","","54.14","0","0","0","0","0","0","0","0","0","0","-8.12","-18.80","-0.16","0","27.06"
"Mar 31, 2025 12:06:49 a.m. PDT","23269289861","Order","702-3680741-7095413","7K-0O9G-VJ3D","YOBTOP Epoxy Resin, 16oz Epoxy Resin Kit with Bubble Free Self Leveling High Gloss Not Yellowing Crystal Clear Epoxy Resin for Art Resin, DIY, Jewelry","1","amazon.ca","Amazon","Sussex","New Brunswick","E4E 1B","Combined TCS+MTC","18.99","2.85","0","0","0","0","0","0","0","0","-2.85","-2.85","-8.25","-0.06","0","7.83"
"Mar 31, 2025 1:10:48 a.m. PDT","23269289861","Order","702-9248622-1069864","7K-0O9G-VJ3D","YOBTOP Epoxy Resin, 16oz Epoxy Resin Kit with Bubble Free Self Leveling High Gloss Not Yellowing Crystal Clear Epoxy Resin for Art Resin, DIY, Jewelry","1","amazon.ca","Amazon","Carp","Ontario","K0A 1L","Combined TCS+MTC","18.99","2.47","0","0","0","0","0","0","0","0","-2.47","-2.85","-7.71","-0.06","0","8.37"
"Mar 31, 2025 6:09:54 a.m. PDT","23269289861","Order","701-6921487-3905824","52-3L6N-882S","YOBTOP Epoxy Resin, 32oz Epoxy Resin Kit with Bubble Free Self Leveling High Gloss Not Yellowing Crystal Clear Epoxy Resin for Art Resin, DIY, Jewelry","1","amazon.ca","Amazon","Edwards","Ontario","K0A 1V","Combined TCS+MTC","28.49","3.70","0","0","0","0","0","0","0","0","-3.70","-4.27","-8.84","-0.09","0","15.29"
"Mar 31, 2025 8:12:57 a.m. PDT","23269289861","Order","701-5608108-7680200","51-MQ61-6SU7","YOBTOP Epoxy Resin 80oz Epoxy Resin Kit Crystal Clear High Gloss Self Leveling Bubble Free Not Yellowing Easy to Mix 1:1 for Coating & Casting, DIY Cr","1","amazon.ca","Amazon","Innisfil","ON","L9S 0N","","42.99","0","0","0","0","0","0","0","0","0","0","-6.45","-17.26","-0.13","0","19.15"
"Mar 31, 2025 8:22:24 a.m. PDT","23269289861","Order","701-8215997-0368246","52-3L6N-882S","YOBTOP Epoxy Resin, 32oz Epoxy Resin Kit with Bubble Free Self Leveling High Gloss Not Yellowing Crystal Clear Epoxy Resin for Art Resin, DIY, Jewelry","1","amazon.ca","Amazon","Luskville","Quebec","J0X 2G","Combined TCS+MTC","28.49","4.27","0","0","0","0","0","0","0","0","-4.27","-4.27","-8.84","-0.09","0","15.29"
"Mar 31, 2025 8:40:19 a.m. PDT","23269289861","Order","702-9198935-7116260","E0-GH8D-U35C","YOBTOP Epoxy Resin 1 Gallon Epoxy Resin Kit Crystal Clear High Gloss Self Leveling Bubble Free Not Yellowing Easy to Mix 1:1 for Coating & Casting, DI","2","amazon.ca","Amazon","Ste-Catherine-De-La-J-Cartie","Quebec","G3N 0W","","108.28","0","0","0","0","0","0","0","0","0","0","-16.24","-37.60","-0.32","0","54.12"
"Mar 31, 2025 12:05:20 p.m. PDT","23269289861","Adjustment","701-1926571-9434622","7Z-MGKR-201D","FBA Inventory Reimbursement - Customer Return","1","","","","","","","0","0","0","0","0","0","0","0","0","0","0","0","0","0","66.77","66.77"
"Mar 31, 2025 3:55:38 p.m. PDT","23269289861","Refund","702-0912192-0339405","52-3L6N-882S","YOBTOP Epoxy Resin, 32oz Epoxy Resin Kit with Bubble Free Self Leveling High Gloss Not Yellowing Crystal Clear Epoxy Resin for Art Resin, DIY, Jewelry","1","amazon.ca","Amazon","Merlin","Ontario","N0P 1W","Combined TCS+MTC","-28.49","-3.70","0","0","0","0","0","0","0","0","3.70","3.42","0","0.09","0","-24.98"
"Mar 31, 2025 8:19:58 p.m. PDT","23269289861","Order","702-9103325-3869014","7K-0O9G-VJ3D","YOBTOP Epoxy Resin, 16oz Epoxy Resin Kit with Bubble Free Self Leveling High Gloss Not Yellowing Crystal Clear Epoxy Resin for Art Resin, DIY, Jewelry","1","amazon.ca","Amazon","COURTENAY","British Columbia","V9N 3S","Combined TCS+MTC","18.99","2.28","0","0","0","0","0","0","0","0","-2.28","-2.85","-7.71","-0.06","0","8.37"
