﻿订单号,订单状态,批次订单号,子订单号,子订单状态,应履约件数,商品名称,SKU ID,SKC ID,SPU ID,SKU货号,商品属性,对接服务商,对接发货仓,收货人姓名,收货人联系方式,收货人备用联系方式,收货人邮箱,详细地址1,详细地址2,详细地址3,区县,城市,省份,收货地址邮编,国家,运单号,物流商,订单创建时间,订单确认时间,订单待发货时间,要求最晚发货时间,实际发货时间,预计送达时间,实际签收时间,备注
PO-100-09534464287272707,已取消,	,100-09534422344232707,已取消,0	,高度な2-in-1両面超長時間設定（60、180、300秒）48個のLED 48W 360°ラップアラウンド光源大型UVランプ、樹脂硬化DIYクラフト装飾ジュエリー作り分割使用デジタルディスプレイタイマー（アップグレード版）、UV硬化ランプ |両面ランプ |高品質LED,7566092528	,1552064794	,527861142	,AT-MYFB-0MY3,ホワイト,	,	,,,,,,,,,,,,,	,	,2025-03-31 16:28:14,2025-03-31 16:28:15,2025-03-31 16:35:04,2025-04-02 23:06:49,,2025-04-04 22:59:59,,
PO-100-09581237909032170,已发货,	,100-09581258880552170,已发货,1	,高度な2-in-1両面超長時間設定（60、180、300秒）48個のLED 48W 360°ラップアラウンド光源大型UVランプ、樹脂硬化DIYクラフト装飾ジュエリー作り分割使用デジタルディスプレイタイマー（アップグレード版）、UV硬化ランプ |両面ランプ |高品質LED,7566092528	,1552064794	,527861142	,AT-MYFB-0MY3,ホワイト,	,	,,,,,,,,,,,,,440084009514	,Yamato,2025-03-31 13:23:44,2025-03-31 13:23:46,2025-03-31 13:53:46,2025-04-02 23:30:01,2025-04-01 10:29:51,2025-04-04 22:59:59,,
PO-100-15083174093352112,已签收,	,100-15083100693032112,已签收,1	,ブチレジン 樹脂液 300g UVレジン液 大容量 ハードタイプ UV-LED対応 高透明性 迅速硬化 黄変なし 低刺激 DIY レジンアート,2874351415	,2786655121	,650947791	,UV-300g-JP-new,300グラム,	,	,,,,,,,,,,,,,440077179625	,Yamato,2025-03-30 22:23:15,2025-03-30 22:23:17,2025-03-30 22:53:17,2025-04-01 23:30:01,2025-03-31 09:26:50,2025-04-03 22:59:59,2025-04-01 16:14:39,
PO-100-15040556708392398,已签收,	,100-15040546222632398,已签收,1	,高度な2-in-1両面超長時間設定（60、180、300秒）48個のLED 48W 360°ラップアラウンド光源大型UVランプ、樹脂硬化DIYクラフト装飾ジュエリー作り分割使用デジタルディスプレイタイマー（アップグレード版）、UV硬化ランプ |両面ランプ |高品質LED,7566092528	,1552064794	,527861142	,AT-MYFB-0MY3,ホワイト,	,	,,,,,,,,,,,,,440077179721	,Yamato,2025-03-30 09:40:08,2025-03-30 09:40:10,2025-03-30 10:10:11,2025-04-01 23:30:02,2025-03-31 09:26:37,2025-04-03 22:59:59,2025-04-01 10:11:42,
PO-100-03714729298470275,已签收,	,100-03714662451750275,已签收,1	,高度な2-in-1両面超長時間設定（60、180、300秒）48個のLED 48W 360°ラップアラウンド光源大型UVランプ、樹脂硬化DIYクラフト装飾ジュエリー作り分割使用デジタルディスプレイタイマー（アップグレード版）、UV硬化ランプ |両面ランプ |高品質LED,7566092528	,1552064794	,527861142	,AT-MYFB-0MY3,ホワイト,	,	,,,,,,,,,,,,,440077179706	,Yamato,2025-03-30 06:53:20,2025-03-30 06:53:22,2025-03-30 07:23:23,2025-04-01 23:30:02,2025-03-31 09:26:09,2025-04-03 22:59:59,2025-04-01 16:14:59,
PO-100-03561262940711412,已签收,	,100-03561289155111412,已签收,1	,高度な2-in-1両面超長時間設定（60、180、300秒）48個のLED 48W 360°ラップアラウンド光源大型UVランプ、樹脂硬化DIYクラフト装飾ジュエリー作り分割使用デジタルディスプレイタイマー（アップグレード版）、UV硬化ランプ |両面ランプ |高品質LED,7566092528	,1552064794	,527861142	,AT-MYFB-0MY3,ホワイト,	,	,,,,,,,,,,,,,440077179710	,Yamato,2025-03-29 18:54:24,2025-03-29 18:54:46,2025-03-29 19:24:46,2025-04-01 23:30:21,2025-03-31 09:26:18,2025-04-03 22:59:59,2025-04-01 16:15:47,
PO-100-04084208538152169,已取消,	,100-04084166595112169,已取消,0	,高度な2-in-1両面超長時間設定（60、180、300秒）48個のLED 48W 360°ラップアラウンド光源大型UVランプ、樹脂硬化DIYクラフト装飾ジュエリー作り分割使用デジタルディスプレイタイマー（アップグレード版）、UV硬化ランプ |両面ランプ |高品質LED,7566092528	,1552064794	,527861142	,AT-MYFB-0MY3,ホワイト,	,	,,,,,,,,,,,,,	,	,2025-03-29 08:33:41,2025-03-29 08:33:42,2025-03-29 08:34:30,2025-04-01 23:00:48,,2025-04-03 22:59:59,,
PO-100-18031440479271213,已签收,	,100-18031398536231213,已签收,1	,高度な2-in-1両面超長時間設定（60、180、300秒）48個のLED 48W 360°ラップアラウンド光源大型UVランプ、樹脂硬化DIYクラフト装飾ジュエリー作り分割使用デジタルディスプレイタイマー（アップグレード版）、UV硬化ランプ |両面ランプ |高品質LED,7566092528	,1552064794	,527861142	,AT-MYFB-0MY3,ホワイト,	,	,,,,,,,,,,,,,440072952900	,Yamato,2025-03-29 07:25:44,2025-03-29 07:26:04,2025-03-29 07:56:04,2025-04-01 23:30:19,2025-03-29 14:29:20,2025-04-03 22:59:59,2025-03-31 18:43:24,
PO-100-18344273902633186,已签收,	,100-18344252931113186,已签收,1	,ブチレジン 樹脂液 300g UVレジン液 大容量 ハードタイプ UV-LED対応 高透明性 迅速硬化 黄変なし 低刺激 DIY レジンアート,2874351415	,2786655121	,650947791	,UV-300g-JP-new,300グラム,	,	,,,,,,,,,,,,,440072952756	,Yamato,2025-03-29 00:27:03,2025-03-29 00:27:06,2025-03-29 00:57:06,2025-04-01 23:30:02,2025-03-29 14:29:12,2025-04-03 22:59:59,2025-03-31 12:42:50,
PO-100-18344262157353186,已签收,	,100-18344230700073186,已签收,1	,ブチレジン 樹脂液 300g UVレジン液 大容量 ハードタイプ UV-LED対応 高透明性 迅速硬化 黄変なし 低刺激 DIY レジンアート,2874351415	,2786655121	,650947791	,UV-300g-JP-new,300グラム,	,	,,,,,,,,,,,,,440072952760	,Yamato,2025-03-29 00:25:47,2025-03-29 00:25:50,2025-03-29 00:55:50,2025-04-01 23:30:02,2025-03-29 14:28:57,2025-04-03 22:59:59,2025-03-31 12:42:05,
PO-100-18344284193833186,已签收,	,100-18344231765033186,已签收,1	,ブチレジン 樹脂液 300g UVレジン液 大容量 ハードタイプ UV-LED対応 高透明性 迅速硬化 黄変なし 低刺激 DIY レジンアート,2874351415	,2786655121	,650947791	,UV-300g-JP-new,300グラム,	,	,,,,,,,,,,,,,440072952745	,Yamato,2025-03-29 00:04:12,2025-03-29 00:04:15,2025-03-29 00:34:16,2025-04-01 23:30:03,2025-03-29 14:29:11,2025-04-03 22:59:59,2025-03-31 12:39:35,
PO-100-18518571213352117,已签收,	,100-18518597427752117,已签收,2	,UVレジン 1000g UVエポキシ樹脂 クリスタル クリア 紫外線硬化 エポキシ樹脂キット DIY ジュエリー製作、クラフト装飾用 - ハード UV グルー ソーラーキュア 日光活性化 レジン 初心者向け,8379935428	,3971425626	,687378350	,NZ-WXWN-8YU7,1000g,	,	,,,,,,,,,,,,,440072953423	,Yamato,2025-03-28 20:21:05,2025-03-28 20:21:20,2025-03-28 20:51:21,2025-04-01 23:30:15,2025-03-29 14:29:00,2025-04-03 22:59:59,2025-03-31 12:39:41,
PO-100-07477898696232421,已签收,	,100-07477825295912421,已签收,1	,UVレジン 1000g UVエポキシ樹脂 クリスタル クリア 紫外線硬化 エポキシ樹脂キット DIY ジュエリー製作、クラフト装飾用 - ハード UV グルー ソーラーキュア 日光活性化 レジン 初心者向け,8379935428	,3971425626	,687378350	,NZ-WXWN-8YU7,1000g,	,	,,,,,,,,,,,,,440070917392	,Yamato,2025-03-28 07:42:18,2025-03-28 07:42:21,2025-03-28 08:12:21,2025-04-01 23:30:02,2025-03-28 16:02:20,2025-04-03 22:59:59,2025-03-30 12:55:15,
PO-100-12664575196710432,已签收,	,100-12664533253670432,已签收,1	,BUTIRESIN UVライト アドバンスド 2イン1 両面 長時間設定 (60秒、180秒、300秒) UVレジンライト 48個LED 48W 360度サラウンド光源 大型UVランプ 樹脂硬化 DIYクラフト 装飾 ジュエリー製作 分割可能 デジタル表示タイマー (アップグレード版),5850987566	,4224504022	,821451063	,AT-MYFB-0MY3,白,	,	,,,,,,,,,,,,,440065457764	,Yamato,2025-03-26 21:41:30,2025-03-26 21:41:33,2025-03-26 22:11:33,2025-03-28 23:30:02,2025-03-27 11:32:11,2025-04-01 22:59:59,2025-03-29 12:46:45,
PO-100-12581480335910897,已签收,	,100-12581469850150897,已签收,1	,BUTIRESIN UVライト アドバンスド 2イン1 両面 長時間設定 (60秒、180秒、300秒) UVレジンライト 48個LED 48W 360度サラウンド光源 大型UVランプ 樹脂硬化 DIYクラフト 装飾 ジュエリー製作 分割可能 デジタル表示タイマー (アップグレード版),5850987566	,4224504022	,821451063	,AT-MYFB-0MY3,白,	,	,,,,,,,,,,,,,440065457775	,Yamato,2025-03-26 13:21:45,2025-03-26 20:58:03,2025-03-26 21:28:04,2025-03-29 07:06:18,2025-03-27 11:32:49,2025-04-01 22:59:59,2025-03-29 12:44:49,
PO-100-01553098117670839,已签收,	,100-01553082389030839,已签收,1	,ブチレジン 樹脂液 300g UVレジン液 大容量 ハードタイプ UV-LED対応 高透明性 迅速硬化 黄変なし 低刺激 DIY レジンアート,2874351415	,2786655121	,650947791	,UV-300g-JP-new,300グラム,	,	,,,,,,,,,,,,,440053662624	,Yamato,2025-03-25 23:31:36,2025-03-25 23:31:38,2025-03-26 00:01:38,2025-03-28 23:30:01,2025-03-26 10:01:57,2025-04-01 22:59:59,2025-03-27 13:44:32,
PO-100-01821350221353334,已签收,	,100-01821381678633334,已签收,1	,BUTIRESIN UVライトアドバンス2in1 - 48W 360度囲みライトソース、60秒、180秒、300秒設定可能、48LED搭載、大型UVランプ - リジン硬化、DIY、アクセサリー製作、装飾に最適 - 上級バージョン,5850987566	,4224504022	,821451063	,AT-MYFB-0MY3,白,	,	,,,,,,,,,,,,,440053662661	,Yamato,2025-03-25 18:20:52,2025-03-25 18:21:11,2025-03-25 18:51:11,2025-03-27 23:30:18,2025-03-26 12:16:19,2025-03-31 22:59:59,2025-03-27 13:43:46,
PO-100-01830807317033534,已签收,	,100-01830765373993534,已签收,1	,高度な2-in-1両面超長時間設定（60、180、300秒）48個のLED 48W 360°ラップアラウンド光源大型UVランプ、樹脂硬化DIYクラフト装飾ジュエリー作り分割使用デジタルディスプレイタイマー（アップグレード版）、UV硬化ランプ |両面ランプ |高品質LED,7566092528	,1552064794	,527861142	,AT-MYFB-0MY3,ホワイト,	,	,,,,,,,,,,,,,440052136252	,Yamato,2025-03-25 14:27:02,2025-03-25 14:27:02,2025-03-25 14:57:02,2025-03-27 23:30:00,2025-03-25 20:28:15,2025-03-31 22:59:59,2025-03-27 12:49:45,
PO-100-01815139538473373,已签收,	,100-01815170995753373,已签收,1	,BUTIRESIN UVライト アドバンスド 2イン1 両面 長時間設定 (60秒、180秒、300秒) UVレジンライト 48個LED 48W 360度サラウンド光源 大型UVランプ 樹脂硬化 DIYクラフト 装飾 ジュエリー製作 分割可能 デジタル表示タイマー (アップグレード版),5850987566	,4224504022	,821451063	,AT-MYFB-0MY3,白,	,	,,,,,,,,,,,,,440052136274	,Yamato,2025-03-25 12:25:12,2025-03-25 12:25:15,2025-03-25 12:55:15,2025-03-27 23:30:02,2025-03-25 20:28:17,2025-04-02 22:59:59,2025-04-01 14:13:31,
PO-100-02022620600872169,已取消,	,100-02022578657832169,已取消,0	,BUTIRESIN UVライト アドバンスド 2イン1 両面 長時間設定 (60秒、180秒、300秒) UVレジンライト 48個LED 48W 360度サラウンド光源 大型UVランプ 樹脂硬化 DIYクラフト 装飾 ジュエリー製作 分割可能 デジタル表示タイマー (アップグレード版),5850987566	,4224504022	,821451063	,AT-MYFB-0MY3,白,	,	,,,,,,,,,,,,,	,	,2025-03-25 12:03:01,2025-03-25 12:03:03,2025-03-25 12:03:46,2025-03-27 23:00:44,,2025-03-31 22:59:59,,
PO-100-01891876383272914,已签收,	,100-01891855411752914,已签收,1	,BUTIRESIN UVライト アドバンスド 2イン1 両面 長時間設定 (60秒、180秒、300秒) UVレジンライト 48個LED 48W 360度サラウンド光源 大型UVランプ 樹脂硬化 DIYクラフト 装飾 ジュエリー製作 分割可能 デジタル表示タイマー (アップグレード版),5850987566	,4224504022	,821451063	,AT-MYFB-0MY3,白,	,	,,,,,,,,,,,,,440052136263	,Yamato,2025-03-25 11:41:34,2025-03-25 11:41:36,2025-03-25 12:11:36,2025-03-27 23:30:01,2025-03-25 19:02:11,2025-03-31 22:59:59,2025-03-27 12:53:07,
PO-100-01450017853991708,已取消,	,100-01449975910951708,已取消,0	,BUTIRESIN UVライト アドバンスド 2イン1 両面 長時間設定 (60秒、180秒、300秒) UVレジンライト 48個LED 48W 360度サラウンド光源 大型UVランプ 樹脂硬化 DIYクラフト 装飾 ジュエリー製作 分割可能 デジタル表示タイマー (アップグレード版),5850987566	,4224504022	,821451063	,AT-MYFB-0MY3,白,	,	,,,,,,,,,,,,,	,	,2025-03-25 11:23:33,2025-03-25 11:23:38,2025-03-25 11:26:09,2025-03-27 23:02:35,,2025-03-31 22:59:59,,
PO-100-20811657907750993,已签收,	,100-20811762765350993,已签收,1	,BUTIRESIN UVライトアドバンス2in1 - 48W 360度囲みライトソース、60秒、180秒、300秒設定可能、48LED搭載、大型UVランプ - リジン硬化、DIY、アクセサリー製作、装飾に最適 - 上級バージョン,5850987566	,4224504022	,821451063	,AT-MYFB-0MY3,白,	,	,,,,,,,,,,,,,440046685411	,Yamato,2025-03-24 17:23:31,2025-03-24 17:23:53,2025-03-24 17:53:53,2025-03-26 23:30:21,2025-03-25 09:52:14,2025-03-28 22:59:59,2025-03-26 11:04:33,
PO-100-09823857912870980,已签收,	,100-09823815969830980,已签收,1	,ブチレジン 樹脂液 300g UVレジン液 大容量 ハードタイプ UV-LED対応 高透明性 迅速硬化 黄変なし 低刺激 DIY レジンアート,2874351415	,2786655121	,650947791	,UV-300g-JP-new,300グラム,	,	,,,,,,,,,,,,,440045338191	,Yamato,2025-03-24 05:38:53,2025-03-24 05:38:56,2025-03-24 06:08:56,2025-03-26 23:30:02,2025-03-24 16:05:49,2025-03-28 22:59:59,2025-03-26 18:50:22,
PO-100-09823861066790980,已签收,	,100-09823819123750980,已签收,1	,BUTIRESIN UVライト アドバンスド 2イン1 両面 長時間設定 (60秒、180秒、300秒) UVレジンライト 48個LED 48W 360度サラウンド光源 大型UVランプ 樹脂硬化 DIYクラフト 装飾 ジュエリー製作 分割可能 デジタル表示タイマー (アップグレード版),5850987566	,4224504022	,821451063	,AT-MYFB-0MY3,白,	,	,,,,,,,,,,,,,440045338272	,Yamato,2025-03-24 05:33:23,2025-03-24 05:33:27,2025-03-24 06:03:27,2025-03-26 23:30:03,2025-03-24 16:07:12,2025-03-28 22:59:59,2025-03-26 18:57:23,
PO-100-10003827387433973,已签收,	,100-10003774958633973,已签收,1	,高度な2-in-1両面超長時間設定（60、180、300秒）48個のLED 48W 360°ラップアラウンド光源大型UVランプ、樹脂硬化DIYクラフト装飾ジュエリー作り分割使用デジタルディスプレイタイマー（アップグレード版）、UV硬化ランプ |両面ランプ |高品質LED,7566092528	,1552064794	,527861142	,AT-MYFB-0MY3,ホワイト,	,	,,,,,,,,,,,,,440045338246	,Yamato,2025-03-23 23:37:04,2025-03-23 23:37:06,2025-03-24 00:07:06,2025-03-26 23:30:01,2025-03-25 08:33:14,2025-03-28 22:59:59,2025-03-27 19:00:12,
PO-100-09790273147431180,已签收,	,100-09790283633191180,已签收,1	,BUTIRESIN UVライト アドバンスド 2イン1 両面 長時間設定 (60秒、180秒、300秒) UVレジンライト 48個LED 48W 360度サラウンド光源 大型UVランプ 樹脂硬化 DIYクラフト 装飾 ジュエリー製作 分割可能 デジタル表示タイマー (アップグレード版),5850987566	,4224504022	,821451063	,AT-MYFB-0MY3,白,	,	,,,,,,,,,,,,,440045338305	,Yamato,2025-03-23 21:21:53,2025-03-23 21:21:56,2025-03-23 21:51:56,2025-03-25 23:30:02,2025-03-24 16:09:24,2025-03-27 22:59:59,2025-03-26 18:50:34,
PO-100-10002598226473978,已签收,	,100-10002703084073978,已签收,1	,BUTIRESIN UVライト アドバンスド 2イン1 両面 長時間設定 (60秒、180秒、300秒) UVレジンライト 48個LED 48W 360度サラウンド光源 大型UVランプ 樹脂硬化 DIYクラフト 装飾 ジュエリー製作 分割可能 デジタル表示タイマー (アップグレード版),5850987566	,4224504022	,821451063	,AT-MYFB-0MY3,白,	,	,,,,,,,,,,,,,440045338294	,Yamato,2025-03-23 15:37:24,2025-03-23 15:37:27,2025-03-23 16:07:27,2025-03-25 23:30:02,2025-03-24 16:05:13,2025-03-27 22:59:59,2025-03-26 12:47:56,
PO-100-10134328120873227,已签收,	,100-10134291420713227,已签收,1	,BUTIRESIN UVライト アドバンスド 2イン1 両面 長時間設定 (60秒、180秒、300秒) UVレジンライト 48個LED 48W 360度サラウンド光源 大型UVランプ 樹脂硬化 DIYクラフト 装飾 ジュエリー製作 分割可能 デジタル表示タイマー (アップグレード版),5850987566	,4224504022	,821451063	,AT-MYFB-0MY3,白,	,	,,,,,,,,,,,,,440045338250	,Yamato,2025-03-23 13:55:58,2025-03-23 13:56:20,2025-03-23 14:26:21,2025-03-25 23:30:22,2025-03-24 17:35:19,2025-03-27 22:59:59,2025-03-26 12:45:03,
PO-100-15541625528873765,已签收,	,100-15541667471913765,已签收,1	,BUTIRESIN UVライト アドバンスド 2イン1 両面 長時間設定 (60秒、180秒、300秒) UVレジンライト 48個LED 48W 360度サラウンド光源 大型UVランプ 樹脂硬化 DIYクラフト 装飾 ジュエリー製作 分割可能 デジタル表示タイマー (アップグレード版),5850987566	,4224504022	,821451063	,AT-MYFB-0MY3,白,	,	,,,,,,,,,,,,,440045338235	,Yamato,2025-03-22 15:05:07,2025-03-24 08:38:50,2025-03-24 09:08:50,2025-03-27 17:03:42,2025-03-24 19:09:15,2025-03-28 22:59:59,2025-03-26 18:52:02,
PO-100-04490288561194066,已签收,	,100-04490278075434066,已签收,1	,BUTIRESIN UVライト アドバンスド 2イン1 両面 長時間設定 (60秒、180秒、300秒) UVレジンライト 48個LED 48W 360度サラウンド光源 大型UVランプ 樹脂硬化 DIYクラフト 装飾 ジュエリー製作 分割可能 デジタル表示タイマー (アップグレード版),5850987566	,4224504022	,821451063	,AT-MYFB-0MY3,白,	,	,,,,,,,,,,,,,440045338261	,Yamato,2025-03-22 00:26:37,2025-03-22 00:26:40,2025-03-22 00:56:40,2025-03-25 23:30:02,2025-03-24 16:10:46,2025-03-27 22:59:59,2025-03-26 12:47:05,
PO-100-17140917599272169,已取消,	,100-17140875656232169,已取消,0	,高度な2-in-1両面超長時間設定（60、180、300秒）48個のLED 48W 360°ラップアラウンド光源大型UVランプ、樹脂硬化DIYクラフト装飾ジュエリー作り分割使用デジタルディスプレイタイマー（アップグレード版）、UV硬化ランプ |両面ランプ |高品質LED,7566092528	,1552064794	,527861142	,AT-MYFB-0MY3,ホワイト,	,	,,,,,,,,,,,,,	,	,2025-03-21 03:36:42,2025-03-21 03:36:44,2025-03-21 03:38:18,2025-03-25 23:01:35,,2025-03-27 22:59:59,,
PO-100-16623744187431123,已签收,	,100-16623717973031123,已签收,1	,高度な2-in-1両面超長時間設定（60、180、300秒）48個のLED 48W 360°ラップアラウンド光源大型UVランプ、樹脂硬化DIYクラフト装飾ジュエリー作り分割使用デジタルディスプレイタイマー（アップグレード版）、UV硬化ランプ |両面ランプ |高品質LED,7566092528	,1552064794	,527861142	,AT-MYFB-0MY3,ホワイト,	,	,,,,,,,,,,,,,440045338283	,Yamato,2025-03-20 21:16:52,2025-03-22 16:47:04,2025-03-22 17:17:04,2025-03-26 19:00:11,2025-03-24 19:09:15,2025-03-27 22:59:59,2025-03-26 12:47:30,
PO-100-17142386202152126,已签收,	,100-17142438630952126,已签收,1	,高度な2-in-1両面超長時間設定（60、180、300秒）48個のLED 48W 360°ラップアラウンド光源大型UVランプ、樹脂硬化DIYクラフト装飾ジュエリー作り分割使用デジタルディスプレイタイマー（アップグレード版）、UV硬化ランプ |両面ランプ |高品質LED,7566092528	,1552064794	,527861142	,AT-MYFB-0MY3,ホワイト,	,	,,,,,,,,,,,,,440027265856	,Yamato,2025-03-20 15:44:26,2025-03-21 08:16:38,2025-03-21 08:46:38,2025-03-25 16:02:11,2025-03-21 09:50:50,2025-03-27 22:59:59,2025-03-22 18:44:17,
PO-100-16844839741993933,已签收,	,100-16844871199273933,已签收,1	,高度な2-in-1両面超長時間設定（60、180、300秒）48個のLED 48W 360°ラップアラウンド光源大型UVランプ、樹脂硬化DIYクラフト装飾ジュエリー作り分割使用デジタルディスプレイタイマー（アップグレード版）、UV硬化ランプ |両面ランプ |高品質LED,7566092528	,1552064794	,527861142	,AT-MYFB-0MY3,ホワイト,	,	,,,,,,,,,,,,,440025597815	,Yamato,2025-03-20 13:37:13,2025-03-20 13:37:39,2025-03-20 14:07:39,2025-03-24 23:30:25,2025-03-20 17:47:11,2025-03-26 22:59:59,2025-03-22 12:46:35,
PO-100-16893493371433643,已签收,	,100-16893524828713643,已签收,1	,高度な2-in-1両面超長時間設定（60、180、300秒）48個のLED 48W 360°ラップアラウンド光源大型UVランプ、樹脂硬化DIYクラフト装飾ジュエリー作り分割使用デジタルディスプレイタイマー（アップグレード版）、UV硬化ランプ |両面ランプ |高品質LED,7566092528	,1552064794	,527861142	,AT-MYFB-0MY3,ホワイト,	,	,,,,,,,,,,,,,440022204392	,Yamato,2025-03-20 08:33:38,2025-03-20 08:33:41,2025-03-20 09:03:41,2025-03-24 23:30:03,2025-03-20 09:47:16,2025-03-26 22:59:59,2025-03-21 18:52:49,
PO-100-11308093112870039,已签收,	,100-11308030198310039,已签收,1	,BUTIRESIN UVライト アドバンスド 2イン1 両面 長時間設定 (60秒、180秒、300秒) UVレジンライト 48個LED 48W 360度サラウンド光源 大型UVランプ 樹脂硬化 DIYクラフト 装飾 ジュエリー製作 分割可能 デジタル表示タイマー (アップグレード版),5850987566	,4224504022	,821451063	,AT-MYFB-0MY3,白,	,	,,,,,,,,,,,,,440015884136	,Yamato,2025-03-18 11:59:56,2025-03-18 12:00:15,2025-03-18 12:30:15,2025-03-21 23:30:18,2025-03-18 19:02:26,2025-03-25 22:59:59,2025-03-20 12:51:59,
PO-100-00269696328230297,已签收,	,100-00269776282150297,已签收,1	,BUTIRESIN UVライト アドバンスド 2イン1 両面 長時間設定 (60秒、180秒、300秒) UVレジンライト 48個LED 48W 360度サラウンド光源 大型UVランプ 樹脂硬化 DIYクラフト 装飾 ジュエリー製作 分割可能 デジタル表示タイマー (アップグレード版),5850987566	,4224504022	,821451063	,AT-MYFB-0MY3,白,	,	,,,,,,,,,,,,,440010544621	,Yamato,2025-03-18 00:10:12,2025-03-18 00:10:15,2025-03-18 00:40:15,2025-03-21 23:30:03,2025-03-18 09:47:04,2025-03-25 22:59:59,2025-03-19 18:40:52,
PO-100-00443151954473391,已取消,	,100-00443130982953391,已取消,0	,ブチレジン 樹脂液 300g UVレジン液 大容量 ハードタイプ UV-LED対応 高透明性 迅速硬化 黄変なし 低刺激 DIY レジンアート,2874351415	,2786655121	,650947791	,UV-300g-JP-new,300グラム,	,	,,,,,,,,,,,,,	,	,2025-03-17 21:36:27,2025-03-17 21:36:31,2025-03-17 22:06:31,2025-03-19 23:30:03,,2025-03-24 22:59:59,,
PO-100-19754291036713230,已签收,	,100-19754249093673230,已签收,1	,ブチレジン 樹脂液 300g UVレジン液 大容量 ハードタイプ UV-LED対応 高透明性 迅速硬化 黄変なし 低刺激 DIY レジンアート,2874351415	,2786655121	,650947791	,UV-300g-JP-new,300グラム,	,	,,,,,,,,,,,,,440002999962	,Yamato,2025-03-16 08:08:08,2025-03-16 08:41:31,2025-03-16 09:11:31,2025-03-19 00:03:22,2025-03-17 10:06:59,2025-03-21 22:59:59,2025-03-18 18:43:01,
PO-100-08816659748392601,已签收,	,100-08816638776872601,已签收,1	,高度な2-in-1両面超長時間設定（60、180、300秒）48個のLED 48W 360°ラップアラウンド光源大型UVランプ、樹脂硬化DIYクラフト装飾ジュエリー作り分割使用デジタルディスプレイタイマー（アップグレード版）、UV硬化ランプ |両面ランプ |高品質LED,7566092528	,1552064794	,527861142	,AT-MYFB-0MY3,ホワイト,	,	,,,,,,,,,,,,,440003000065	,Yamato,2025-03-15 18:30:18,2025-03-15 18:30:57,2025-03-15 19:00:57,2025-03-18 23:30:39,2025-03-17 10:44:23,2025-03-25 22:59:59,2025-03-19 12:46:37,
PO-100-08846640783912708,已签收,	,100-08846672241192708,已签收,1	,高度な2-in-1両面超長時間設定（60、180、300秒）48個のLED 48W 360°ラップアラウンド光源大型UVランプ、樹脂硬化DIYクラフト装飾ジュエリー作り分割使用デジタルディスプレイタイマー（アップグレード版）、UV硬化ランプ |両面ランプ |高品質LED,7566092528	,1552064794	,527861142	,AT-MYFB-0MY3,ホワイト,	,	,,,,,,,,,,,,,439996228512	,Yamato,2025-03-15 08:15:05,2025-03-15 08:15:36,2025-03-15 08:45:36,2025-03-18 23:30:30,2025-03-15 10:02:18,2025-03-21 22:59:59,2025-03-17 15:23:57,
PO-100-14011383224870340,已签收,	,100-14011393710630340,已签收,1	,高度な2-in-1両面超長時間設定（60、180、300秒）48個のLED 48W 360°ラップアラウンド光源大型UVランプ、樹脂硬化DIYクラフト装飾ジュエリー作り分割使用デジタルディスプレイタイマー（アップグレード版）、UV硬化ランプ |両面ランプ |高品質LED,7566092528	,1552064794	,527861142	,AT-MYFB-0MY3,ホワイト,	,	,,,,,,,,,,,,,440003000054	,Yamato,2025-03-15 00:08:43,2025-03-17 06:38:53,2025-03-17 07:08:53,2025-03-21 06:00:09,2025-03-17 10:06:40,2025-03-24 22:59:59,2025-03-18 18:37:13,
PO-100-14306729974312676,已签收,	,100-14306688031272676,已签收,3	,ブチレジン 樹脂液 300g UVレジン液 大容量 ハードタイプ UV-LED対応 高透明性 迅速硬化 黄変なし 低刺激 DIY レジンアート,2874351415	,2786655121	,650947791	,UV-300g-JP-new,300グラム,	,	,,,,,,,,,,,,,439996228615	,Yamato,2025-03-14 23:22:30,2025-03-14 23:22:32,2025-03-14 23:52:32,2025-03-18 23:30:01,2025-03-15 09:28:55,2025-03-25 22:59:59,2025-03-19 15:56:22,
PO-100-18788597885993610,已签收,	,100-18788555942953610,已签收,1	,高度な2-in-1両面超長時間設定（60、180、300秒）48個のLED 48W 360°ラップアラウンド光源大型UVランプ、樹脂硬化DIYクラフト装飾ジュエリー作り分割使用デジタルディスプレイタイマー（アップグレード版）、UV硬化ランプ |両面ランプ |高品質LED,7566092528	,1552064794	,527861142	,AT-MYFB-0MY3,ホワイト,	,	,,,,,,,,,,,,,439985173445	,Yamato,2025-03-12 18:55:08,2025-03-12 18:55:26,2025-03-12 19:25:26,2025-03-14 23:30:17,2025-03-13 10:13:23,2025-03-18 22:59:59,2025-03-14 09:39:02,
PO-100-07714212485672290,已签收,	,100-07714175785512290,已签收,1	,高度な2-in-1両面超長時間設定（60、180、300秒）48個のLED 48W 360°ラップアラウンド光源大型UVランプ、樹脂硬化DIYクラフト装飾ジュエリー作り分割使用デジタルディスプレイタイマー（アップグレード版）、UV硬化ランプ |両面ランプ |高品質LED,7566092528	,1552064794	,527861142	,AT-MYFB-0MY3,ホワイト,	,	,,,,,,,,,,,,,439978245372	,Yamato,2025-03-11 19:33:00,2025-03-11 19:33:02,2025-03-11 20:03:03,2025-03-13 23:30:02,2025-03-12 10:09:18,2025-03-17 22:59:59,2025-03-14 09:38:25,
PO-100-08188251341351483,已签收,	,100-08188209398311483,已签收,2	,ブチレジン 樹脂液 300g UVレジン液 大容量 ハードタイプ UV-LED対応 高透明性 迅速硬化 黄変なし 低刺激 DIY レジンアート,2874351415	,2786655121	,650947791	,UV-300g-JP-new,300グラム,	,	,,,,,,,,,,,,,439978245545	,Yamato,2025-03-11 19:26:39,2025-03-11 19:26:41,2025-03-11 19:56:41,2025-03-13 23:30:01,2025-03-12 10:09:22,2025-03-17 22:59:59,2025-03-14 09:37:56,
PO-100-07661622282792316,已取消,	,100-07661580339752316,已取消,0	,ブチレジン液、高透明度、硬質、UVLED対応、速硬、黄変しにくい、300g,2874351415	,2786655121	,650947791	,UV-300g-JP-new,300グラム,	,	,,,,,,,,,,,,,	,	,2025-03-11 18:45:40,2025-03-11 18:45:43,2025-03-11 18:49:48,2025-03-13 23:04:07,,2025-03-17 22:59:59,,
PO-100-07661622282792316,已取消,	,100-07661538396712316,已取消,0	,高度な2-in-1両面超長時間設定（60、180、300秒）48個のLED 48W 360°ラップアラウンド光源大型UVランプ、樹脂硬化DIYクラフト装飾ジュエリー作り分割使用デジタルディスプレイタイマー（アップグレード版）、UV硬化ランプ |両面ランプ |高品質LED,7566092528	,1552064794	,527861142	,AT-MYFB-0MY3,ホワイト,	,	,,,,,,,,,,,,,	,	,2025-03-11 18:45:40,2025-03-11 18:45:43,2025-03-11 18:49:48,2025-03-13 23:04:07,,2025-03-17 22:59:59,,
PO-100-13615920049191643,已签收,	,100-13615909563431643,已签收,1	,高度な2-in-1両面超長時間設定（60、180、300秒）48個のLED 48W 360°ラップアラウンド光源大型UVランプ、樹脂硬化DIYクラフト装飾ジュエリー作り分割使用デジタルディスプレイタイマー（アップグレード版）、UV硬化ランプ |両面ランプ |高品質LED,7566092528	,1552064794	,527861142	,AT-MYFB-0MY3,ホワイト,	,	,,,,,,,,,,,,,439971273276	,Yamato,2025-03-10 22:23:57,2025-03-10 22:23:58,2025-03-10 22:53:58,2025-03-12 23:30:01,2025-03-11 09:23:57,2025-03-14 22:59:59,2025-03-13 11:13:10,
PO-100-02237151258153960,已签收,	,100-02237088343593960,已签收,1	,高度な2-in-1両面超長時間設定（60、180、300秒）48個のLED 48W 360°ラップアラウンド光源大型UVランプ、樹脂硬化DIYクラフト装飾ジュエリー作り分割使用デジタルディスプレイタイマー（アップグレード版）、UV硬化ランプ |両面ランプ |高品質LED,7566092528	,1552064794	,527861142	,AT-MYFB-0MY3,ホワイト,	,	,,,,,,,,,,,,,439969396554	,Yamato,2025-03-10 07:58:44,2025-03-10 08:01:11,2025-03-10 08:31:11,2025-03-12 23:32:27,2025-03-10 14:19:30,2025-03-14 22:59:59,2025-03-12 15:39:05,
PO-100-02232774743592194,已签收,	,100-02232727557672194,已签收,1	,高度な2-in-1両面超長時間設定（60、180、300秒）48個のLED 48W 360°ラップアラウンド光源大型UVランプ、樹脂硬化DIYクラフト装飾ジュエリー作り分割使用デジタルディスプレイタイマー（アップグレード版）、UV硬化ランプ |両面ランプ |高品質LED,7566092528	,1552064794	,527861142	,AT-MYFB-0MY3,ホワイト,	,	,,,,,,,,,,,,,439971273291	,Yamato,2025-03-09 17:31:16,2025-03-10 16:57:43,2025-03-10 17:27:43,2025-03-12 22:56:27,2025-03-11 09:24:16,2025-03-14 22:59:59,2025-03-13 23:18:04,
PO-100-02194393641512169,已取消,	,100-02194446070312169,已取消,0	,高度な2-in-1両面超長時間設定（60、180、300秒）48個のLED 48W 360°ラップアラウンド光源大型UVランプ、樹脂硬化DIYクラフト装飾ジュエリー作り分割使用デジタルディスプレイタイマー（アップグレード版）、UV硬化ランプ |両面ランプ |高品質LED,7566092528	,1552064794	,527861142	,AT-MYFB-0MY3,ホワイト,	,	,,,,,,,,,,,,,	,	,2025-03-09 14:54:22,2025-03-09 14:54:23,2025-03-09 14:55:19,2025-03-11 23:00:56,,2025-03-13 22:59:59,,
PO-100-02466438144550515,已签收,	,100-02466469601830515,已签收,1	,高度な2-in-1両面超長時間設定（60、180、300秒）48個のLED 48W 360°ラップアラウンド光源大型UVランプ、樹脂硬化DIYクラフト装飾ジュエリー作り分割使用デジタルディスプレイタイマー（アップグレード版）、UV硬化ランプ |両面ランプ |高品質LED,7566092528	,1552064794	,527861142	,AT-MYFB-0MY3,ホワイト,	,	,,,,,,,,,,,,,439971273280	,Yamato,2025-03-09 14:02:40,2025-03-10 15:40:17,2025-03-10 16:10:17,2025-03-13 01:07:36,2025-03-11 09:24:09,2025-03-14 22:59:59,2025-03-13 11:07:35,
PO-100-21711459942950748,已签收,	,100-21711417999910748,已签收,1	,高度な2-in-1両面超長時間設定（60、180、300秒）48個のLED 48W 360°ラップアラウンド光源大型UVランプ、樹脂硬化DIYクラフト装飾ジュエリー作り分割使用デジタルディスプレイタイマー（アップグレード版）、UV硬化ランプ |両面ランプ |高品質LED,7566092528	,1552064794	,527861142	,AT-MYFB-0MY3,ホワイト,	,	,,,,,,,,,,,,,439969396521	,Yamato,2025-03-09 07:19:01,2025-03-09 07:19:05,2025-03-09 07:49:06,2025-03-11 23:30:04,2025-03-10 14:19:25,2025-03-13 22:59:59,2025-03-15 22:01:46,
PO-100-21481526784553913,已签收,	,100-21481505813033913,已签收,1	,高度な2-in-1両面超長時間設定（60、180、300秒）48個のLED 48W 360°ラップアラウンド光源大型UVランプ、樹脂硬化DIYクラフト装飾ジュエリー作り分割使用デジタルディスプレイタイマー（アップグレード版）、UV硬化ランプ |両面ランプ |高品質LED,7566092528	,1552064794	,527861142	,AT-MYFB-0MY3,ホワイト,	,	,,,,,,,,,,,,,439969396565	,Yamato,2025-03-09 04:04:00,2025-03-09 09:44:45,2025-03-09 10:14:45,2025-03-12 05:10:45,2025-03-10 14:19:33,2025-03-13 22:59:59,2025-03-12 21:43:14,
PO-100-21534761247273595,已签收,	,100-21534766490153595,已签收,1	,高度な2-in-1両面超長時間設定（60、180、300秒）48個のLED 48W 360°ラップアラウンド光源大型UVランプ、樹脂硬化DIYクラフト装飾ジュエリー作り分割使用デジタルディスプレイタイマー（アップグレード版）、UV硬化ランプ |両面ランプ |高品質LED,7566092528	,1552064794	,527861142	,AT-MYFB-0MY3,ホワイト,	,	,,,,,,,,,,,,,439969396510	,Yamato,2025-03-08 15:19:29,2025-03-08 15:19:30,2025-03-08 15:49:31,2025-03-11 23:30:02,2025-03-10 14:19:24,2025-03-13 22:59:59,2025-03-12 21:43:17,
PO-100-21347676447272660,已签收,	,100-21347707904552660,已签收,1	,BUTIRESIN UVライト アドバンスド 2イン1 両面 長時間設定 (60秒、180秒、300秒) UVレジンライト 48個LED 48W 360度サラウンド光源 大型UVランプ 樹脂硬化 DIYクラフト 装飾 ジュエリー製作 分割可能 デジタル表示タイマー (アップグレード版),5850987566	,4224504022	,821451063	,AT-MYFB-0MY3,白,	,	,,,,,,,,,,,,,439969396543	,Yamato,2025-03-08 08:32:15,2025-03-08 08:32:18,2025-03-08 09:02:18,2025-03-11 23:30:03,2025-03-10 14:19:29,2025-03-13 22:59:59,2025-03-12 21:41:29,
PO-100-10845087480872031,已签收,	,100-10845045537832031,已签收,1	,高度な2-in-1両面超長時間設定（60、180、300秒）48個のLED 48W 360°ラップアラウンド光源大型UVランプ、樹脂硬化DIYクラフト装飾ジュエリー作り分割使用デジタルディスプレイタイマー（アップグレード版）、UV硬化ランプ |両面ランプ |高品質LED,7566092528	,1552064794	,527861142	,AT-MYFB-0MY3,ホワイト,	,	,,,,,,,,,,,,,439969396532	,Yamato,2025-03-07 18:34:48,2025-03-07 18:34:51,2025-03-07 19:04:51,2025-03-11 23:30:02,2025-03-10 14:19:25,2025-03-13 22:59:59,2025-03-12 21:41:59,
PO-100-10711879424550521,已签收,	,100-10711837481510521,已签收,3	,UVレジン 1000g UVエポキシ樹脂 クリスタル クリア 紫外線硬化 エポキシ樹脂キット DIY ジュエリー製作、クラフト装飾用 - ハード UV グルー ソーラーキュア 日光活性化 レジン 初心者向け,8379935428	,3971425626	,687378350	,NZ-WXWN-8YU7,1000g,	,	,,,,,,,,,,,,,439955129051	,Yamato,2025-03-07 09:48:03,2025-03-07 09:48:05,2025-03-07 10:18:05,2025-03-11 23:30:01,2025-03-07 14:01:27,2025-03-13 22:59:59,2025-03-10 14:22:51,
PO-100-16046478646313826,已签收,	,100-16046520589353826,已签收,1	,高度な2-in-1両面超長時間設定（60、180、300秒）48個のLED 48W 360°ラップアラウンド光源大型UVランプ、樹脂硬化DIYクラフト装飾ジュエリー作り分割使用デジタルディスプレイタイマー（アップグレード版）、UV硬化ランプ |両面ランプ |高品質LED,7566092528	,1552064794	,527861142	,AT-MYFB-0MY3,ホワイト,	,	,,,,,,,,,,,,,439955128900	,Yamato,2025-03-07 03:38:35,2025-03-07 03:38:37,2025-03-07 04:08:37,2025-03-11 23:30:01,2025-03-07 14:06:46,2025-03-13 22:59:59,2025-03-10 14:22:00,
PO-100-16201552379430598,已签收,	,100-16201510436390598,已签收,1	,BUTIRESIN UVライト アドバンスド 2イン1 両面 長時間設定 (60秒、180秒、300秒) UVレジンライト 48個LED 48W 360度サラウンド光源 大型UVランプ 樹脂硬化 DIYクラフト 装飾 ジュエリー製作 分割可能 デジタル表示タイマー (アップグレード版),5850987566	,4224504022	,821451063	,AT-MYFB-0MY3,白,	,	,,,,,,,,,,,,,439956356932	,Yamato,2025-03-06 20:11:04,2025-03-06 20:11:28,2025-03-06 20:41:28,2025-03-10 23:30:23,2025-03-07 14:03:01,2025-03-12 22:59:59,2025-03-10 20:35:11,
PO-100-15835209362473039,已签收,	,100-15835198876713039,已签收,1	,高度な2-in-1両面超長時間設定（60、180、300秒）48個のLED 48W 360°ラップアラウンド光源大型UVランプ、樹脂硬化DIYクラフト装飾ジュエリー作り分割使用デジタルディスプレイタイマー（アップグレード版）、UV硬化ランプ |両面ランプ |高品質LED,7566092528	,1552064794	,527861142	,AT-MYFB-0MY3,ホワイト,	,	,,,,,,,,,,,,,439955128911	,Yamato,2025-03-06 18:07:20,2025-03-06 18:07:23,2025-03-06 18:37:24,2025-03-10 23:30:03,2025-03-07 14:01:28,2025-03-12 22:59:59,2025-03-10 14:20:41,
PO-100-16229401165350688,已签收,	,100-16229359222310688,已签收,1	,高度な2-in-1両面超長時間設定（60、180、300秒）48個のLED 48W 360°ラップアラウンド光源大型UVランプ、樹脂硬化DIYクラフト装飾ジュエリー作り分割使用デジタルディスプレイタイマー（アップグレード版）、UV硬化ランプ |両面ランプ |高品質LED,7566092528	,1552064794	,527861142	,AT-MYFB-0MY3,ホワイト,	,	,,,,,,,,,,,,,439950354196	,Yamato,2025-03-06 16:45:40,2025-03-06 16:45:42,2025-03-06 17:15:43,2025-03-10 23:30:02,2025-03-06 18:31:50,2025-03-12 22:59:59,2025-03-08 20:04:25,
PO-100-05325760666151902,已签收,	,100-05325779671591902,已签收,1	,高度な2-in-1両面超長時間設定（60、180、300秒）48個のLED 48W 360°ラップアラウンド光源大型UVランプ、樹脂硬化DIYクラフト装飾ジュエリー作り分割使用デジタルディスプレイタイマー（アップグレード版）、UV硬化ランプ |両面ランプ |高品質LED,7566092528	,1552064794	,527861142	,AT-MYFB-0MY3,ホワイト,	,	,,,,,,,,,,,,,439944520411	,Yamato,2025-03-05 22:24:20,2025-03-05 22:24:23,2025-03-05 22:54:24,2025-03-07 23:30:03,2025-03-06 10:30:53,2025-03-11 22:59:59,2025-03-07 13:42:06,
PO-100-05025681562153693,已签收,	,100-05025621269033693,已签收,1	,BUTIRESIN UVライト アドバンスド 2イン1 両面 長時間設定 (60秒、180秒、300秒) UVレジンライト 48個LED 48W 360度サラウンド光源 大型UVランプ 樹脂硬化 DIYクラフト 装飾 ジュエリー製作 分割可能 デジタル表示タイマー (アップグレード版),5850987566	,4224504022	,821451063	,AT-MYFB-0MY3,白,	,	,,,,,,,,,,,,,439944520422	,Yamato,2025-03-05 19:57:26,2025-03-05 19:57:28,2025-03-05 20:27:28,2025-03-07 23:30:01,2025-03-06 10:31:16,2025-03-11 22:59:59,2025-03-07 13:41:32,
PO-100-05049802404393837,已签收,	,100-05049786675753837,已签收,1	,高度な2-in-1両面超長時間設定（60、180、300秒）48個のLED 48W 360°ラップアラウンド光源大型UVランプ、樹脂硬化DIYクラフト装飾ジュエリー作り分割使用デジタルディスプレイタイマー（アップグレード版）、UV硬化ランプ |両面ランプ |高品質LED,7566092528	,1552064794	,527861142	,AT-MYFB-0MY3,ホワイト,	,	,,,,,,,,,,,,,439944520400	,Yamato,2025-03-05 16:29:16,2025-03-05 16:29:34,2025-03-05 16:59:34,2025-03-07 23:30:17,2025-03-05 18:31:12,2025-03-11 22:59:59,2025-03-07 19:43:17,
PO-100-04977242327592188,已签收,	,100-04977263299112188,已签收,1	,BUTIRESIN UVライト アドバンスド 2イン1 両面 長時間設定 (60秒、180秒、300秒) UVレジンライト 48個LED 48W 360度サラウンド光源 大型UVランプ 樹脂硬化 DIYクラフト 装飾 ジュエリー製作 分割可能 デジタル表示タイマー (アップグレード版),5850987566	,4224504022	,821451063	,AT-MYFB-0MY3,白,	,	,,,,,,,,,,,,,439942615383	,Yamato,2025-03-05 12:07:22,2025-03-05 12:07:25,2025-03-05 12:37:25,2025-03-07 23:30:02,2025-03-05 18:31:16,2025-03-11 22:59:59,2025-03-07 12:48:07,
PO-100-17489133248553165,已签收,	,100-17489086062633165,已签收,1	,BUTIRESIN UVライトアドバンス2in1 - 48W 360度囲みライトソース、60秒、180秒、300秒設定可能、48LED搭載、大型UVランプ - リジン硬化、DIY、アクセサリー製作、装飾に最適 - 上級バージョン,5850987566	,4224504022	,821451063	,AT-MYFB-0MY3,白,	,	,,,,,,,,,,,,,439937394735	,Yamato,2025-03-05 06:22:26,2025-03-05 06:22:49,2025-03-05 06:52:49,2025-03-07 23:30:22,2025-03-05 09:31:25,2025-03-11 22:59:59,2025-03-06 16:47:24,
PO-100-17538749563430821,已签收,	,100-17538885878310821,已签收,1	,高度な2-in-1両面超長時間設定（60、180、300秒）48個のLED 48W 360°ラップアラウンド光源大型UVランプ、樹脂硬化DIYクラフト装飾ジュエリー作り分割使用デジタルディスプレイタイマー（アップグレード版）、UV硬化ランプ |両面ランプ |高品質LED,7566092528	,1552064794	,527861142	,AT-MYFB-0MY3,ホワイト,	,	,,,,,,,,,,,,,439956356943	,Yamato,2025-03-04 21:41:41,2025-03-07 14:25:47,2025-03-07 14:55:47,2025-03-09 16:14:05,2025-03-07 18:32:21,2025-03-13 22:59:59,2025-03-10 14:18:50,
PO-100-17322208911912110,已签收,	,100-17322166968872110,已签收,1	,高度な2-in-1両面超長時間設定（60、180、300秒）48個のLED 48W 360°ラップアラウンド光源大型UVランプ、樹脂硬化DIYクラフト装飾ジュエリー作り分割使用デジタルディスプレイタイマー（アップグレード版）、UV硬化ランプ |両面ランプ |高品質LED,7566092528	,1552064794	,527861142	,AT-MYFB-0MY3,ホワイト,	,	,,,,,,,,,,,,,439937394724	,Yamato,2025-03-04 17:39:55,2025-03-04 17:39:57,2025-03-04 18:09:57,2025-03-06 23:30:02,2025-03-05 09:31:21,2025-03-10 22:59:59,2025-03-06 16:47:40,
PO-100-17706568161831837,已签收,	,100-17706536704551837,已签收,1	,高度な2-in-1両面超長時間設定（60、180、300秒）48個のLED 48W 360°ラップアラウンド光源大型UVランプ、樹脂硬化DIYクラフト装飾ジュエリー作り分割使用デジタルディスプレイタイマー（アップグレード版）、UV硬化ランプ |両面ランプ |高品質LED,7566092528	,1552064794	,527861142	,AT-MYFB-0MY3,ホワイト,	,	,,,,,,,,,,,,,439937394702	,Yamato,2025-03-04 15:34:03,2025-03-04 15:34:05,2025-03-04 16:04:05,2025-03-06 23:30:01,2025-03-05 09:31:03,2025-03-10 22:59:59,2025-03-06 10:40:13,
PO-100-17374611692074070,已取消,	,100-17374569749034070,已取消,1	,高度な2-in-1両面超長時間設定（60、180、300秒）48個のLED 48W 360°ラップアラウンド光源大型UVランプ、樹脂硬化DIYクラフト装飾ジュエリー作り分割使用デジタルディスプレイタイマー（アップグレード版）、UV硬化ランプ |両面ランプ |高品質LED,7566092528	,1552064794	,527861142	,AT-MYFB-0MY3,ホワイト,	,	,,,,,,,,,,,,,DD-YBI-20250305-2727,Yamato,2025-03-04 13:37:40,2025-03-04 13:37:43,2025-03-04 14:07:44,2025-03-06 23:30:03,2025-03-05 12:06:52,2025-03-10 22:59:59,,
PO-100-17620326298150303,已签收,	,100-17620294840870303,已签收,1	,BUTIRESIN UVライト アドバンスド 2イン1 両面 長時間設定 (60秒、180秒、300秒) UVレジンライト 48個LED 48W 360度サラウンド光源 大型UVランプ 樹脂硬化 DIYクラフト 装飾 ジュエリー製作 分割可能 デジタル表示タイマー (アップグレード版),5850987566	,4224504022	,821451063	,AT-MYFB-0MY3,白,	,	,,,,,,,,,,,,,439937394746	,Yamato,2025-03-04 08:56:58,2025-03-04 08:57:00,2025-03-04 09:27:00,2025-03-06 23:30:01,2025-03-05 09:31:29,2025-03-10 22:59:59,2025-03-06 22:47:06,
PO-100-06723139789352023,已签收,	,100-06723186975272023,已签收,1	,BUTIRESIN UVライト アドバンスド 2イン1 両面 長時間設定 (60秒、180秒、300秒) UVレジンライト 48個LED 48W 360度サラウンド光源 大型UVランプ 樹脂硬化 DIYクラフト 装飾 ジュエリー製作 分割可能 デジタル表示タイマー (アップグレード版),5850987566	,4224504022	,821451063	,AT-MYFB-0MY3,白,	,	,,,,,,,,,,,,,439928302391	,Yamato,2025-03-03 16:37:25,2025-03-03 16:37:28,2025-03-03 17:07:28,2025-03-05 23:30:02,2025-03-04 00:50:11,2025-03-07 22:59:59,2025-03-05 12:43:01,
PO-100-06308107029032481,已签收,	,100-06308080814632481,已签收,1	,"BUTIRESIN UV Light Advanced 2 In 1 Double-sided Long Time Setting (60 Sec, 180 Sec, 300 Sec) UV Resin Light With 48 LEDs 48W 360 Degree Surround Light Source Large UV Lamp For Resin Hardening DIY Craft Decoration Jewelry Making Splittable Digital Display Timer (Upgraded Version)",5850987566	,4224504022	,821451063	,AT-MYFB-0MY3,white,	,	,,,,,,,,,,,,,439928302402	,Yamato,2025-03-03 14:38:41,2025-03-03 14:38:43,2025-03-03 15:08:44,2025-03-05 23:30:02,2025-03-03 19:03:46,2025-03-07 22:59:59,2025-03-05 12:48:05,
PO-100-11986548585513195,已签收,	,100-11986527613993195,已签收,1	,高度な2-in-1両面超長時間設定（60、180、300秒）48個のLED 48W 360°ラップアラウンド光源大型UVランプ、樹脂硬化DIYクラフト装飾ジュエリー作り分割使用デジタルディスプレイタイマー（アップグレード版）、UV硬化ランプ |両面ランプ |高品質LED,7566092528	,1552064794	,527861142	,AT-MYFB-0MY3,ホワイト,	,	,,,,,,,,,,,,,439922154313	,Yamato,2025-03-02 21:18:29,2025-03-02 21:18:32,2025-03-02 21:48:32,2025-03-04 23:30:02,2025-03-03 10:02:54,2025-03-06 22:59:59,2025-03-04 16:17:20,
PO-100-12355866463271216,已取消,	,100-12355887434791216,已取消,0	,高度な2-in-1両面超長時間設定（60、180、300秒）48個のLED 48W 360°ラップアラウンド光源大型UVランプ、樹脂硬化DIYクラフト装飾ジュエリー作り分割使用デジタルディスプレイタイマー（アップグレード版）、UV硬化ランプ |両面ランプ |高品質LED,7566092528	,1552064794	,527861142	,AT-MYFB-0MY3,ホワイト,	,	,,,,,,,,,,,,,	,	,2025-03-02 19:43:39,2025-03-02 19:43:42,2025-03-02 19:49:47,2025-03-04 23:06:07,,2025-03-06 22:59:59,,
PO-100-01352325366311042,已签收,	,100-01352272937511042,已签收,1	,BUTIRESIN UVライト アドバンスド 2イン1 両面 長時間設定 (60秒、180秒、300秒) UVレジンライト 48個LED 48W 360度サラウンド光源 大型UVランプ 樹脂硬化 DIYクラフト 装飾 ジュエリー製作 分割可能 デジタル表示タイマー (アップグレード版),5850987566	,4224504022	,821451063	,AT-MYFB-0MY3,白,	,	,,,,,,,,,,,,,439929841875	,Yamato,2025-03-01 22:23:20,2025-03-03 21:21:58,2025-03-03 21:51:58,2025-03-06 22:28:37,2025-03-04 09:28:59,2025-03-07 22:59:59,2025-03-06 23:45:34,
PO-100-01155855452710391,已取消,	,100-01155897395750391,已取消,0	,高度な2-in-1両面超長時間設定（60、180、300秒）48個のLED 48W 360°ラップアラウンド光源大型UVランプ、樹脂硬化DIYクラフト装飾ジュエリー作り分割使用デジタルディスプレイタイマー（アップグレード版）、UV硬化ランプ |両面ランプ |高品質LED,7566092528	,1552064794	,527861142	,AT-MYFB-0MY3,ホワイト,	,	,,,,,,,,,,,,,	,	,2025-03-01 18:29:26,2025-03-01 18:29:47,2025-03-01 18:59:48,2025-03-04 23:30:22,,2025-03-06 22:59:59,,
PO-100-01237215017511952,已签收,	,100-01237194045991952,已签收,1	,高度な2-in-1両面超長時間設定（60、180、300秒）48個のLED 48W 360°ラップアラウンド光源大型UVランプ、樹脂硬化DIYクラフト装飾ジュエリー作り分割使用デジタルディスプレイタイマー（アップグレード版）、UV硬化ランプ |両面ランプ |高品質LED,7566092528	,1552064794	,527861142	,AT-MYFB-0MY3,ホワイト,	,	,,,,,,,,,,,,,439917080713	,Yamato,2025-03-01 14:21:20,2025-03-01 14:21:23,2025-03-01 14:51:23,2025-03-04 23:30:02,2025-03-01 17:21:23,2025-03-06 22:59:59,2025-03-04 00:02:21,
PO-100-01072865321510916,已签收,	,100-01072823378470916,已签收,1	,高度な2-in-1両面超長時間設定（60、180、300秒）48個のLED 48W 360°ラップアラウンド光源大型UVランプ、樹脂硬化DIYクラフト装飾ジュエリー作り分割使用デジタルディスプレイタイマー（アップグレード版）、UV硬化ランプ |両面ランプ |高品質LED,7566092528	,1552064794	,527861142	,AT-MYFB-0MY3,ホワイト,	,	,,,,,,,,,,,,,439917080691	,Yamato,2025-03-01 11:28:43,2025-03-01 11:28:46,2025-03-01 11:58:46,2025-03-04 23:30:02,2025-03-01 17:21:20,2025-03-06 22:59:59,2025-03-03 11:57:05,
PO-100-00741452390952605,已签收,	,100-00741431419432605,已签收,1	,高度な2-in-1両面超長時間設定（60、180、300秒）48個のLED 48W 360°ラップアラウンド光源大型UVランプ、樹脂硬化DIYクラフト装飾ジュエリー作り分割使用デジタルディスプレイタイマー（アップグレード版）、UV硬化ランプ |両面ランプ |高品質LED,7566092528	,1552064794	,527861142	,AT-MYFB-0MY3,ホワイト,	,	,,,,,,,,,,,,,439917080680	,Yamato,2025-03-01 11:21:59,2025-03-01 11:22:02,2025-03-01 11:52:02,2025-03-04 23:30:02,2025-03-01 17:21:19,2025-03-06 22:59:59,2025-03-03 18:01:08,
PO-100-01225201751592024,已签收,	,100-01225159808552024,已签收,1	,高度な2-in-1両面超長時間設定（60、180、300秒）48個のLED 48W 360°ラップアラウンド光源大型UVランプ、樹脂硬化DIYクラフト装飾ジュエリー作り分割使用デジタルディスプレイタイマー（アップグレード版）、UV硬化ランプ |両面ランプ |高品質LED,7566092528	,1552064794	,527861142	,AT-MYFB-0MY3,ホワイト,	,	,,,,,,,,,,,,,439917080724	,Yamato,2025-03-01 09:28:01,2025-03-01 09:28:03,2025-03-01 09:58:03,2025-03-04 23:30:01,2025-03-01 17:21:23,2025-03-06 22:59:59,2025-03-03 11:58:02,
PO-100-00902647235113690,已签收,	,100-00902636749353690,已签收,1	,高度な2-in-1両面超長時間設定（60、180、300秒）48個のLED 48W 360°ラップアラウンド光源大型UVランプ、樹脂硬化DIYクラフト装飾ジュエリー作り分割使用デジタルディスプレイタイマー（アップグレード版）、UV硬化ランプ |両面ランプ |高品質LED,7566092528	,1552064794	,527861142	,AT-MYFB-0MY3,ホワイト,	,	,,,,,,,,,,,,,439917080702	,Yamato,2025-03-01 08:17:27,2025-03-01 08:17:28,2025-03-01 08:47:28,2025-03-04 23:30:00,2025-03-01 17:21:21,2025-03-06 22:59:59,2025-03-03 11:58:29,