﻿"Amazon 出品サービス、フルフィルメント by Amazon (FBA)"
"指定のない場合、単位は円"
"定義："
"売上税徴収額：商品売上、配送料、ギフト包装料として購入者から徴収した売上税"
"販売手数料：カテゴリー成約料と販売手数料が含まれます。"
"トランザクションに関するその他の手数料：FBA 配送料のチャージバックまたは、出品者出荷の配送料にかかる手数料"
"その他：注文以外に関する取引金額。詳しくは、各注文番号のトランザクションの種類と、説明の各項目をご覧ください。"
"日付/時間","決済番号","トランザクションの種類","注文番号","SKU","説明","数量","Amazon 出品サービス","フルフィルメント","市町村","都道府県","郵便番号","税金徴収型","商品売上","商品の売上税","配送料","配送料の税金","ギフト包装手数料","ギフト包装クレジットの税金","Amazonポイントの費用","プロモーション割引額","プロモーション割引の税金","源泉徴収税を伴うマーケットプレイス","手数料","FBA 手数料","トランザクションに関するその他の手数料","その他","合計"
"2025/03/02 6:04:30 JST","11959469833","注文","503-3098683-1848658","UV-1111","EPRESINART UVレジン液 200g UV/LED対応 レジン 高い透明 詰替用 大容量 ハードタイプ DIY手作り装飾 急速に硬化 低アレ","1","amazon.jp","Amazon","","茨城県","311-343","","1,364","136","0","0","0","0","-15","0","0","0","-223","-318","0","0","944"
"2025/03/04 17:57:43 JST","11959469833","注文","S03-6691376-9159836","UV-1111","EPRESINART UVレジン液 200g UV/LED対応 レジン 高い透明 詰替用 大容量 ハードタイプ DIY手作り装飾 急速に硬化 低アレルギー性 uv resin","1","jp-shipment-injection.stores.amazon.co.jp","Amazon","","東京都","191-004","","0","0","0","0","0","0","0","0","0","0","0","-570","0","0","-570"
"2025/03/07 0:48:18 JST","11959469833","FBA 在庫関連の手数料","","","FBA在庫保管手数料:","","Amazon.co.jp","","","","","","0","0","0","0","0","0","0","0","0","0","0","0","0","-630","-630"
"2025/03/07 0:59:28 JST","11959469833","注文","503-6342638-1555849","UV-1111","EPRESINART UVレジン液 200g UV/LED対応 レジン 高い透明 詰替用 大容量 ハードタイプ DIY手作り装飾 急速に硬化 低アレ","1","amazon.jp","Amazon","","福岡県","800-004","","845","85","0","0","0","0","-9","0","0","0","-138","-252","0","0","531"
"2025/03/07 20:12:00 JST","11959469833","注文","250-7707577-4063011","UV-1111","EPRESINART UVレジン液 200g UV/LED対応 レジン 高い透明 詰替用 大容量 ハードタイプ DIY手作り装飾 急速に硬化 低アレ","1","amazon.jp","Amazon","","群馬県","371-005","","845","85","0","0","0","0","-9","0","0","0","-138","-252","0","0","531"
"2025/03/07 23:57:31 JST","11959469833","注文","503-0541488-2664632","UV-1111","EPRESINART UVレジン液 200g UV/LED対応 レジン 高い透明 詰替用 大容量 ハードタイプ DIY手作り装飾 急速に硬化 低アレ","1","amazon.jp","Amazon","","東京都","190-120","","845","85","0","0","0","0","-9","0","0","0","-138","-252","0","0","531"
"2025/03/08 0:33:08 JST","11959469833","注文","249-1374322-7944640","UV-1111","EPRESINART UVレジン液 200g UV/LED対応 レジン 高い透明 詰替用 大容量 ハードタイプ DIY手作り装飾 急速に硬化 低アレ","1","amazon.jp","Amazon","","北海道","059-130","","845","85","0","0","0","0","-9","0","0","0","-138","-252","0","0","531"
"2025/03/08 2:09:57 JST","11959469833","注文","S03-5186549-5132659","UV-1111","EPRESINART UVレジン液 200g UV/LED対応 レジン 高い透明 詰替用 大容量 ハードタイプ DIY手作り装飾 急速に硬化 低アレルギー性 uv resin","7","jp-shipment-injection.stores.amazon.co.jp","Amazon","","福島県","960-048","","0","0","0","0","0","0","0","0","0","0","0","-3,150","0","0","-3,150"
"2025/03/08 5:38:34 JST","11959469833","返金","249-1374322-7944640","UV-1111","EPRESINART UVレジン液 200g UV/LED対応 レジン 高い透明 詰替用 大容量 ハードタイプ DIY手作り装飾 急速に硬化 低アレ","1","amazon.jp","Amazon","","北海道","059-130","","-845","-85","0","0","0","0","9","0","0","0","124","0","0","0","-797"
"2025/03/08 9:16:08 JST","11959469833","注文","503-7524052-1471830","UV-1111","EPRESINART UVレジン液 200g UV/LED対応 レジン 高い透明 詰替用 大容量 ハードタイプ DIY手作り装飾 急速に硬化 低アレ","1","amazon.jp","Amazon","","神奈川県","213-002","","845","85","0","0","0","0","-9","0","0","0","-138","-252","0","0","531"
"2025/03/08 17:27:57 JST","11959469833","注文","S03-9045310-3631043","UV-1111","EPRESINART UVレジン液 200g UV/LED対応 レジン 高い透明 詰替用 大容量 ハードタイプ DIY手作り装飾 急速に硬化 低アレルギー性 uv resin","5","jp-shipment-injection.stores.amazon.co.jp","Amazon","","埼玉県","352-000","","0","0","0","0","0","0","0","0","0","0","0","-2,250","0","0","-2,250"
"2025/03/09 19:34:47 JST","11959469833","注文","250-4864407-9082247","UV-1111","EPRESINART UVレジン液 200g UV/LED対応 レジン 高い透明 詰替用 大容量 ハードタイプ DIY手作り装飾 急速に硬化 低アレ","1","amazon.jp","Amazon","","富山県","930-016","","845","85","105","10","0","0","-9","-105","-10","0","-138","-252","0","0","531"
"2025/03/09 20:30:48 JST","11959469833","注文","250-3586774-8538240","UV-1111","EPRESINART UVレジン液 200g UV/LED対応 レジン 高い透明 詰替用 大容量 ハードタイプ DIY手作り装飾 急速に硬化 低アレ","1","amazon.jp","Amazon","","神奈川県","252-013","","845","85","0","0","0","0","-9","0","0","0","-138","-252","0","0","531"
"2025/03/10 1:44:00 JST","11959469833","注文","503-7143376-4691047","UV-1111","EPRESINART UVレジン液 200g UV/LED対応 レジン 高い透明 詰替用 大容量 ハードタイプ DIY手作り装飾 急速に硬化 低アレ","1","amazon.jp","Amazon","","鳥取県","680-125","","845","85","0","0","0","0","-9","0","0","0","-138","-252","0","0","531"
"2025/03/10 2:23:19 JST","11959469833","注文","503-0855656-2119850","UV-1111","EPRESINART UVレジン液 200g UV/LED対応 レジン 高い透明 詰替用 大容量 ハードタイプ DIY手作り装飾 急速に硬化 低アレ","1","amazon.jp","Amazon","","神奈川県","226-001","","845","85","0","0","0","0","-9","0","0","0","-138","-252","0","0","531"
"2025/03/10 20:06:46 JST","11959469833","注文","249-9604383-2134263","UV-1111","EPRESINART UVレジン液 200g UV/LED対応 レジン 高い透明 詰替用 大容量 ハードタイプ DIY手作り装飾 急速に硬化 低アレ","1","amazon.jp","Amazon","","神奈川県","214-002","","845","85","0","0","0","0","-9","0","0","0","-138","-252","0","0","531"
"2025/03/11 14:20:21 JST","11959469833","注文","S03-3821554-8225415","UV-1111","EPRESINART UVレジン液 200g UV/LED対応 レジン 高い透明 詰替用 大容量 ハードタイプ DIY手作り装飾 急速に硬化 低アレルギー性 uv resin","1","jp-shipment-injection.stores.amazon.co.jp","Amazon","","千葉県","260-000","","0","0","0","0","0","0","0","0","0","0","0","-570","0","0","-570"
"2025/03/12 0:26:47 JST","11959469833","注文","250-7688906-7759064","UV-1111","EPRESINART UVレジン液 200g UV/LED対応 レジン 高い透明 詰替用 大容量 ハードタイプ DIY手作り装飾 急速に硬化 低アレ","1","amazon.jp","Amazon","","香川県","761-011","","845","85","0","0","0","0","-9","0","0","0","-138","-252","0","0","531"
"2025/03/12 14:00:53 JST","11972550343","マイナス残高","","","amzn1.cam.v1.sgid.11959469833","","","","","","","","0","0","0","0","0","0","0","0","0","0","0","0","0","3,270","3,270"
"2025/03/13 13:58:27 JST","11972550343","注文","249-6671455-3799011","UV-1111","EPRESINART UVレジン液 200g UV/LED対応 レジン 高い透明 詰替用 大容量 ハードタイプ DIY手作り装飾 急速に硬化 低アレ","1","amazon.jp","Amazon","","北海道","059-130","","845","85","0","0","0","0","-9","0","0","0","-138","-252","0","0","531"
"2025/03/13 22:38:29 JST","11972550343","注文","249-9913216-7090223","UV-1111","EPRESINART UVレジン液 200g UV/LED対応 レジン 高い透明 詰替用 大容量 ハードタイプ DIY手作り装飾 急速に硬化 低アレ","1","amazon.jp","Amazon","","新潟県","956-004","","845","85","0","0","0","0","-9","0","0","0","-138","-252","0","0","531"
"2025/03/14 8:42:16 JST","11972550343","注文","250-3348555-4237442","UV-1111","EPRESINART UVレジン液 200g UV/LED対応 レジン 高い透明 詰替用 大容量 ハードタイプ DIY手作り装飾 急速に硬化 低アレ","1","amazon.jp","Amazon","","長野県","385-000","","845","85","0","0","0","0","-9","-43","-4","0","-131","-252","0","0","491"
"2025/03/14 15:27:28 JST","11984729383","注文","249-5757262-9960624","UV-1111","EPRESINART UVレジン液 200g UV/LED対応 レジン 高い透明 詰替用 大容量 ハードタイプ DIY手作り装飾 急速に硬化 低アレ","1","amazon.jp","Amazon","","埼玉県","350-113","","845","85","0","0","0","0","-9","0","0","0","-138","-252","0","0","531"
"2025/03/14 17:54:03 JST","11984729383","注文","S03-4001565-2096609","UV-1111","EPRESINART UVレジン液 200g UV/LED対応 レジン 高い透明 詰替用 大容量 ハードタイプ DIY手作り装飾 急速に硬化 低アレルギー性 uv resin","2","jp-shipment-injection.stores.amazon.co.jp","Amazon","","北海道","080-031","","0","0","0","0","0","0","0","0","0","0","0","-900","0","0","-900"
"2025/03/15 2:54:24 JST","11984729383","注文","249-7338694-4260647","UV-1111","EPRESINART UVレジン液 200g UV/LED対応 レジン 高い透明 詰替用 大容量 ハードタイプ DIY手作り装飾 急速に硬化 低アレ","1","amazon.jp","Amazon","","東京都","132-002","","845","85","0","0","0","0","-9","0","0","0","-138","-252","0","0","531"
"2025/03/15 8:03:30 JST","11984729383","注文","249-9472446-3038252","UV-1111","EPRESINART UVレジン液 200g UV/LED対応 レジン 高い透明 詰替用 大容量 ハードタイプ DIY手作り装飾 急速に硬化 低アレ","1","amazon.jp","Amazon","","北海道","086-021","","1,364","136","0","0","0","0","-15","-68","-7","0","-212","-318","0","0","880"
"2025/03/15 14:50:22 JST","11984729383","注文","S03-4323329-8659020","UV-1108","EPRESINART UVレジン液 100g UV/LED対応 レジン 高い透明 詰替用 ハードタイプ DIY手作り装飾 急速に硬化 低アレルギー性 uv resin","1","jp-shipment-injection.stores.amazon.co.jp","Amazon","","京都府","621-080","","0","0","0","0","0","0","0","0","0","0","0","-651","0","0","-651"
"2025/03/15 17:45:37 JST","11984729383","注文","S03-8113066-8568667","UV-1111","EPRESINART UVレジン液 200g UV/LED対応 レジン 高い透明 詰替用 大容量 ハードタイプ DIY手作り装飾 急速に硬化 低アレルギー性 uv resin","1","jp-shipment-injection.stores.amazon.co.jp","Amazon","","京都府","607-825","","0","0","0","0","0","0","0","0","0","0","0","-615","0","0","-615"
"2025/03/15 22:51:59 JST","11984729383","注文","503-3909962-2929442","UV-1111","EPRESINART UVレジン液 200g UV/LED対応 レジン 高い透明 詰替用 大容量 ハードタイプ DIY手作り装飾 急速に硬化 低アレ","2","amazon.jp","Amazon","","東京都","178-006","","1,691","169","0","0","0","0","-18","0","0","0","-276","-504","0","0","1,062"
"2025/03/16 0:54:36 JST","11984729383","注文","503-8625723-7736654","UV-1111","EPRESINART UVレジン液 200g UV/LED対応 レジン 高い透明 詰替用 大容量 ハードタイプ DIY手作り装飾 急速に硬化 低アレ","1","amazon.jp","Amazon","","鳥取県","680-125","","845","85","0","0","0","0","-9","0","0","0","-138","-252","0","0","531"
"2025/03/16 6:09:09 JST","11984729383","注文","503-9082125-6312667","UV-1111","EPRESINART UVレジン液 200g UV/LED対応 レジン 高い透明 詰替用 大容量 ハードタイプ DIY手作り装飾 急速に硬化 低アレ","1","amazon.jp","Amazon","","神奈川県","254-006","","845","85","0","0","0","0","-9","-43","-4","0","-131","-252","0","0","491"
"2025/03/16 22:52:10 JST","11984729383","注文","503-1817694-2975800","UV-1111","EPRESINART UVレジン液 200g UV/LED対応 レジン 高い透明 詰替用 大容量 ハードタイプ DIY手作り装飾 急速に硬化 低アレ","1","amazon.jp","Amazon","","千葉県","266-003","","845","85","0","0","0","0","-9","0","0","0","-138","-252","0","0","531"
"2025/03/17 1:13:09 JST","11984729383","注文","250-0735305-4319054","UV-1111","EPRESINART UVレジン液 200g UV/LED対応 レジン 高い透明 詰替用 大容量 ハードタイプ DIY手作り装飾 急速に硬化 低アレ","1","amazon.jp","Amazon","","群馬県","371-005","","845","85","0","0","0","0","-9","0","0","0","-138","-252","0","0","531"
"2025/03/17 2:15:51 JST","11984729383","注文","250-5917369-7326238","UV-1111","EPRESINART UVレジン液 200g UV/LED対応 レジン 高い透明 詰替用 大容量 ハードタイプ DIY手作り装飾 急速に硬化 低アレ","1","amazon.jp","Amazon","","神奈川県","252-002","","845","85","0","0","0","0","-9","0","0","0","-138","-252","0","0","531"
"2025/03/17 7:16:45 JST","11984729383","振込み","","","末尾が795のアカウントへ","","","","","","","","0","0","0","0","0","0","0","0","0","0","0","0","0","-1,553","-1,553"
"2025/03/17 9:03:08 JST","11984729383","注文","249-1427730-7966235","UV-1111","EPRESINART UVレジン液 200g UV/LED対応 レジン 高い透明 詰替用 大容量 ハードタイプ DIY手作り装飾 急速に硬化 低アレ","1","amazon.jp","Amazon","","東京都","206-002","","845","85","0","0","0","0","-9","0","0","0","-138","-252","0","0","531"
"2025/03/17 16:00:35 JST","11987060413","注文","503-4902288-1115045","UV-1111","EPRESINART UVレジン液 200g UV/LED対応 レジン 高い透明 詰替用 大容量 ハードタイプ DIY手作り装飾 急速に硬化 低アレ","1","amazon.jp","Amazon","","茨城県","311-343","","845","85","0","0","0","0","-9","0","0","0","-138","-252","0","0","531"
"2025/03/17 18:05:35 JST","11987060413","注文","S03-0988058-8921445","UV-1111","EPRESINART UVレジン液 200g UV/LED対応 レジン 高い透明 詰替用 大容量 ハードタイプ DIY手作り装飾 急速に硬化 低アレルギー性 uv resin","3","jp-shipment-injection.stores.amazon.co.jp","Amazon","","愛知県","444-082","","0","0","0","0","0","0","0","0","0","0","0","-1,350","0","0","-1,350"
"2025/03/17 21:31:49 JST","11987060413","注文","249-1158118-3287819","UV-1111","EPRESINART UVレジン液 200g UV/LED対応 レジン 高い透明 詰替用 大容量 ハードタイプ DIY手作り装飾 急速に硬化 低アレ","1","amazon.jp","Amazon","","埼玉県","335-000","","845","85","0","0","0","0","-9","0","0","0","-138","-252","0","0","531"
"2025/03/17 22:22:50 JST","11987060413","注文","503-0523604-4312616","UV-1111","EPRESINART UVレジン液 200g UV/LED対応 レジン 高い透明 詰替用 大容量 ハードタイプ DIY手作り装飾 急速に硬化 低アレ","1","amazon.jp","Amazon","","大阪府","532-003","","845","85","0","0","0","0","-9","0","0","0","-138","-252","0","0","531"
"2025/03/18 0:51:40 JST","11987060413","注文","249-4030641-3203064","UV-1111","EPRESINART UVレジン液 200g UV/LED対応 レジン 高い透明 詰替用 大容量 ハードタイプ DIY手作り装飾 急速に硬化 低アレ","1","amazon.jp","Amazon","","静岡県","420-081","","845","85","0","0","0","0","-9","0","0","0","-138","-252","0","0","531"
"2025/03/18 5:42:46 JST","11987060413","注文","250-3168652-8082229","UV-1111","EPRESINART UVレジン液 200g UV/LED対応 レジン 高い透明 詰替用 大容量 ハードタイプ DIY手作り装飾 急速に硬化 低アレ","1","amazon.jp","Amazon","","愛媛県","791-112","","845","85","0","0","0","0","-9","0","0","0","-138","-252","0","0","531"
"2025/03/18 12:20:10 JST","11987060413","振込み","","","末尾が795のアカウントへ","","","","","","","","0","0","0","0","0","0","0","0","0","0","0","0","0","-3,984","-3,984"
"2025/03/19 2:51:40 JST","11988967153","注文","250-5557646-4163064","UV-1111","EPRESINART UVレジン液 200g UV/LED対応 レジン 高い透明 詰替用 大容量 ハードタイプ DIY手作り装飾 急速に硬化 低アレ","1","amazon.jp","Amazon","","Shizuoka-ken","431-342","","845","85","0","0","0","0","-9","0","0","0","-138","-252","0","0","531"
"2025/03/19 6:52:50 JST","11988967153","注文","503-0782897-7272612","UV-1111","EPRESINART UVレジン液 200g UV/LED対応 レジン 高い透明 詰替用 大容量 ハードタイプ DIY手作り装飾 急速に硬化 低アレ","1","amazon.jp","Amazon","","福岡県","811-135","","845","85","0","0","0","0","-9","0","0","0","-138","-252","0","0","531"
"2025/03/19 17:50:29 JST","11988967153","振込み","","","末尾が795のアカウントへ","","","","","","","","0","0","0","0","0","0","0","0","0","0","0","0","0","-1,305","-1,305"
"2025/03/20 0:07:20 JST","11988967153","注文","249-3381066-9653468","UV-1111","EPRESINART UVレジン液 200g UV/LED対応 レジン 高い透明 詰替用 大容量 ハードタイプ DIY手作り装飾 急速に硬化 低アレ","1","amazon.jp","Amazon","","東京都","187-004","","845","85","0","0","0","0","-9","0","0","0","-138","-252","0","0","531"
"2025/03/20 4:39:32 JST","11988967153","注文","250-3369669-2261433","UV-1111","EPRESINART UVレジン液 200g UV/LED対応 レジン 高い透明 詰替用 大容量 ハードタイプ DIY手作り装飾 急速に硬化 低アレ","1","amazon.jp","Amazon","","神奈川県","225-000","","845","85","0","0","0","0","-9","0","0","0","-138","-252","0","0","531"
"2025/03/20 5:11:50 JST","11988967153","注文","250-1021143-2835863","UV-1111","EPRESINART UVレジン液 200g UV/LED対応 レジン 高い透明 詰替用 大容量 ハードタイプ DIY手作り装飾 急速に硬化 低アレ","1","amazon.jp","Amazon","","神奈川県","215-000","","845","85","0","0","0","0","-9","0","0","0","-138","-252","0","0","531"
"2025/03/21 0:07:06 JST","11988967153","注文","250-7319795-8882243","UV-1111","EPRESINART UVレジン液 200g UV/LED対応 レジン 高い透明 詰替用 大容量 ハードタイプ DIY手作り装飾 急速に硬化 低アレ","1","amazon.jp","Amazon","","埼玉県","330-080","","845","85","0","0","0","0","-9","0","0","0","-138","-252","0","0","531"
"2025/03/21 0:11:56 JST","11988967153","注文","503-1521177-8402219","UV-1111","EPRESINART UVレジン液 200g UV/LED対応 レジン 高い透明 詰替用 大容量 ハードタイプ DIY手作り装飾 急速に硬化 低アレ","1","amazon.jp","Amazon","","長野県","399-074","","845","85","0","0","0","0","-9","0","0","0","-138","-252","0","0","531"
"2025/03/21 2:17:24 JST","11988967153","注文","249-7020155-3585433","UV-1111","EPRESINART UVレジン液 200g UV/LED対応 レジン 高い透明 詰替用 大容量 ハードタイプ DIY手作り装飾 急速に硬化 低アレ","1","amazon.jp","Amazon","","東京都","177-004","","845","85","0","0","0","0","-9","0","0","0","-138","-252","0","0","531"
"2025/03/21 12:35:09 JST","11988967153","FBA 在庫関連の手数料","","","FBA長期在庫保管手数料","","Amazon.co.jp","","","","","","0","0","0","0","0","0","0","0","0","0","0","0","0","-1,278","-1,278"
"2025/03/21 22:37:03 JST","11990274233","注文","503-2733893-2415064","UV-1111","EPRESINART UVレジン液 200g UV/LED対応 レジン 高い透明 詰替用 大容量 ハードタイプ DIY手作り装飾 急速に硬化 低アレ","1","amazon.jp","Amazon","","千葉県","270-135","","845","85","0","0","0","0","-9","0","0","0","-138","-252","0","0","531"
"2025/03/22 0:35:51 JST","11990274233","注文","250-5593239-8992649","UV-1111","EPRESINART UVレジン液 200g UV/LED対応 レジン 高い透明 詰替用 大容量 ハードタイプ DIY手作り装飾 急速に硬化 低アレ","1","amazon.jp","Amazon","","Osaka-fu","544-002","","845","85","0","0","0","0","-9","0","0","0","-138","-252","0","0","531"
"2025/03/22 1:33:12 JST","11990274233","注文","503-2653699-9627808","UV-1111","EPRESINART UVレジン液 200g UV/LED対応 レジン 高い透明 詰替用 大容量 ハードタイプ DIY手作り装飾 急速に硬化 低アレ","1","amazon.jp","Amazon","","山梨県","406-002","","845","85","0","0","0","0","-9","0","0","0","-138","-252","0","0","531"
"2025/03/22 3:57:14 JST","11990274233","注文","249-2762368-3059041","UV-1111","EPRESINART UVレジン液 200g UV/LED対応 レジン 高い透明 詰替用 大容量 ハードタイプ DIY手作り装飾 急速に硬化 低アレ","1","amazon.jp","Amazon","","東京都","135-006","","845","85","0","0","0","0","-9","0","0","0","-138","-252","0","0","531"
"2025/03/22 9:03:15 JST","11990274233","注文","250-6867581-4607831","UV-1111","EPRESINART UVレジン液 200g UV/LED対応 レジン 高い透明 詰替用 大容量 ハードタイプ DIY手作り装飾 急速に硬化 低アレ","1","amazon.jp","Amazon","","岡山県","701-011","","845","85","0","0","0","0","-9","0","0","0","-138","-252","0","0","531"
"2025/03/23 2:44:33 JST","11990274233","注文","250-2064529-7172646","UV-1111","EPRESINART UVレジン液 200g UV/LED対応 レジン 高い透明 詰替用 大容量 ハードタイプ DIY手作り装飾 急速に硬化 低アレ","1","amazon.jp","Amazon","","大阪府","590-052","","845","85","0","0","0","0","-9","0","0","0","-138","-252","0","0","531"
"2025/03/23 3:06:58 JST","11990274233","注文","249-9450165-1426226","UV-1111","EPRESINART UVレジン液 200g UV/LED対応 レジン 高い透明 詰替用 大容量 ハードタイプ DIY手作り装飾 急速に硬化 低アレ","1","amazon.jp","Amazon","","群馬県","370-040","","846","84","209","21","0","0","-9","-209","-21","0","-138","-252","0","0","531"
"2025/03/23 7:39:52 JST","11990274233","注文","249-5888590-6371068","UV-1111","EPRESINART UVレジン液 200g UV/LED対応 レジン 高い透明 詰替用 大容量 ハードタイプ DIY手作り装飾 急速に硬化 低アレ","1","amazon.jp","Amazon","","神奈川県","215-003","","845","85","0","0","0","0","-9","0","0","0","-138","-252","0","0","531"
"2025/03/23 8:03:10 JST","11990274233","注文","250-9132289-2185448","UV-1111","EPRESINART UVレジン液 200g UV/LED対応 レジン 高い透明 詰替用 大容量 ハードタイプ DIY手作り装飾 急速に硬化 低アレ","1","amazon.jp","Amazon","","東京都","133-005","","845","85","0","0","0","0","-9","0","0","0","-138","-252","0","0","531"
"2025/03/23 12:11:52 JST","11990274233","注文","503-6002482-0343863","UV-1111","EPRESINART UVレジン液 200g UV/LED対応 レジン 高い透明 詰替用 大容量 ハードタイプ DIY手作り装飾 急速に硬化 低アレ","1","amazon.jp","Amazon","","埼玉県","350-003","","845","85","0","0","0","0","-9","0","0","0","-138","-252","0","0","531"
"2025/03/23 17:29:57 JST","11990274233","注文","S03-9298006-0271025","UV-1111","EPRESINART UVレジン液 200g UV/LED対応 レジン 高い透明 詰替用 大容量 ハードタイプ DIY手作り装飾 急速に硬化 低アレルギー性 uv resin","1","jp-shipment-injection.stores.amazon.co.jp","Amazon","","山梨県","408-000","","0","0","0","0","0","0","0","0","0","0","0","-615","0","0","-615"
"2025/03/23 20:41:09 JST","11990274233","注文","250-3941708-3618246","UV-1111","EPRESINART UVレジン液 200g UV/LED対応 レジン 高い透明 詰替用 大容量 ハードタイプ DIY手作り装飾 急速に硬化 低アレ","1","amazon.jp","Amazon","","埼玉県","343-004","","845","85","0","0","0","0","-9","0","0","0","-138","-252","0","0","531"
"2025/03/23 21:14:08 JST","11990274233","返金","503-0953216-2233413","UV-1111","EPRESINART UVレジン液 200g UV/LED対応 レジン 高い透明 詰替用 大容量 ハードタイプ DIY手作り装飾 急速に硬化 低アレ","1","amazon.jp","Amazon","","兵庫県","659-003","","-845","-85","0","0","0","0","9","0","0","0","124","0","0","0","-797"
"2025/03/24 1:40:22 JST","11990274233","注文","249-7403752-6817409","UV-1111","EPRESINART UVレジン液 200g UV/LED対応 レジン 高い透明 詰替用 大容量 ハードタイプ DIY手作り装飾 急速に硬化 低アレ","1","amazon.jp","Amazon","","兵庫県","669-154","","845","85","0","0","0","0","-9","0","0","0","-138","-252","0","0","531"
"2025/03/24 2:03:32 JST","11990274233","注文","503-2922236-9416607","UV-1111","EPRESINART UVレジン液 200g UV/LED対応 レジン 高い透明 詰替用 大容量 ハードタイプ DIY手作り装飾 急速に硬化 低アレ","1","amazon.jp","Amazon","","茨城県","311-343","","845","85","0","0","0","0","-9","0","0","0","-138","-252","0","0","531"
"2025/03/24 4:36:16 JST","11990274233","注文","503-0953216-2233413","UV-1111","EPRESINART UVレジン液 200g UV/LED対応 レジン 高い透明 詰替用 大容量 ハードタイプ DIY手作り装飾 急速に硬化 低アレ","1","amazon.jp","Amazon","","兵庫県","659-003","","845","85","0","0","0","0","-9","0","0","0","-138","-252","0","0","531"
"2025/03/24 7:32:37 JST","11990274233","振込み","","","末尾が795のアカウントへ","","","","","","","","0","0","0","0","0","0","0","0","0","0","0","0","0","-2,970","-2,970"
"2025/03/24 11:41:01 JST","11990274233","注文","250-1597580-4483836","UV-1111","EPRESINART UVレジン液 200g UV/LED対応 レジン 高い透明 詰替用 大容量 ハードタイプ DIY手作り装飾 急速に硬化 低アレ","1","amazon.jp","Amazon","","Tokyo-to","197-001","","845","85","0","0","0","0","-9","0","0","0","-138","-252","0","0","531"
"2025/03/24 14:48:10 JST","11993150453","注文","503-2094454-6160635","UV-1111","EPRESINART UVレジン液 200g UV/LED対応 レジン 高い透明 詰替用 大容量 ハードタイプ DIY手作り装飾 急速に硬化 低アレ","1","amazon.jp","Amazon","","群馬県","370-050","","845","85","0","0","0","0","-9","0","0","0","-138","-252","0","0","531"
"2025/03/24 20:51:00 JST","11993150453","注文","503-1483101-4712667","UV-1111","EPRESINART UVレジン液 200g UV/LED対応 レジン 高い透明 詰替用 大容量 ハードタイプ DIY手作り装飾 急速に硬化 低アレ","1","amazon.jp","Amazon","","埼玉県","366-080","","845","85","0","0","0","0","-9","0","0","0","-138","-252","0","0","531"
"2025/03/24 21:24:15 JST","11993150453","注文","249-7585417-8289417","UV-1111","EPRESINART UVレジン液 200g UV/LED対応 レジン 高い透明 詰替用 大容量 ハードタイプ DIY手作り装飾 急速に硬化 低アレ","1","amazon.jp","Amazon","","埼玉県","337-004","","845","85","0","0","0","0","-9","0","0","0","-138","-252","0","0","531"
"2025/03/25 1:43:44 JST","11993150453","注文","250-6608361-9535067","UV-1111","EPRESINART UVレジン液 200g UV/LED対応 レジン 高い透明 詰替用 大容量 ハードタイプ DIY手作り装飾 急速に硬化 低アレ","1","amazon.jp","Amazon","","長野県","384-080","","845","85","0","0","0","0","-9","-43","-4","0","-131","-252","0","0","491"
"2025/03/25 2:39:38 JST","11993150453","注文","249-9622133-1741432","UV-1111","EPRESINART UVレジン液 200g UV/LED対応 レジン 高い透明 詰替用 大容量 ハードタイプ DIY手作り装飾 急速に硬化 低アレ","1","amazon.jp","Amazon","","岐阜県","500-828","","845","85","0","0","0","0","-9","0","0","0","-138","-252","0","0","531"
"2025/03/25 2:46:57 JST","11993150453","注文","503-6539574-3571015","UV-1111","EPRESINART UVレジン液 200g UV/LED対応 レジン 高い透明 詰替用 大容量 ハードタイプ DIY手作り装飾 急速に硬化 低アレ","1","amazon.jp","Amazon","","東京都","178-006","","845","85","0","0","0","0","-9","0","0","0","-138","-252","0","0","531"
"2025/03/25 3:32:47 JST","11993150453","注文","249-7857143-0016621","UV-1111","EPRESINART UVレジン液 200g UV/LED対応 レジン 高い透明 詰替用 大容量 ハードタイプ DIY手作り装飾 急速に硬化 低アレ","1","amazon.jp","Amazon","","埼玉県","337-003","","845","85","0","0","0","0","-9","0","0","0","-138","-252","0","0","531"
"2025/03/25 5:23:59 JST","11993150453","注文","503-2778031-8049423","UV-1111","EPRESINART UVレジン液 200g UV/LED対応 レジン 高い透明 詰替用 大容量 ハードタイプ DIY手作り装飾 急速に硬化 低アレ","1","amazon.jp","Amazon","","北海道","097-002","","845","85","0","0","0","0","-9","0","0","0","-138","-252","0","0","531"
"2025/03/25 8:40:38 JST","11993150453","注文","249-7055719-6415021","UV-1111","EPRESINART UVレジン液 200g UV/LED対応 レジン 高い透明 詰替用 大容量 ハードタイプ DIY手作り装飾 急速に硬化 低アレ","1","amazon.jp","Amazon","","埼玉県","345-082","","845","85","0","0","0","0","-9","0","0","0","-138","-252","0","0","531"
"2025/03/25 9:16:14 JST","11993150453","注文","503-5441539-0476615","UV-1111","EPRESINART UVレジン液 200g UV/LED対応 レジン 高い透明 詰替用 大容量 ハードタイプ DIY手作り装飾 急速に硬化 低アレ","1","amazon.jp","Amazon","","鳥取県","680-125","","845","85","0","0","0","0","-9","0","0","0","-138","-252","0","0","531"
"2025/03/25 12:20:25 JST","11993150453","振込み","","","末尾が795のアカウントへ","","","","","","","","0","0","0","0","0","0","0","0","0","0","0","0","0","-6,553","-6,553"
"2025/03/25 19:44:01 JST","11993150453","注文","503-1053827-6268655","UV-1111","EPRESINART UVレジン液 200g UV/LED対応 レジン 高い透明 詰替用 大容量 ハードタイプ DIY手作り装飾 急速に硬化 低アレ","1","amazon.jp","Amazon","","茨城県","310-081","","845","85","0","0","0","0","-9","0","0","0","-138","-252","0","0","531"
"2025/03/25 21:05:07 JST","11993150453","注文","503-5715076-9453421","UV-1111","EPRESINART UVレジン液 200g UV/LED対応 レジン 高い透明 詰替用 大容量 ハードタイプ DIY手作り装飾 急速に硬化 低アレ","1","amazon.jp","Amazon","","東京都","190-018","","845","85","0","0","0","0","-9","0","0","0","-138","-252","0","0","531"
"2025/03/25 23:51:41 JST","11993150453","注文","250-4026283-7298221","UV-1111","EPRESINART UVレジン液 200g UV/LED対応 レジン 高い透明 詰替用 大容量 ハードタイプ DIY手作り装飾 急速に硬化 低アレ","1","amazon.jp","Amazon","","愛知県","441-812","","845","85","0","0","0","0","-9","0","0","0","-138","-252","0","0","531"
"2025/03/26 0:41:10 JST","11993150453","注文","249-3485230-2091854","UV-1111","EPRESINART UVレジン液 200g UV/LED対応 レジン 高い透明 詰替用 大容量 ハードタイプ DIY手作り装飾 急速に硬化 低アレ","1","amazon.jp","Amazon","","福岡県","812-006","","845","85","0","0","0","0","-9","0","0","0","-138","-252","0","0","531"
"2025/03/26 1:57:05 JST","11993150453","注文","249-0513871-3807814","UV-1111","EPRESINART UVレジン液 200g UV/LED対応 レジン 高い透明 詰替用 大容量 ハードタイプ DIY手作り装飾 急速に硬化 低アレ","1","amazon.jp","Amazon","","栃木県","321-016","","846","84","418","42","0","0","-9","0","0","0","-138","-712","0","0","531"
"2025/03/26 2:02:06 JST","11993150453","注文","249-9052118-0697468","UV-1111","EPRESINART UVレジン液 200g UV/LED対応 レジン 高い透明 詰替用 大容量 ハードタイプ DIY手作り装飾 急速に硬化 低アレ","1","amazon.jp","Amazon","","千葉県","270-022","","845","85","0","0","0","0","-9","0","0","0","-138","-252","0","0","531"
"2025/03/26 7:02:26 JST","11993150453","注文","503-5004219-4406257","UV-1111","EPRESINART UVレジン液 200g UV/LED対応 レジン 高い透明 詰替用 大容量 ハードタイプ DIY手作り装飾 急速に硬化 低アレ","1","amazon.jp","Amazon","","栃木県","329-110","","845","85","0","0","0","0","-9","0","0","0","-138","-252","0","0","531"
"2025/03/26 8:55:09 JST","11993150453","注文","250-1297567-3266236","UV-1111","EPRESINART UVレジン液 200g UV/LED対応 レジン 高い透明 詰替用 大容量 ハードタイプ DIY手作り装飾 急速に硬化 低アレ","1","amazon.jp","Amazon","","静岡県","421-052","","845","85","0","0","0","0","-9","0","0","0","-138","-252","0","0","531"
"2025/03/26 9:04:18 JST","11993150453","注文","249-3221045-8860644","UV-1111","EPRESINART UVレジン液 200g UV/LED対応 レジン 高い透明 詰替用 大容量 ハードタイプ DIY手作り装飾 急速に硬化 低アレ","1","amazon.jp","Amazon","","埼玉県","343-083","","845","85","0","0","0","0","-9","0","0","0","-138","-252","0","0","531"
"2025/03/26 17:12:48 JST","11995154013","注文","503-8322738-6035008","UV-1111","EPRESINART UVレジン液 200g UV/LED対応 レジン 高い透明 詰替用 大容量 ハードタイプ DIY手作り装飾 急速に硬化 低アレ","1","amazon.jp","Amazon","","滋賀県","520-300","","845","85","0","0","0","0","-9","0","0","0","-138","-252","0","0","531"
"2025/03/26 19:44:17 JST","11995154013","注文","503-7446661-6219855","UV-1111","EPRESINART UVレジン液 200g UV/LED対応 レジン 高い透明 詰替用 大容量 ハードタイプ DIY手作り装飾 急速に硬化 低アレ","1","amazon.jp","Amazon","","千葉県","264-000","","846","84","418","42","0","0","-9","0","0","0","-138","-712","0","0","531"
"2025/03/27 4:10:37 JST","11995154013","注文","503-8936769-8976656","UV-1111","EPRESINART UVレジン液 200g UV/LED対応 レジン 高い透明 詰替用 大容量 ハードタイプ DIY手作り装飾 急速に硬化 低アレ","1","amazon.jp","Amazon","","福岡県","807-085","","845","85","0","0","0","0","-9","0","0","0","-138","-252","0","0","531"
"2025/03/27 4:22:56 JST","11995154013","注文","250-8960663-8199856","UV-1111","EPRESINART UVレジン液 200g UV/LED対応 レジン 高い透明 詰替用 大容量 ハードタイプ DIY手作り装飾 急速に硬化 低アレ","1","amazon.jp","Amazon","","岐阜県","501-382","","845","85","0","0","0","0","-9","0","0","0","-138","-252","0","0","531"
"2025/03/27 4:58:49 JST","11995154013","注文","249-7168946-0725428","UV-1111","EPRESINART UVレジン液 200g UV/LED対応 レジン 高い透明 詰替用 大容量 ハードタイプ DIY手作り装飾 急速に硬化 低アレ","1","amazon.jp","Amazon","","東京都","193-080","","845","85","0","0","0","0","-9","0","0","0","-138","-252","0","0","531"
"2025/03/27 5:30:15 JST","11995154013","注文","503-2138895-8063007","UV-1111","EPRESINART UVレジン液 200g UV/LED対応 レジン 高い透明 詰替用 大容量 ハードタイプ DIY手作り装飾 急速に硬化 低アレ","1","amazon.jp","Amazon","","岡山県","700-006","","845","85","0","0","0","0","-9","0","0","0","-138","-252","0","0","531"
"2025/03/27 11:20:55 JST","11995154013","振込み","","","末尾が795のアカウントへ","","","","","","","","0","0","0","0","0","0","0","0","0","0","0","0","0","-10,049","-10,049"
"2025/03/27 17:56:07 JST","11995154013","注文外料金","","","月額登録料","","Amazon.co.jp","","","","","","0","0","0","0","0","0","0","0","0","0","0","0","0","-2,092","-2,092"
"2025/03/27 21:01:55 JST","11995154013","注文","503-9424950-9704646","UV-1111","EPRESINART UVレジン液 200g UV/LED対応 レジン 高い透明 詰替用 大容量 ハードタイプ DIY手作り装飾 急速に硬化 低アレ","1","amazon.jp","Amazon","","愛知県","454-086","","845","85","0","0","0","0","-9","0","0","0","-138","-252","0","0","531"
"2025/03/28 1:16:41 JST","11995154013","注文","503-0329182-7546270","UV-1111","EPRESINART UVレジン液 200g UV/LED対応 レジン 高い透明 詰替用 大容量 ハードタイプ DIY手作り装飾 急速に硬化 低アレ","1","amazon.jp","Amazon","","千葉県","286-002","","845","85","0","0","0","0","-9","0","0","0","-138","-252","0","0","531"
"2025/03/28 4:52:16 JST","11995154013","注文","503-3096718-4015024","UV-1111","EPRESINART UVレジン液 200g UV/LED対応 レジン 高い透明 詰替用 大容量 ハードタイプ DIY手作り装飾 急速に硬化 低アレ","1","amazon.jp","Amazon","","埼玉県","351-001","","845","85","0","0","0","0","-9","0","0","0","-138","-252","0","0","531"
"2025/03/28 8:23:41 JST","11995154013","注文","503-3230893-5831834","UV-1111","EPRESINART UVレジン液 200g UV/LED対応 レジン 高い透明 詰替用 大容量 ハードタイプ DIY手作り装飾 急速に硬化 低アレ","1","amazon.jp","Amazon","","埼玉県","359-114","","845","85","0","0","0","0","-9","0","0","0","-138","-252","0","0","531"
"2025/03/28 8:57:16 JST","11995154013","注文","249-8584673-9043059","UV-1111","EPRESINART UVレジン液 200g UV/LED対応 レジン 高い透明 詰替用 大容量 ハードタイプ DIY手作り装飾 急速に硬化 低アレ","1","amazon.jp","Amazon","","神奈川県","221-083","","845","85","0","0","0","0","-9","0","0","0","-138","-252","0","0","531"
"2025/03/28 13:21:41 JST","11997262323","注文","250-5805869-4352626","UV-1111","EPRESINART UVレジン液 200g UV/LED対応 レジン 高い透明 詰替用 大容量 ハードタイプ DIY手作り装飾 急速に硬化 低アレ","1","amazon.jp","Amazon","","新潟県","950-094","","845","85","0","0","0","0","-9","0","0","0","-138","-252","0","0","531"
"2025/03/28 20:35:47 JST","11997262323","注文","503-1954403-7739828","UV-1111","EPRESINART UVレジン液 200g UV/LED対応 レジン 高い透明 詰替用 大容量 ハードタイプ DIY手作り装飾 急速に硬化 低アレ","1","amazon.jp","Amazon","","大阪府","560-000","","845","85","0","0","0","0","-9","0","0","0","-138","-252","0","0","531"
"2025/03/28 21:32:44 JST","11997262323","注文","249-5327214-8470230","UV-1111","EPRESINART UVレジン液 200g UV/LED対応 レジン 高い透明 詰替用 大容量 ハードタイプ DIY手作り装飾 急速に硬化 低アレ","1","amazon.jp","Amazon","","静岡県","435-005","","845","85","105","10","0","0","-9","-105","-10","0","-138","-252","0","0","531"
"2025/03/28 21:58:31 JST","11997262323","注文","503-2625639-8325443","UV-1111","EPRESINART UVレジン液 200g UV/LED対応 レジン 高い透明 詰替用 大容量 ハードタイプ DIY手作り装飾 急速に硬化 低アレ","1","amazon.jp","Amazon","","岐阜県","501-112","","845","85","0","0","0","0","-9","0","0","0","-138","-252","0","0","531"
"2025/03/29 0:05:21 JST","11997262323","注文","503-0418976-6347819","UV-1111","EPRESINART UVレジン液 200g UV/LED対応 レジン 高い透明 詰替用 大容量 ハードタイプ DIY手作り装飾 急速に硬化 低アレ","1","amazon.jp","Amazon","","埼玉県","343-080","","845","85","0","0","0","0","-9","0","0","0","-138","-252","0","0","531"
"2025/03/29 2:28:48 JST","11997262323","注文","249-8775800-3678258","UV-1111","EPRESINART UVレジン液 200g UV/LED対応 レジン 高い透明 詰替用 大容量 ハードタイプ DIY手作り装飾 急速に硬化 低アレ","1","amazon.jp","Amazon","","埼玉県","343-001","","845","85","0","0","0","0","-9","0","0","0","-138","-252","0","0","531"
"2025/03/29 5:23:33 JST","11997262323","注文","249-0196218-8582220","UV-1111","EPRESINART UVレジン液 200g UV/LED対応 レジン 高い透明 詰替用 大容量 ハードタイプ DIY手作り装飾 急速に硬化 低アレ","1","amazon.jp","Amazon","","神奈川県","216-001","","845","85","0","0","0","0","-9","0","0","0","-138","-252","0","0","531"
"2025/03/29 5:38:37 JST","11997262323","注文","249-2299309-7681467","UV-1111","EPRESINART UVレジン液 200g UV/LED対応 レジン 高い透明 詰替用 大容量 ハードタイプ DIY手作り装飾 急速に硬化 低アレ","2","amazon.jp","Amazon","","東京都","208-002","","1,691","169","279","28","0","0","-18","0","0","0","-276","-811","0","0","1,062"
"2025/03/29 8:00:29 JST","11997262323","注文","250-4405483-2695003","UV-1111","EPRESINART UVレジン液 200g UV/LED対応 レジン 高い透明 詰替用 大容量 ハードタイプ DIY手作り装飾 急速に硬化 低アレ","1","amazon.jp","Amazon","","神奈川県","227-005","","845","85","0","0","0","0","-9","0","0","0","-138","-252","0","0","531"
"2025/03/29 16:04:16 JST","11997262323","注文","503-8793082-6378245","UV-1111","EPRESINART UVレジン液 200g UV/LED対応 レジン 高い透明 詰替用 大容量 ハードタイプ DIY手作り装飾 急速に硬化 低アレ","1","amazon.jp","Amazon","","茨城県","319-111","","845","85","0","0","0","0","-9","0","0","0","-138","-252","0","0","531"
"2025/03/29 21:34:57 JST","11997262323","注文","250-8868027-8844613","UV-1111","EPRESINART UVレジン液 200g UV/LED対応 レジン 高い透明 詰替用 大容量 ハードタイプ DIY手作り装飾 急速に硬化 低アレ","1","amazon.jp","Amazon","","静岡県","435-004","","845","85","0","0","0","0","-9","0","0","0","-138","-252","0","0","531"
"2025/03/29 23:32:53 JST","11997262323","注文","250-9538376-3343010","UV-1111","EPRESINART UVレジン液 200g UV/LED対応 レジン 高い透明 詰替用 大容量 ハードタイプ DIY手作り装飾 急速に硬化 低アレ","1","amazon.jp","Amazon","","愛知県","470-013","","845","85","0","0","0","0","-9","0","0","0","-138","-252","0","0","531"
"2025/03/30 1:57:00 JST","11997262323","注文","249-7217560-2158232","UV-1111","EPRESINART UVレジン液 200g UV/LED対応 レジン 高い透明 詰替用 大容量 ハードタイプ DIY手作り装飾 急速に硬化 低アレ","1","amazon.jp","Amazon","","大阪府","598-002","","845","85","0","0","0","0","-9","0","0","0","-138","-252","0","0","531"
"2025/03/30 2:39:35 JST","11997262323","注文","503-7705399-8647056","UV-1111","EPRESINART UVレジン液 200g UV/LED対応 レジン 高い透明 詰替用 大容量 ハードタイプ DIY手作り装飾 急速に硬化 低アレ","1","amazon.jp","Amazon","","栃木県","328-011","","845","85","0","0","0","0","-9","0","0","0","-138","-252","0","0","531"
"2025/03/30 5:31:16 JST","11997262323","注文","249-0849445-8767035","UV-1111","EPRESINART UVレジン液 200g UV/LED対応 レジン 高い透明 詰替用 大容量 ハードタイプ DIY手作り装飾 急速に硬化 低アレ","1","amazon.jp","Amazon","","福島県","964-091","","845","85","0","0","0","0","-9","0","0","0","-138","-252","0","0","531"
"2025/03/30 18:23:21 JST","11997262323","注文","503-7457872-3908639","UV-1111","EPRESINART UVレジン液 200g UV/LED対応 レジン 高い透明 詰替用 大容量 ハードタイプ DIY手作り装飾 急速に硬化 低アレ","1","amazon.jp","Amazon","","三重県","511-111","","845","85","0","0","0","0","-9","0","0","0","-138","-252","0","0","531"
"2025/03/30 19:30:05 JST","11997262323","注文","503-0066216-4539032","UV-1111","EPRESINART UVレジン液 200g UV/LED対応 レジン 高い透明 詰替用 大容量 ハードタイプ DIY手作り装飾 急速に硬化 低アレ","1","amazon.jp","Amazon","","東京都","197-002","","845","85","0","0","0","0","-9","0","0","0","-138","-252","0","0","531"
"2025/03/30 21:04:37 JST","11997262323","注文","503-1871988-5035067","UV-1111","EPRESINART UVレジン液 200g UV/LED対応 レジン 高い透明 詰替用 大容量 ハードタイプ DIY手作り装飾 急速に硬化 低アレ","1","amazon.jp","Amazon","","東京都","125-005","","845","85","0","0","0","0","-9","0","0","0","-138","-252","0","0","531"
"2025/03/30 22:23:02 JST","11997262323","注文","250-4069459-8683801","UV-1111","EPRESINART UVレジン液 200g UV/LED対応 レジン 高い透明 詰替用 大容量 ハードタイプ DIY手作り装飾 急速に硬化 低アレ","1","amazon.jp","Amazon","","大阪府","599-824","","845","85","0","0","0","0","-9","0","0","0","-138","-252","0","0","531"
"2025/03/31 2:24:06 JST","11997262323","注文","250-6202743-0216601","UV-1111","EPRESINART UVレジン液 200g UV/LED対応 レジン 高い透明 詰替用 大容量 ハードタイプ DIY手作り装飾 急速に硬化 低アレ","1","amazon.jp","Amazon","","大阪府","576-001","","845","85","0","0","0","0","-9","-43","-4","0","-131","-252","0","0","491"
"2025/03/31 3:25:06 JST","11997262323","注文","250-9028331-7791017","UV-1111","EPRESINART UVレジン液 200g UV/LED対応 レジン 高い透明 詰替用 大容量 ハードタイプ DIY手作り装飾 急速に硬化 低アレ","1","amazon.jp","Amazon","","埼玉県","336-002","","845","85","0","0","0","0","-9","0","0","0","-138","-252","0","0","531"
"2025/03/31 3:54:45 JST","11997262323","注文","250-0860427-1082204","UV-1111","EPRESINART UVレジン液 200g UV/LED対応 レジン 高い透明 詰替用 大容量 ハードタイプ DIY手作り装飾 急速に硬化 低アレ","1","amazon.jp","Amazon","","千葉県","271-004","","845","85","0","0","0","0","-9","-43","-4","0","-131","-252","0","0","491"
"2025/03/31 6:52:09 JST","11997262323","注文","249-3738933-7189404","UV-1111","EPRESINART UVレジン液 200g UV/LED対応 レジン 高い透明 詰替用 大容量 ハードタイプ DIY手作り装飾 急速に硬化 低アレ","1","amazon.jp","Amazon","","福岡県","820-060","","845","85","0","0","0","0","-9","0","0","0","-138","-252","0","0","531"
"2025/03/31 7:17:13 JST","11997262323","振込み","","","末尾が795のアカウントへ","","","","","","","","0","0","0","0","0","0","0","0","0","0","0","0","0","-3,749","-3,749"
"2025/03/31 11:37:52 JST","11997262323","注文","250-0983419-4551838","UV-1111","EPRESINART UVレジン液 200g UV/LED対応 レジン 高い透明 詰替用 大容量 ハードタイプ DIY手作り装飾 急速に硬化 低アレ","1","amazon.jp","Amazon","","宮城県","989-321","","845","85","0","0","0","0","-9","0","0","0","-138","-252","0","0","531"
"2025/03/31 16:07:07 JST","11999782743","注文","250-0899034-1523061","UV-1111","EPRESINART UVレジン液 200g UV/LED対応 レジン 高い透明 詰替用 大容量 ハードタイプ DIY手作り装飾 急速に硬化 低アレ","1","amazon.jp","Amazon","","東京都","174-004","","845","85","0","0","0","0","-9","0","0","0","-138","-252","0","0","531"
"2025/03/31 22:01:14 JST","11999782743","注文","249-6126060-8680620","UV-1111","EPRESINART UVレジン液 200g UV/LED対応 レジン 高い透明 詰替用 大容量 ハードタイプ DIY手作り装飾 急速に硬化 低アレ","1","amazon.jp","Amazon","","兵庫県","656-215","","845","85","0","0","0","0","-9","0","0","0","-138","-252","0","0","531"
"2025/03/31 23:17:26 JST","11999782743","注文","503-2253924-1782227","UV-1111","EPRESINART UVレジン液 200g UV/LED対応 レジン 高い透明 詰替用 大容量 ハードタイプ DIY手作り装飾 急速に硬化 低アレ","1","amazon.jp","Amazon","","愛知県","470-037","","845","85","0","0","0","0","-9","0","0","0","-138","-252","0","0","531"
