﻿订单号,订单状态,批次订单号,子订单号,子订单状态,应履约件数,商品名称,SKU ID,SKC ID,SPU ID,SKU货号,商品属性,对接服务商,对接发货仓,收货人姓名,收货人联系方式,收货人备用联系方式,收货人邮箱,详细地址1,详细地址2,详细地址3,区县,城市,省份,收货地址邮编,国家,运单号,物流商,订单创建时间,订单确认时间,订单待发货时间,要求最晚发货时间,实际发货时间,预计送达时间,实际签收时间,备注
PO-211-09049066645031502,待发货,	,211-09049052227111502,待发货,1	,"JINH Epoxy Resin 2 Gallon, Upgraded Clear Epoxy Kit UV Resistant No Yellowing No Bubble Art Resin Casting Resin for Art Crafts, Jewelry Making, Wood & Resin Molds for DIY Art, Resin Art, Molds, Countertops (1 Gallon X 2)",5156955893	,6014627852	,338936458	,66-5G3T-ZOEC,2 GALLON (128oz A + 128oz B),	,	,Esther Jeffs,13145578633-1914,,elnh2v7kdu120a0@u.shipping.temuemail.com,15 SunnyBrook dr,,,,FREDONIA,AZ,86022	,United States,	,	,2025-03-31 23:27:10,2025-03-31 23:27:12,2025-04-01 22:23:56,2025-04-04 13:56:46,,2025-04-10 14:59:59,,
PO-211-14772097423910158,已发货,	,211-14772102666790158,已发货,1	,"Epoxy Resin 2 Gallon, Upgraded Crystal Clear Epoxy Kit UV Resistant No Bubble Self Leveling, 1 Gallon Resin And 1 Gallon Hardener Kit, Jewelry, Resin Art, Molds, Countertops Christmas, Halloween Gift",6213906307	,1292693764	,815295189	,66-5G3T-ZOEC,2gal/256oz/7.57L,	,	,Kimberly Vikara,13145820685-3014,,qfcfmkhtbm12002@u.shipping.temuemail.com,80 Labar Street,,,,SWOYERSVILLE,PA,18704	,United States,61290359305533697995	,FedEx,2025-03-31 00:08:40,2025-03-31 00:08:42,2025-03-31 00:38:42,2025-04-02 12:30:01,2025-03-31 09:30:48,2025-04-09 11:59:59,,
PO-211-14737126154790078,已发货,	,211-14737136640550078,已发货,1	,"Epoxy Resin 2 Gallon, Upgraded Crystal Clear Epoxy Kit UV Resistant No Bubble Self Leveling, 1 Gallon Resin And 1 Gallon Hardener Kit, Jewelry, Resin Art, Molds, Countertops Christmas, Halloween Gift",6213906307	,1292693764	,815295189	,66-5G3T-ZOEC,2gal/256oz/7.57L,	,	,Brandy Fleener,13145573662-7490,,smymki3dsy1203a@u.shipping.temuemail.com,1855 Hallum Ave,,,,TITUSVILLE,FL,32796-1771,United States,61290359305533697827	,FedEx,2025-03-30 08:12:42,2025-03-30 08:12:45,2025-03-30 08:42:45,2025-04-02 12:30:02,2025-03-31 09:30:47,2025-04-09 11:59:59,,
PO-211-03990417085992950,已发货,	,211-03990448543272950,已发货,1	,"JINH Epoxy Resin 2 Gallon, Upgraded Clear Epoxy Kit UV Resistant No Yellowing No Bubble Art Resin Casting Resin for Art Crafts, Jewelry Making, Wood & Resin Molds for DIY Art, Resin Art, Molds, Countertops (1 Gallon X 2)",5156955893	,6014627852	,338936458	,66-5G3T-ZOEC,2 GALLON (128oz A + 128oz B),	,	,Gloria Sheff,13146368718-9716,,dzfo7gfnla1209a@u.shipping.temuemail.com,490 Stevens Ave,,,,PLATTEVILLE,WI,53818-2717,United States,61290359305533697759	,FedEx,2025-03-30 06:51:12,2025-03-30 06:51:15,2025-03-30 07:21:16,2025-04-02 13:30:03,2025-03-31 09:30:46,2025-04-09 12:59:59,,
PO-211-03896183772713545,已发货,	,211-03896214246953545,已发货,1	,"Resina Epoxi 2 Galones, Kit de Resina Epoxi Transparente Mejorado Resistente a los Rayos UV Sin Burbujas Autonivelante, 1 Galón de Resina y 1 Galón de Endurecedor, Joyería, Arte en Resina, Moldes, Mesas, Regalo de Navidad, Halloween",6213906307	,1292693764	,815295189	,66-5G3T-ZOEC,"2 galones/256 onzas/7,57 litros",	,	,Luis macias,13145978771-8761,,i4grxhkorj1208b@u.shipping.temuemail.com,9912 23rd Avenue Ct S,k183,,,TACOMA,WA,98444-7729,United States,61290359305533697704	,FedEx,2025-03-29 16:29:57,2025-03-29 16:30:00,2025-03-29 18:00:12,2025-04-02 16:30:14,2025-03-31 09:30:46,2025-04-09 14:59:59,,
PO-211-18531150318632072,已发货,	,211-18531183086632072,已发货,1	,"JINH Epoxy Resin 2 Gallon, Upgraded Clear Epoxy Kit UV Resistant No Yellowing No Bubble Art Resin Casting Resin for Art Crafts, Jewelry Making, Wood & Resin Molds for DIY Art, Resin Art, Molds, Countertops (1 Gallon X 2)",5156955893	,6014627852	,338936458	,66-5G3T-ZOEC,2 GALLON (128oz A + 128oz B),	,	,Paula Jarvis,13145971486-9845,,fyeyiavviu12090@u.shipping.temuemail.com,2030 Douglas Hyatt Rd,,,,HORTON,AL,35980-9002,United States,61290359305532612005	,FedEx,2025-03-29 02:28:20,2025-03-29 02:28:25,2025-03-29 02:58:25,2025-04-02 13:30:04,2025-03-29 14:33:17,2025-04-09 12:59:59,,
PO-211-18280915640873788,已发货,	,211-18280936612393788,已发货,1	,"JINH Epoxy Resin 2 Gallon, Upgraded Clear Epoxy Kit UV Resistant No Yellowing No Bubble Art Resin Casting Resin for Art Crafts, Jewelry Making, Wood & Resin Molds for DIY Art, Resin Art, Molds, Countertops (1 Gallon X 2)",5156955893	,6014627852	,338936458	,66-5G3T-ZOEC,2 GALLON (128oz A + 128oz B),	,	,Keith Broyles,13146971836-2442,,ucqgjq4qhh12067@u.shipping.temuemail.com,5502 Champions Dr.,,,,LUFKIN,TX,75901	,United States,61290359305532611282	,FedEx,2025-03-28 15:37:22,2025-03-28 15:37:25,2025-03-28 16:07:25,2025-04-02 13:30:02,2025-03-29 14:33:16,2025-04-09 12:59:59,,
PO-211-01710160676390191,已签收,	,211-01710192133670191,已签收,1	,"Upgraded Crystal Clear 2 Gallon Epoxy Resin Kit - UV Resistant No Bubble Self Leveling - 1 Gallon Resin And 1 Gallon Hardener for Jewelry, Resin Art, Molds, Countertops, Christmas, Halloween Gift",6213906307	,1292693764	,815295189	,66-5G3T-ZOEC,2gal/256oz/7.57L,	,	,,,,,,,,,,,,,61290359305528369517	,FedEx,2025-03-26 07:39:30,2025-03-26 07:39:33,2025-03-26 08:09:33,2025-03-28 14:30:03,2025-03-26 09:27:18,2025-04-04 13:59:59,2025-03-29 01:16:14,
PO-211-02027397622312138,已签收,	,211-02027392379432138,已签收,1	,"Epoxy Resin 2 Gallon, Upgraded Crystal Clear Epoxy Kit UV Resistant No Bubble Self Leveling, 1 Gallon Resin And 1 Gallon Hardener Kit, Jewelry, Resin Art, Molds, Countertops Christmas, Halloween Gift",6213906307	,1292693764	,815295189	,66-5G3T-ZOEC,2gal/256oz/7.57L,	,	,,,,,,,,,,,,,61290359305528370575	,FedEx,2025-03-25 18:08:14,2025-03-25 18:08:16,2025-03-25 20:26:22,2025-03-28 15:18:08,2025-03-26 09:28:16,2025-04-04 12:59:59,2025-04-01 00:12:32,
PO-211-21047031964713428,已签收,	,211-21047168279593428,已签收,1	,"Epoxy Resin 2 Gallon, Upgraded Crystal Clear Epoxy Kit UV Resistant No Bubble Self Leveling, 1 Gallon Resin And 1 Gallon Hardener Kit, Jewelry, Resin Art, Molds, Countertops Christmas, Halloween Gift",6213906307	,1292693764	,815295189	,66-5G3T-ZOEC,2gal/256oz/7.57L,	,	,,,,,,,,,,,,,61290359305526991208	,FedEx,2025-03-24 19:13:25,2025-03-24 19:13:29,2025-03-24 21:31:35,2025-03-27 16:18:09,2025-03-25 09:24:15,2025-04-03 13:59:59,2025-03-29 06:03:30,
PO-211-04468306755113943,已发货,	,211-04468327726633943,已发货,1	,"JINH Epoxy Resin 2 Gallon, Upgraded Clear Epoxy Kit UV Resistant No Yellowing No Bubble Art Resin Casting Resin for Art Crafts, Jewelry Making, Wood & Resin Molds for DIY Art, Resin Art, Molds, Countertops (1 Gallon X 2)",5156955893	,6014627852	,338936458	,66-5G3T-ZOEC,2 GALLON (128oz A + 128oz B),	,	,George Anderson,13147102242-0260,,rxpxrda4yx120c8@u.shipping.temuemail.com,149 Winding Ridge Rd,,,,BLACK MOUNTAIN,NC,28711-9581,United States,61290359305525554701	,FedEx,2025-03-21 22:48:51,2025-03-21 22:48:53,2025-03-21 23:18:53,2025-03-26 12:30:01,2025-03-24 15:39:44,2025-04-02 11:59:59,,
PO-211-17140045847592172,已签收,	,211-17140104829992172,已签收,1	,[Crystal Clear Epoxy Resin Kit] 2 Gallon Upgraded Crystal Clear Epoxy Resin Kit - UV Resistant No Bubble Self Leveling - 1 Gallon Resin And 1 Gallon Hardener Kit,6213906307	,1292693764	,815295189	,66-5G3T-ZOEC,2gal/256oz/7.57L,	,	,,,,,,,,,,,,,61290359305522578885	,FedEx,2025-03-21 02:14:22,2025-03-21 02:14:24,2025-03-21 02:44:24,2025-03-25 13:30:01,2025-03-21 17:41:14,2025-04-01 12:59:59,2025-03-28 02:01:37,
PO-211-16956658586153491,已取消,	,211-16956726743593491,已取消,0	,"Upgraded Crystal Clear 2 Gallon Epoxy Resin Kit - UV Resistant No Bubble Self Leveling - 1 Gallon Resin And 1 Gallon Hardener for Jewelry, Resin Art, Molds, Countertops, Christmas, Halloween Gift",6213906307	,1292693764	,815295189	,66-5G3T-ZOEC,2gal/256oz/7.57L,	,	,,,,,,,,,,,,,	,	,2025-03-20 09:15:20,2025-03-20 09:15:22,2025-03-20 09:20:02,2025-03-22 14:04:41,,2025-03-29 13:59:59,,
PO-211-11614867971112304,已签收,	,211-11615031811112304,已签收,1	,"Epoxy Resin 1 Gallon, Crystal Clear Epoxy Resin Kit Non-Toxic Heat Resistant No Bubble Self Leveling, 64OZ Resin And 64OZ Hardener Kit For DIY Art, Jewelry, Molds, Resin Art, Countertops, 1:1 Ratio",7985693942	,2578580675	,161706747	,NX-22LX-ZGH5,1 Gallon,	,	,,,,,,,,,,,,,1Z0F57A20319648424,UPS,2025-03-19 03:11:22,2025-03-19 03:11:25,2025-03-19 03:41:25,2025-03-21 12:30:02,2025-03-19 20:45:45,2025-03-28 11:59:59,2025-03-22 01:35:42,
PO-211-11548283845672959,已签收,	,211-11548290399272959,已签收,1	,"Crystal Clear 1 Gallon Epoxy Resin Kit - Non-Toxic Heat Resistant No Bubble Self Leveling - 64OZ Resin And 64OZ Hardener For DIY Art, Jewelry, Molds, Resin Art, Halloween, Christmas Gift",5118906044	,9639828158	,744044095	,NX-22LX-ZGH5,1 gal/128oz/3785.4097ml,	,	,,,,,,,,,,,,,9361289718045845848518	,USPS,2025-03-19 02:51:19,2025-03-19 02:51:21,2025-03-19 03:21:21,2025-03-21 13:30:02,2025-03-20 14:13:12,2025-03-28 12:59:59,2025-03-24 02:00:30,
PO-211-11531247905832837,已签收,	,211-11531300334632837,已签收,1	,"[Cystal Clear Epoxy Resin Kit] 1 Gallon Crystal Clear Epoxy Resin Kit - Non-Toxic Heat Resistant No Bubble Self Leveling - 64OZ Resin And 64OZ Hardener Kit For DIY Art, Jewelry, Molds, Resin Art, Halloween, Christmas Gift",5118906044	,9639828158	,744044095	,NX-22LX-ZGH5,1 gal/128oz/3785.4097ml,	,	,,,,,,,,,,,,,TBA320122244583,Amazon Shipping + Amazon MCF,2025-03-18 22:30:36,2025-03-18 22:30:38,2025-03-18 23:00:38,2025-03-21 12:30:02,2025-03-20 14:25:47,2025-03-28 11:59:59,2025-03-23 03:24:12,
PO-211-11239542656550734,已取消,	,211-11239521685030734,已取消,0	,"Epoxy Resin 1 Gallon, Crystal Clear Epoxy Resin Kit Non-Toxic Heat Resistant No Bubble Self Leveling, 64OZ Resin And 64OZ Hardener Kit For DIY Art, Jewelry, Molds, Resin Art, Countertops, 1:1 Ratio",7985693942	,2578580675	,161706747	,NX-22LX-ZGH5,1 Gallon,	,	,,,,,,,,,,,,,	,	,2025-03-18 21:54:31,2025-03-18 21:54:34,2025-03-18 22:01:06,2025-03-21 12:06:34,,2025-03-28 11:59:59,,
PO-211-00143893141031079,已签收,	,211-00143940326951079,已签收,1	,"Crystal Clear 1 Gallon Epoxy Resin Kit - Non-Toxic Heat Resistant No Bubble Self Leveling - 64OZ Resin And 64OZ Hardener For DIY Art, Jewelry, Molds, Resin Art, Halloween, Christmas Gift",5118906044	,9639828158	,744044095	,NX-22LX-ZGH5,1 gal/128oz/3785.4097ml,	,	,,,,,,,,,,,,,TBA320073862775,Amazon Shipping + Amazon MCF,2025-03-17 12:01:19,2025-03-17 12:01:21,2025-03-17 12:31:21,2025-03-20 12:30:01,2025-03-18 10:02:20,2025-03-27 11:59:59,2025-03-19 08:21:44,
PO-211-00305409628710114,已签收,	,211-00305472543270114,已签收,1	,"Crystal Clear 1 Gallon Epoxy Resin Kit - Non-Toxic Heat Resistant No Bubble Self Leveling - 64OZ Resin And 64OZ Hardener For DIY Art, Jewelry, Molds, Resin Art, Halloween, Christmas Gift",5118906044	,9639828158	,744044095	,NX-22LX-ZGH5,1 gal/128oz/3785.4097ml,	,	,,,,,,,,,,,,,1Z093A4A0388813504,UPS,2025-03-17 08:34:48,2025-03-17 08:34:51,2025-03-17 09:04:51,2025-03-19 15:30:02,2025-03-18 15:44:15,2025-03-26 14:59:59,2025-03-25 07:40:25,
PO-211-19645737677353591,已签收,	,211-19645694751273591,已签收,1	,"Epoxy Resin 1 Gallon, Crystal Clear Epoxy Resin Kit Non-Toxic Heat Resistant No Bubble Self Leveling, 64OZ Resin And 64OZ Hardener Kit For DIY Art, Jewelry, Molds, Resin Art, Halloween, Christmas Gift",5118906044	,9639828158	,744044095	,NX-22LX-ZGH5,1 gal/128oz/3785.4097ml,	,	,,,,,,,,,,,,,TBA320070987544,Amazon Shipping + Amazon MCF,2025-03-17 03:42:33,2025-03-17 03:42:34,2025-03-17 04:12:35,2025-03-19 14:30:02,2025-03-18 07:55:32,2025-03-26 13:59:59,2025-03-20 04:34:49,
PO-211-19874653189672512,已签收,	,211-19874674161192512,已签收,1	,"Crystal Clear 1 Gallon Epoxy Resin Kit - Non-Toxic Heat Resistant No Bubble Self Leveling - 64OZ Resin And 64OZ Hardener For DIY Art, Jewelry, Molds, Resin Art, Halloween, Christmas Gift",5118906044	,9639828158	,744044095	,NX-22LX-ZGH5,1 gal/128oz/3785.4097ml,	,	,,,,,,,,,,,,,9361289680045726109613	,USPS,2025-03-17 03:08:11,2025-03-17 03:08:13,2025-03-17 05:26:19,2025-03-19 15:18:08,2025-03-17 23:14:20,2025-03-26 12:59:59,2025-03-19 07:29:51,
PO-211-19783102362153058,已签收,	,211-19783123333673058,已签收,1	,"Upgraded Crystal Clear 2 Gallon Epoxy Resin Kit - UV Resistant No Bubble Self Leveling - 1 Gallon Resin And 1 Gallon Hardener for Jewelry, Resin Art, Molds, Countertops, Christmas, Halloween Gift",6213906307	,1292693764	,815295189	,66-5G3T-ZOEC,2gal/256oz/7.57L,	,	,,,,,,,,,,,,,61290359305679913690	,FedEx,2025-03-16 11:26:08,2025-03-16 11:26:10,2025-03-16 11:56:10,2025-03-19 13:30:01,2025-03-17 09:53:21,2025-03-26 12:59:59,2025-03-21 07:59:09,
PO-211-08779914660392818,已取消,	,211-08779904174632818,已取消,0	,"Epoxy Resin 2 Gallon, Upgraded Crystal Clear Epoxy Kit UV Resistant No Bubble Self Leveling, 1 Gallon Resin And 1 Gallon Hardener Kit, Jewelry, Resin Art, Molds, Countertops Christmas, Halloween Gift",6213906307	,1292693764	,815295189	,66-5G3T-ZOEC,2gal/256oz/7.57L,	,	,,,,,,,,,,,,,	,	,2025-03-16 07:12:32,2025-03-16 07:12:35,2025-03-16 07:15:38,2025-03-19 12:03:05,,2025-03-26 11:59:59,,
PO-211-08611252941353857,已签收,	,211-08611282432553857,已签收,1	,"[Cystal Clear Epoxy Resin Kit] 1 Gallon Crystal Clear Epoxy Resin Kit - Non-Toxic Heat Resistant No Bubble Self Leveling - 64OZ Resin And 64OZ Hardener Kit For DIY Art, Jewelry, Molds, Resin Art, Halloween, Christmas Gift",5118906044	,9639828158	,744044095	,NX-22LX-ZGH5,1 gal/128oz/3785.4097ml,	,	,,,,,,,,,,,,,9361289698045748442834	,USPS,2025-03-15 20:14:55,2025-03-15 20:15:08,2025-03-15 20:45:08,2025-03-19 12:30:12,2025-03-18 11:17:04,2025-03-26 11:59:59,2025-03-20 01:51:09,
PO-211-08296017869351606,已签收,	,211-08296070298151606,已签收,1	,"Crystal Clear 1 Gallon Epoxy Resin Kit - Non-Toxic Heat Resistant No Bubble Self Leveling - 64OZ Resin And 64OZ Hardener For DIY Art, Jewelry, Molds, Resin Art, Halloween, Christmas Gift",5118906044	,9639828158	,744044095	,NX-22LX-ZGH5,1 gal/128oz/3785.4097ml,	,	,,,,,,,,,,,,,1Z87VW990351961274,UPS,2025-03-15 14:56:30,2025-03-15 14:56:32,2025-03-15 16:26:45,2025-03-19 16:30:14,2025-03-18 22:25:14,2025-03-26 14:59:59,2025-03-26 05:30:34,
PO-211-08520001418790305,已签收,	,211-08520006661670305,已签收,1	,"Epoxy Resin 2 Gallon, Upgraded Crystal Clear Epoxy Kit UV Resistant No Bubble Self Leveling, 1 Gallon Resin And 1 Gallon Hardener Kit, Jewelry, Resin Art, Molds, Countertops Christmas, Halloween Gift",6213906307	,1292693764	,815295189	,66-5G3T-ZOEC,2gal/256oz/7.57L,	,	,,,,,,,,,,,,,61290359305679913065	,FedEx,2025-03-15 11:39:46,2025-03-15 11:39:49,2025-03-15 12:09:49,2025-03-19 15:30:02,2025-03-17 09:53:15,2025-03-26 14:59:59,2025-03-21 02:25:44,
PO-211-13983156373030764,已签收,	,211-13983292687910764,已签收,1	,"Crystal Clear 1 Gallon Epoxy Resin Kit - Non-Toxic Heat Resistant No Bubble Self Leveling - 64OZ Resin And 64OZ Hardener For DIY Art, Jewelry, Molds, Resin Art, Halloween, Christmas Gift",5118906044	,9639828158	,744044095	,NX-22LX-ZGH5,1 gal/128oz/3785.4097ml,	,	,,,,,,,,,,,,,TBA320033282173,Amazon Shipping + Amazon MCF,2025-03-15 05:29:53,2025-03-15 05:29:56,2025-03-15 07:00:08,2025-03-19 13:30:14,2025-03-16 13:43:21,2025-03-26 11:59:59,2025-03-19 02:29:46,
PO-211-14188961311273378,已发货,	,211-14188987525673378,已发货,1	,"Epoxy Resin 2 Gallon Kit - Upgraded Crystal Clear, UV Resistant, No Bubble, Self Leveling - 1 Gallon Resin & 1 Gallon Hardener - For Jewelry, Resin Art, Molds, Countertops - Perfect Gift for Christmas & Halloween",6213906307	,1292693764	,815295189	,66-5G3T-ZOEC,2gal/256oz/7.57L,	,	,ROBERT BERMAN,13145577762-4252,,ey4rxqrqtn120b6@u.shipping.temuemail.com,10 Elizabeth St,,,,SHELTON,CT,06484	,United States,61290359305678448247	,FedEx,2025-03-15 04:16:23,2025-03-15 04:16:24,2025-03-15 04:46:24,2025-03-19 12:30:00,2025-03-15 09:42:15,2025-03-26 11:59:59,,
PO-211-13921797601830842,已签收,	,211-13921816607270842,已签收,1	,"Epoxy Resin 1 Gallon, Crystal Clear Epoxy Resin Kit Non-Toxic Heat Resistant No Bubble Self Leveling, 64OZ Resin And 64OZ Hardener Kit For DIY Art, Jewelry, Molds, Resin Art, Countertops, 1:1 Ratio",7985693942	,2578580675	,161706747	,NX-22LX-ZGH5,1 Gallon,	,	,,,,,,,,,,,,,TBA320011508921,Amazon Shipping + Amazon MCF,2025-03-15 02:27:53,2025-03-15 02:27:57,2025-03-15 03:58:10,2025-03-19 14:30:16,2025-03-15 12:24:06,2025-03-26 12:59:59,2025-03-19 09:43:49,
PO-211-14003028163110358,已签收,	,211-14003054377510358,已签收,2	,"Upgraded Crystal Clear 2 Gallon Epoxy Resin Kit - UV Resistant No Bubble Self Leveling - 1 Gallon Resin And 1 Gallon Hardener for Jewelry, Resin Art, Molds, Countertops, Christmas, Halloween Gift",6213906307	,1292693764	,815295189	,66-5G3T-ZOEC,2gal/256oz/7.57L,	,	,,,,,,,,,,,,,772734220530	,FedEx,2025-03-14 17:20:10,2025-03-14 17:20:12,2025-03-14 17:50:12,2025-03-19 13:30:01,2025-03-15 09:42:15,2025-03-26 12:59:59,2025-03-21 05:57:04,
PO-211-13857757860391480,已签收,	,211-13857744753191480,已签收,1	,"Crystal Clear 1 Gallon Epoxy Resin Kit - Non-Toxic Heat Resistant No Bubble Self Leveling - 64OZ Resin And 64OZ Hardener For DIY Art, Jewelry, Molds, Resin Art, Halloween, Christmas Gift",5118906044	,9639828158	,744044095	,NX-22LX-ZGH5,1 gal/128oz/3785.4097ml,	,	,,,,,,,,,,,,,TBA320010990205,Amazon Shipping + Amazon MCF,2025-03-14 13:28:32,2025-03-14 13:28:36,2025-03-14 13:58:36,2025-03-18 14:30:03,2025-03-15 11:54:10,2025-03-25 13:59:59,2025-03-21 12:03:33,
PO-211-13800006313511568,已签收,	,211-13799985341991568,已签收,1	,"Upgraded Crystal Clear 2 Gallon Epoxy Resin Kit - UV Resistant No Bubble Self Leveling - 1 Gallon Resin And 1 Gallon Hardener for Jewelry, Resin Art, Molds, Countertops, Christmas, Halloween Gift",6213906307	,1292693764	,815295189	,66-5G3T-ZOEC,2gal/256oz/7.57L,	,	,,,,,,,,,,,,,9234690369359706304655	,USPS,2025-03-14 12:19:00,2025-03-14 12:19:03,2025-03-14 13:49:15,2025-03-18 14:30:14,2025-03-15 09:42:14,2025-03-25 12:59:59,2025-03-26 01:09:48,
PO-211-14134954414633700,已取消,	,211-14134933443113700,已取消,0	,"Epoxy Resin 1 Gallon, Crystal Clear Epoxy Resin Kit Non-Toxic Heat Resistant No Bubble Self Leveling, 64OZ Resin And 64OZ Hardener Kit For DIY Art, Jewelry, Molds, Resin Art, Countertops, 1:1 Ratio",7985693942	,2578580675	,161706747	,NX-22LX-ZGH5,1 Gallon,	,	,,,,,,,,,,,,,	,	,2025-03-14 10:04:55,2025-03-14 10:04:56,2025-03-14 10:12:16,2025-03-18 12:07:20,,2025-03-25 11:59:59,,
PO-211-03393809070632154,已签收,	,211-03393788099112154,已签收,1	,"Epoxy Resin 1 Gallon, Crystal Clear Epoxy Resin Kit Non-Toxic Heat Resistant No Bubble Self Leveling, 64OZ Resin And 64OZ Hardener Kit For DIY Art, Jewelry, Molds, Resin Art, Countertops, 1:1 Ratio",7985693942	,2578580675	,161706747	,NX-22LX-ZGH5,1 Gallon,	,	,,,,,,,,,,,,,1Z87VW990351804336,UPS,2025-03-13 21:13:14,2025-03-13 21:15:30,2025-03-13 21:45:30,2025-03-18 14:32:15,2025-03-14 14:42:20,2025-03-25 13:59:59,2025-03-19 08:52:34,
PO-211-18662242453032541,已签收,	,211-18662204442152541,已签收,1	,"Epoxy Resin 1 Gallon, Crystal Clear Epoxy Resin Kit Non-Toxic Heat Resistant No Bubble Self Leveling, 64OZ Resin And 64OZ Hardener Kit For DIY Art, Jewelry, Molds, Resin Art, Countertops, 1:1 Ratio",5118906044	,9639828158	,744044095	,NX-22LX-ZGH5,1 gal/128oz/3785.4097ml,	,	,,,,,,,,,,,,,9361289718345570875897	,USPS,2025-03-13 04:46:45,2025-03-13 04:46:49,2025-03-13 05:16:49,2025-03-15 13:30:03,2025-03-14 03:31:46,2025-03-22 12:59:59,2025-03-16 05:18:23,
PO-211-18609724769832596,已签收,	,211-18609735255592596,已签收,1	,"Crystal Clear 1 Gallon Epoxy Resin Kit - Non-Toxic Heat Resistant No Bubble Self Leveling - 64OZ Resin And 64OZ Hardener For DIY Art, Jewelry, Molds, Resin Art, Halloween, Christmas Gift",5118906044	,9639828158	,744044095	,NX-22LX-ZGH5,1 gal/128oz/3785.4097ml,	,	,,,,,,,,,,,,,TBA319992809207,Amazon Shipping + Amazon MCF,2025-03-13 02:25:26,2025-03-13 02:25:28,2025-03-13 02:55:28,2025-03-15 12:30:01,2025-03-14 14:01:14,2025-03-22 11:59:59,2025-03-15 00:11:15,
PO-211-19217441723431054,已签收,	,211-19217420751911054,已签收,1	,"Epoxy Resin 1 Gallon, Crystal Clear Epoxy Resin Kit Non-Toxic Heat Resistant No Bubble Self Leveling, 64OZ Resin And 64OZ Hardener Kit For DIY Art, Jewelry, Molds, Resin Art, Halloween, Christmas Gift",5118906044	,9639828158	,744044095	,NX-22LX-ZGH5,1 gal/128oz/3785.4097ml,	,	,,,,,,,,,,,,,TBA319967870196,Amazon Shipping + Amazon MCF,2025-03-13 02:00:32,2025-03-13 02:00:35,2025-03-13 02:30:35,2025-03-15 15:30:02,2025-03-13 11:31:59,2025-03-22 14:59:59,2025-03-18 07:14:19,
PO-211-18918342600230788,已签收,	,211-18918374057510788,已签收,1	,"Crystal Clear 1 Gallon Epoxy Resin Kit - Non-Toxic Heat Resistant No Bubble Self Leveling - 64OZ Resin And 64OZ Hardener For DIY Art, Jewelry, Molds, Resin Art, Halloween, Christmas Gift",5118906044	,9639828158	,744044095	,NX-22LX-ZGH5,1 gal/128oz/3785.4097ml,	,	,,,,,,,,,,,,,9361289719945566647409	,USPS,2025-03-13 01:49:43,2025-03-13 01:49:45,2025-03-13 02:19:45,2025-03-15 13:30:01,2025-03-14 01:48:23,2025-03-22 12:59:59,2025-03-17 08:10:53,
PO-211-19000705587750267,已签收,	,211-19000713452070267,已签收,1	,"Epoxy Resin 1 Gallon, Crystal Clear Epoxy Resin Kit Non-Toxic Heat Resistant No Bubble Self Leveling, 64OZ Resin And 64OZ Hardener Kit For DIY Art, Jewelry, Molds, Resin Art, Halloween, Christmas Gift",5118906044	,9639828158	,744044095	,NX-22LX-ZGH5,1 gal/128oz/3785.4097ml,	,	,,,,,,,,,,,,,9361289690045529810003	,USPS,2025-03-12 12:08:29,2025-03-12 12:08:31,2025-03-12 12:38:32,2025-03-15 12:30:02,2025-03-13 07:53:11,2025-03-22 11:59:59,2025-03-15 00:14:40,
PO-211-07572112653352851,已签收,	,211-07572096924712851,已签收,1	,"Epoxy Resin 1 Gallon, Crystal Clear Epoxy Resin Kit Non-Toxic Heat Resistant No Bubble Self Leveling, 64OZ Resin And 64OZ Hardener Kit For DIY Art, Jewelry, Molds, Resin Art, Halloween, Christmas Gift",5118906044	,9639828158	,744044095	,NX-22LX-ZGH5,1 gal/128oz/3785.4097ml,	,	,,,,,,,,,,,,,TBA319972285996,Amazon Shipping + Amazon MCF,2025-03-12 00:37:47,2025-03-12 00:37:49,2025-03-12 02:08:02,2025-03-14 13:30:14,2025-03-13 15:41:32,2025-03-21 11:59:59,2025-03-16 04:42:31,
PO-211-07900276547113231,已签收,	,211-07900245089833231,已签收,1	,"Epoxy Resin 1 Gallon, Crystal Clear Epoxy Resin Kit Non-Toxic Heat Resistant No Bubble Self Leveling, 64OZ Resin And 64OZ Hardener Kit For DIY Art, Jewelry, Molds, Resin Art, Countertops, 1:1 Ratio",7985693942	,2578580675	,161706747	,NX-22LX-ZGH5,1 Gallon,	,	,,,,,,,,,,,,,TBA319947932404,Amazon Shipping + Amazon MCF,2025-03-12 00:20:47,2025-03-12 00:20:50,2025-03-12 00:50:50,2025-03-14 12:30:03,2025-03-12 12:43:03,2025-03-21 11:59:59,2025-03-17 06:26:06,
PO-211-07671291520552546,已签收,	,211-07671281034792546,已签收,1	,"Epoxy Resin 1 Gallon, Crystal Clear Epoxy Resin Kit Non-Toxic Heat Resistant No Bubble Self Leveling, 64OZ Resin And 64OZ Hardener Kit For DIY Art, Jewelry, Molds, Resin Art, Countertops, 1:1 Ratio",7985693942	,2578580675	,161706747	,NX-22LX-ZGH5,1 Gallon,	,	,,,,,,,,,,,,,TBA319951350940,Amazon Shipping + Amazon MCF,2025-03-12 00:14:04,2025-03-12 00:14:08,2025-03-12 01:44:20,2025-03-14 14:30:15,2025-03-13 16:34:20,2025-03-21 12:59:59,2025-03-15 05:07:47,
PO-211-07749244160553843,已签收,	,211-07749296589353843,已签收,1	,"Epoxy Resin 1 Gallon, Crystal Clear Epoxy Resin Kit Non-Toxic Heat Resistant No Bubble Self Leveling, 64OZ Resin And 64OZ Hardener Kit For DIY Art, Jewelry, Molds, Resin Art, Countertops, 1:1 Ratio",7985693942	,2578580675	,161706747	,NX-22LX-ZGH5,1 Gallon,	,	,,,,,,,,,,,,,61290359305674969616	,FedEx,2025-03-11 15:19:53,2025-03-11 15:19:54,2025-03-11 15:49:55,2025-03-14 15:30:01,2025-03-12 09:42:17,2025-03-21 14:59:59,2025-03-15 04:41:18,
PO-211-13382126013993325,已签收,	,211-13382089313833325,已签收,1	,"Epoxy Resin 1 Gallon, Crystal Clear Epoxy Resin Kit Non-Toxic Heat Resistant No Bubble Self Leveling, 64OZ Resin And 64OZ Hardener Kit For DIY Art, Jewelry, Molds, Resin Art, Halloween, Christmas Gift",5118906044	,9639828158	,744044095	,NX-22LX-ZGH5,1 gal/128oz/3785.4097ml,	,	,,,,,,,,,,,,,61290359305673728504	,FedEx,2025-03-11 00:06:53,2025-03-11 00:06:55,2025-03-11 00:36:56,2025-03-13 13:30:02,2025-03-11 09:27:45,2025-03-20 12:59:59,2025-03-21 03:17:08,
PO-211-13264827428394022,已签收,	,211-13264832671274022,已签收,1	,"Crystal Clear 1 Gallon Epoxy Resin Kit - Non-Toxic Heat Resistant No Bubble Self Leveling - 64OZ Resin And 64OZ Hardener For DIY Art, Jewelry, Molds, Resin Art, Halloween, Christmas Gift",5118906044	,9639828158	,744044095	,NX-22LX-ZGH5,1 gal/128oz/3785.4097ml,	,	,,,,,,,,,,,,,61290359305673728481	,FedEx,2025-03-10 23:41:47,2025-03-10 23:41:48,2025-03-11 00:11:49,2025-03-13 12:30:02,2025-03-11 09:27:44,2025-03-20 11:59:59,2025-03-19 08:45:45,
PO-211-13161192735272304,已取消,	,211-13161203221032304,已取消,0	,"Epoxy Resin 1 Gallon, Crystal Clear Epoxy Resin Kit Non-Toxic Heat Resistant No Bubble Self Leveling, 64OZ Resin And 64OZ Hardener Kit For DIY Art, Jewelry, Molds, Resin Art, Halloween, Christmas Gift",5118906044	,9639828158	,744044095	,NX-22LX-ZGH5,1 gal/128oz/3785.4097ml,	,	,,,,,,,,,,,,,	,	,2025-03-10 08:37:40,2025-03-10 08:37:44,2025-03-10 08:42:33,2025-03-12 12:04:52,,2025-03-19 11:59:59,,
PO-211-02464487253030527,已签收,	,211-02464550167590527,已签收,1	,"Resina Epoxi 1 Galón, Kit de Resina Epoxi Transparente No Tóxica Resistente al Calor Sin Burbujas Autonivelante, Kit de Resina de 64OZ y Endurecedor de 64OZ para Arte DIY, Joyería, Moldes, Arte de Resina, Halloween, Regalo de Navidad",5118906044	,9639828158	,744044095	,NX-22LX-ZGH5,"1 galón/128oz/3785,4097ml",	,	,,,,,,,,,,,,,61290359305671212463	,FedEx,2025-03-10 06:31:38,2025-03-10 06:31:40,2025-03-10 07:01:41,2025-03-12 12:30:02,2025-03-10 09:58:47,2025-03-19 11:59:59,2025-03-16 06:07:32,
PO-211-02412605565990834,已签收,	,211-02412710423590834,已签收,1	,"Epoxy Resin 1 Gallon, Crystal Clear Epoxy Resin Kit Non-Toxic Heat Resistant No Bubble Self Leveling, 64OZ Resin And 64OZ Hardener Kit For DIY Art, Jewelry, Molds, Resin Art, Countertops, 1:1 Ratio",7985693942	,2578580675	,161706747	,NX-22LX-ZGH5,1 Gallon,	,	,,,,,,,,,,,,,61290359305671212425	,FedEx,2025-03-10 02:32:58,2025-03-10 02:33:01,2025-03-10 04:03:13,2025-03-12 13:30:14,2025-03-10 09:58:47,2025-03-19 11:59:59,2025-03-18 00:53:31,
PO-211-02086101734953068,已签收,	,211-02086122706473068,已签收,1	,"Epoxy Resin 1 Gallon Kit - Crystal Clear, Non-Toxic, Heat Resistant, Self Leveling - 64OZ Resin & 64OZ Hardener - For DIY Art, Jewelry, Molds, Resin Art - Perfect Gift for Halloween & Christmas",5118906044	,9639828158	,744044095	,NX-22LX-ZGH5,1 gal/128oz/3785.4097ml,	,	,,,,,,,,,,,,,61290359305671212432	,FedEx,2025-03-09 13:54:59,2025-03-09 13:55:02,2025-03-09 14:25:02,2025-03-12 14:30:02,2025-03-10 09:58:47,2025-03-19 13:59:59,2025-03-14 02:05:34,
PO-211-02087810693673058,已签收,	,211-02087779236393058,已签收,1	,"Crystal Clear Epoxy Resin Kit - 1 Gallon, Non-Toxic, Heat Resistant, Self-Leveling, 1:1 Ratio, 64OZ Resin & 64OZ Hardener for DIY Art, Jewelry, Molds",7985693942	,2578580675	,161706747	,NX-22LX-ZGH5,1 Gallon,	,	,,,,,,,,,,,,,61290359305671212401	,FedEx,2025-03-09 10:35:58,2025-03-09 10:36:00,2025-03-09 11:06:01,2025-03-12 13:30:02,2025-03-10 09:58:46,2025-03-19 12:59:59,2025-03-14 07:05:50,
PO-211-21740452024870321,已签收,	,211-21740460544550321,已签收,1	,"Crystal Clear Epoxy Resin Kit - 1 Gallon, Non-Toxic, Heat Resistant, Self-Leveling, 1:1 Ratio, 64OZ Resin & 64OZ Hardener for DIY Art, Jewelry, Molds",7985693942	,2578580675	,161706747	,NX-22LX-ZGH5,1 Gallon,	,	,,,,,,,,,,,,,9234690369359701181428	,USPS,2025-03-09 07:43:07,2025-03-09 07:43:10,2025-03-09 08:13:10,2025-03-12 13:30:03,2025-03-10 09:58:45,2025-03-19 12:59:59,2025-03-18 01:01:08,
PO-211-21571885916713372,已签收,	,211-21571875430953372,已签收,1	,"Upgraded Crystal Clear 2 Gallon Epoxy Resin Kit - UV Resistant No Bubble Self Leveling - 1 Gallon Resin And 1 Gallon Hardener for Jewelry, Resin Art, Molds, Countertops, Christmas, Halloween Gift",6213906307	,1292693764	,815295189	,66-5G3T-ZOEC,2gal/256oz/7.57L,	,	,,,,,,,,,,,,,61290359305671212364	,FedEx,2025-03-09 06:48:45,2025-03-09 06:48:49,2025-03-09 07:18:50,2025-03-12 13:30:04,2025-03-10 09:58:46,2025-03-19 12:59:59,2025-03-14 23:38:12,
PO-211-21513496945193976,已签收,	,211-21513502188073976,已签收,1	,"Epoxy Resin 1 Gallon, Crystal Clear Epoxy Resin Kit Non-Toxic Heat Resistant No Bubble Self Leveling, 64OZ Resin And 64OZ Hardener Kit For DIY Art, Jewelry, Molds, Resin Art, Halloween, Christmas Gift",5118906044	,9639828158	,744044095	,NX-22LX-ZGH5,1 gal/128oz/3785.4097ml,	,	,,,,,,,,,,,,,61290359305671212326	,FedEx,2025-03-08 21:55:35,2025-03-08 21:55:38,2025-03-08 22:25:38,2025-03-12 12:30:02,2025-03-10 09:58:46,2025-03-19 11:59:59,2025-03-19 03:34:26,
PO-211-10473873912872227,已取消,	,211-10473928963112227,已取消,1	,"Crystal Clear Epoxy Resin Kit - 1 Gallon, Non-Toxic, Heat Resistant, Self-Leveling, 1:1 Ratio, 64OZ Resin & 64OZ Hardener for DIY Art, Jewelry, Molds",7985693942	,2578580675	,161706747	,NX-22LX-ZGH5,1 Gallon,	,	,,,,,,,,,,,,,61290359305671212265	,FedEx,2025-03-08 06:56:07,2025-03-08 06:56:10,2025-03-08 07:26:10,2025-03-12 15:30:03,2025-03-10 09:58:45,2025-03-19 14:59:59,,
PO-211-15807418445352917,已签收,	,211-15807360773672917,已签收,1	,"Crystal Clear 1 Gallon Epoxy Resin Kit - Non-Toxic Heat Resistant No Bubble Self Leveling - 64OZ Resin And 64OZ Hardener For DIY Art, Jewelry, Molds, Resin Art, Halloween, Christmas Gift",5118906044	,9639828158	,744044095	,NX-22LX-ZGH5,1 gal/128oz/3785.4097ml,	,	,,,,,,,,,,,,,61290359305669138720	,FedEx,2025-03-06 16:17:56,2025-03-06 16:17:57,2025-03-06 16:47:57,2025-03-11 13:30:01,2025-03-07 14:02:16,2025-03-18 12:59:59,2025-03-12 23:33:01,
PO-211-17697585293351891,已取消,	,211-17697540728871891,已取消,0	,"Epoxy Resin 1 Gallon Kit - Crystal Clear, Non-Toxic, Heat Resistant, Self Leveling - 64OZ Resin & 64OZ Hardener - For DIY Art, Jewelry, Molds, Resin Art - Perfect Gift for Halloween & Christmas",5118906044	,9639828158	,744044095	,NX-22LX-ZGH5,1 gal/128oz/3785.4097ml,	,	,,,,,,,,,,,,,	,	,2025-03-05 05:23:00,2025-03-05 05:23:03,2025-03-05 06:15:41,2025-03-07 14:52:41,,2025-03-14 12:59:59,,
PO-211-17622029023270293,已签收,	,211-17622008051750293,已签收,1	,"Epoxy Resin 2 Gallon, Upgraded Crystal Clear Epoxy Kit UV Resistant No Bubble Self Leveling, 1 Gallon Resin And 1 Gallon Hardener Kit, Jewelry, Resin Art, Molds, Countertops Christmas, Halloween Gift",6213906307	,1292693764	,815295189	,66-5G3T-ZOEC,2gal/256oz/7.57L,	,	,,,,,,,,,,,,,61290359305665986516	,FedEx,2025-03-05 04:56:53,2025-03-05 04:56:55,2025-03-05 05:26:55,2025-03-07 16:30:02,2025-03-05 09:40:22,2025-03-14 14:59:59,2025-03-09 07:57:17,
PO-211-17653904437030103,已签收,	,211-17653872979750103,已签收,1	,"Epoxy Resin 1 Gallon, Crystal Clear Epoxy Resin Kit Non-Toxic Heat Resistant No Bubble Self Leveling, 64OZ Resin And 64OZ Hardener Kit For DIY Art, Jewelry, Molds, Resin Art, Countertops, 1:1 Ratio",7985693942	,2578580675	,161706747	,NX-22LX-ZGH5,1 Gallon,	,	,,,,,,,,,,,,,61290359305665986356	,FedEx,2025-03-05 02:13:55,2025-03-05 02:13:58,2025-03-05 04:32:04,2025-03-07 15:18:08,2025-03-05 09:40:16,2025-03-14 11:59:59,2025-03-12 02:02:59,
PO-211-17842857166631025,已签收,	,211-17842870273831025,已签收,1	,"Crystal Clear 1 Gallon Epoxy Resin Kit - Non-Toxic Heat Resistant No Bubble Self Leveling - 64OZ Resin And 64OZ Hardener For DIY Art, Jewelry, Molds, Resin Art, Halloween, Christmas Gift",5118906044	,9639828158	,744044095	,NX-22LX-ZGH5,1 gal/128oz/3785.4097ml,	,	,,,,,,,,,,,,,61290359305665986363	,FedEx,2025-03-05 02:01:14,2025-03-05 02:01:16,2025-03-05 02:31:16,2025-03-07 13:30:01,2025-03-05 09:40:17,2025-03-14 11:59:59,2025-03-14 04:20:03,
PO-211-17732686943271969,已取消,	,211-17732692186151969,已取消,0	,"Crystal Clear 1 Gallon Epoxy Resin Kit - Non-Toxic Heat Resistant No Bubble Self Leveling - 64OZ Resin And 64OZ Hardener For DIY Art, Jewelry, Molds, Resin Art, Halloween, Christmas Gift",5118906044	,9639828158	,744044095	,NX-22LX-ZGH5,1 gal/128oz/3785.4097ml,	,	,,,,,,,,,,,,,	,	,2025-03-04 19:05:04,2025-03-04 19:05:07,2025-03-04 21:23:13,2025-03-07 15:18:08,,2025-03-14 11:59:59,,
PO-211-17813137265191488,已签收,	,211-17813189693991488,已签收,1	,"에폭시 수지 2 갤런, 업그레이드된 크리스탈 클리어 에폭시 키트 자외선 저항성 무버블 자체 평평화, 1 갤런 수지 및 1 갤런 경화제 키트, 주얼리, 수지 아트, 몰드, 조리대 크리스마스, 할로윈 선물",6213906307	,1292693764	,815295189	,66-5G3T-ZOEC,2갤런/256온스/7.57리터,	,	,,,,,,,,,,,,,61290359305665986325	,FedEx,2025-03-04 11:19:07,2025-03-04 11:19:09,2025-03-04 11:49:09,2025-03-06 14:30:01,2025-03-05 09:40:16,2025-03-13 12:59:59,2025-03-09 04:43:20,
PO-211-17358642217513911,已签收,	,211-17358617313833911,已签收,1	,"[Cystal Clear Epoxy Resin Kit] 1 Gallon Crystal Clear Epoxy Resin Kit - Non-Toxic Heat Resistant No Bubble Self Leveling - 64OZ Resin And 64OZ Hardener Kit For DIY Art, Jewelry, Molds, Resin Art, Halloween, Christmas Gift",5118906044	,9639828158	,744044095	,NX-22LX-ZGH5,1 gal/128oz/3785.4097ml,	,	,,,,,,,,,,,,,61290359305665986301	,FedEx,2025-03-04 09:19:39,2025-03-04 09:19:51,2025-03-04 09:49:51,2025-03-06 13:30:11,2025-03-05 09:40:15,2025-03-13 11:59:59,2025-03-10 22:41:44,
PO-211-06366490574633925,已签收,	,211-06366522031913925,已签收,1	,"Upgraded Crystal Clear 2 Gallon Epoxy Resin Kit - UV Resistant No Bubble Self Leveling - 1 Gallon Resin And 1 Gallon Hardener for Jewelry, Resin Art, Molds, Countertops, Christmas, Halloween Gift",6213906307	,1292693764	,815295189	,66-5G3T-ZOEC,2gal/256oz/7.57L,	,	,,,,,,,,,,,,,61290359305664697253	,FedEx,2025-03-04 05:49:41,2025-03-04 05:49:43,2025-03-04 06:19:43,2025-03-06 13:30:01,2025-03-04 09:30:17,2025-03-13 11:59:59,2025-03-13 04:29:56,
PO-211-06406090989353657,已签收,	,211-06406104096553657,已签收,1	,"Epoxy Resin 1 Gallon, Crystal Clear Epoxy Resin Kit Non-Toxic Heat Resistant No Bubble Self Leveling, 64OZ Resin And 64OZ Hardener Kit For DIY Art, Jewelry, Molds, Resin Art, Halloween, Christmas Gift",5118906044	,9639828158	,744044095	,NX-22LX-ZGH5,1 gal/128oz/3785.4097ml,	,	,,,,,,,,,,,,,61290359305664697215	,FedEx,2025-03-04 02:28:55,2025-03-04 02:28:58,2025-03-04 02:58:58,2025-03-06 13:30:02,2025-03-04 09:30:16,2025-03-13 11:59:59,2025-03-11 00:59:52,
PO-211-06800767588391337,已签收,	,211-06800788559911337,已签收,1	,"Upgraded Crystal Clear 2 Gallon Epoxy Resin Kit - UV Resistant No Bubble Self Leveling - 1 Gallon Resin And 1 Gallon Hardener for Jewelry, Resin Art, Molds, Countertops, Christmas, Halloween Gift",6213906307	,1292693764	,815295189	,66-5G3T-ZOEC,2gal/256oz/7.57L,	,	,,,,,,,,,,,,,61290359305664697208	,FedEx,2025-03-03 23:11:15,2025-03-03 23:11:16,2025-03-03 23:41:17,2025-03-06 13:30:02,2025-03-04 09:30:16,2025-03-13 11:59:59,2025-03-11 22:24:08,
PO-211-06591825014310532,已签收,	,211-06591814528550532,已签收,1	,"Epoxy Resin 1 Gallon Kit - Crystal Clear, Non-Toxic, Heat Resistant, Self Leveling - 64OZ Resin & 64OZ Hardener - For DIY Art, Jewelry, Molds, Resin Art - Perfect Gift for Halloween & Christmas",5118906044	,9639828158	,744044095	,NX-22LX-ZGH5,1 gal/128oz/3785.4097ml,	,	,,,,,,,,,,,,,61290359305664016511	,FedEx,2025-03-03 11:33:16,2025-03-03 11:33:18,2025-03-03 13:51:25,2025-03-05 15:18:08,2025-03-03 18:52:45,2025-03-12 11:59:59,2025-03-11 02:14:00,
PO-211-06809704860711507,已签收,	,211-06809734351911507,已签收,1	,"Epoxy Resin 1 Gallon, Crystal Clear Epoxy Resin Kit Non-Toxic Heat Resistant No Bubble Self Leveling, 64OZ Resin And 64OZ Hardener Kit For DIY Art, Jewelry, Molds, Resin Art, Halloween, Christmas Gift",5118906044	,9639828158	,744044095	,NX-22LX-ZGH5,1 gal/128oz/3785.4097ml,	,	,,,,,,,,,,,,,61290359305664016528	,FedEx,2025-03-03 11:30:37,2025-03-03 11:31:38,2025-03-03 12:01:38,2025-03-05 13:31:01,2025-03-03 18:52:45,2025-03-12 11:59:59,2025-03-11 23:30:40,
PO-211-06223661292072953,已签收,	,211-06223640320552953,已签收,1	,"[Cystal Clear Epoxy Resin Kit] 1 Gallon Crystal Clear Epoxy Resin Kit - Non-Toxic Heat Resistant No Bubble Self Leveling - 64OZ Resin And 64OZ Hardener Kit For DIY Art, Jewelry, Molds, Resin Art, Halloween, Christmas Gift",5118906044	,9639828158	,744044095	,NX-22LX-ZGH5,1 gal/128oz/3785.4097ml,	,	,,,,,,,,,,,,,61290359305664016351	,FedEx,2025-03-03 09:04:33,2025-03-03 09:04:36,2025-03-03 09:34:36,2025-03-05 16:30:02,2025-03-03 18:52:22,2025-03-12 14:59:59,2025-03-05 04:57:31,
PO-211-11938365201193736,已签收,	,211-11938470058793736,已签收,1	,"Epoxy Resin 2 Gallon, Upgraded Crystal Clear Epoxy Kit UV Resistant No Bubble Self Leveling, 1 Gallon Resin And 1 Gallon Hardener Kit, Jewelry, Resin Art, Molds, Countertops Christmas, Halloween Gift",6213906307	,1292693764	,815295189	,66-5G3T-ZOEC,2gal/256oz/7.57L,	,	,,,,,,,,,,,,,61290359305662149983	,FedEx,2025-03-03 07:59:02,2025-03-03 07:59:05,2025-03-03 08:29:05,2025-03-05 13:30:02,2025-03-03 10:11:45,2025-03-12 11:59:59,2025-03-08 05:01:04,
PO-211-11954569521193384,已签收,	,211-11954595735593384,已签收,1	,"Epoxy Resin 1 Gallon Kit - Crystal Clear, Non-Toxic, Heat Resistant, Self Leveling - 64OZ Resin & 64OZ Hardener - For DIY Art, Jewelry, Molds, Resin Art - Perfect Gift for Halloween & Christmas",5118906044	,9639828158	,744044095	,NX-22LX-ZGH5,1 gal/128oz/3785.4097ml,	,	,,,,,,,,,,,,,61290359305664016344	,FedEx,2025-03-03 07:14:25,2025-03-03 07:14:28,2025-03-03 09:32:34,2025-03-05 15:18:08,2025-03-03 18:52:22,2025-03-12 11:59:59,2025-03-11 00:07:04,
PO-211-12290255351591353,已签收,	,211-12290253385511353,已签收,1	,"Epoxy Resin 2 Gallon, Upgraded Crystal Clear Epoxy Kit UV Resistant No Bubble Self Leveling, 1 Gallon Resin And 1 Gallon Hardener Kit, Jewelry, Resin Art, Molds, Countertops Christmas, Halloween Gift",6213906307	,1292693764	,815295189	,66-5G3T-ZOEC,2gal/256oz/7.57L,	,	,,,,,,,,,,,,,61290359305662149389	,FedEx,2025-03-03 06:07:05,2025-03-03 06:07:08,2025-03-03 07:37:21,2025-03-05 17:30:15,2025-03-03 10:11:27,2025-03-12 14:59:59,2025-03-06 03:11:36,
PO-211-12266083186471785,已签收,	,211-12266151343911785,已签收,1	,"Epoxy Resin 1 Gallon Kit - Crystal Clear, Non-Toxic, Heat Resistant, Self Leveling - 64OZ Resin & 64OZ Hardener - For DIY Art, Jewelry, Molds, Resin Art - Perfect Gift for Halloween & Christmas",5118906044	,9639828158	,744044095	,NX-22LX-ZGH5,1 gal/128oz/3785.4097ml,	,	,,,,,,,,,,,,,61290359305662145305	,FedEx,2025-03-03 05:58:31,2025-03-03 05:58:33,2025-03-03 06:28:33,2025-03-05 13:30:01,2025-03-03 10:10:15,2025-03-12 11:59:59,2025-03-12 02:30:33,
PO-211-12137930825510501,已签收,	,211-12137909853990501,已签收,1	,"Epoxy Resin 1 Gallon, Crystal Clear Epoxy Resin Kit Non-Toxic Heat Resistant No Bubble Self Leveling, 64OZ Resin And 64OZ Hardener Kit For DIY Art, Jewelry, Molds, Resin Art, Halloween, Christmas Gift",5118906044	,9639828158	,744044095	,NX-22LX-ZGH5,1 gal/128oz/3785.4097ml,	,	,,,,,,,,,,,,,9234690369359612623857	,USPS,2025-03-03 04:57:37,2025-03-03 04:57:40,2025-03-03 05:27:40,2025-03-05 14:30:02,2025-03-03 10:09:49,2025-03-12 12:59:59,2025-03-11 04:26:32,
PO-211-11902368192553697,已签收,	,211-11902360328233697,已签收,1	,"Upgraded Crystal Clear 2 Gallon Epoxy Resin Kit - UV Resistant No Bubble Self Leveling - 1 Gallon Resin And 1 Gallon Hardener for Jewelry, Resin Art, Molds, Countertops, Christmas, Halloween Gift",6213906307	,1292693764	,815295189	,66-5G3T-ZOEC,2gal/256oz/7.57L,	,	,,,,,,,,,,,,,61290359305662149310	,FedEx,2025-03-03 02:06:37,2025-03-03 02:06:39,2025-03-03 02:36:40,2025-03-05 13:30:02,2025-03-03 10:11:26,2025-03-12 11:59:59,2025-03-08 04:18:12,
PO-211-11801778348072470,已签收,	,211-11801914662952470,已签收,1	,"Epoxy Resin 1 Gallon, Crystal Clear Epoxy Resin Kit Non-Toxic Heat Resistant No Bubble Self Leveling, 64OZ Resin And 64OZ Hardener Kit For DIY Art, Jewelry, Molds, Resin Art, Halloween, Christmas Gift",5118906044	,9639828158	,744044095	,NX-22LX-ZGH5,1 gal/128oz/3785.4097ml,	,	,,,,,,,,,,,,,61290359305662144575	,FedEx,2025-03-03 01:29:43,2025-03-03 01:29:45,2025-03-03 01:59:46,2025-03-05 13:30:02,2025-03-03 10:09:49,2025-03-12 11:59:59,2025-03-12 07:42:12,
PO-211-12341371209511078,已签收,	,211-12341481309991078,已签收,1	,"Crystal Clear 1 Gallon Epoxy Resin Kit - Non-Toxic Heat Resistant No Bubble Self Leveling - 64OZ Resin And 64OZ Hardener For DIY Art, Jewelry, Molds, Resin Art, Halloween, Christmas Gift",5118906044	,9639828158	,744044095	,NX-22LX-ZGH5,1 gal/128oz/3785.4097ml,	,	,,,,,,,,,,,,,61290359305662144551	,FedEx,2025-03-02 22:52:35,2025-03-02 22:52:38,2025-03-02 23:22:38,2025-03-05 15:30:02,2025-03-03 10:09:49,2025-03-12 13:59:59,2025-03-06 08:27:12,
PO-211-12363529853991202,已签收,	,211-12363592768551202,已签收,2	,"[Cystal Clear Epoxy Resin Kit] 1 Gallon Crystal Clear Epoxy Resin Kit - Non-Toxic Heat Resistant No Bubble Self Leveling - 64OZ Resin And 64OZ Hardener Kit For DIY Art, Jewelry, Molds, Resin Art, Halloween, Christmas Gift",5118906044	,9639828158	,744044095	,NX-22LX-ZGH5,1 gal/128oz/3785.4097ml,	,	,,,,,,,,,,,,,61290359305662144537	,FedEx,2025-03-02 14:28:01,2025-03-02 14:28:04,2025-03-02 14:58:04,2025-03-05 13:30:02,2025-03-03 10:09:49,2025-03-12 11:59:59,2025-03-08 02:12:55,
PO-211-12113167698470358,已签收,	,211-12113304013350358,已签收,4	,"Upgraded Crystal Clear 2 Gallon Epoxy Resin Kit - UV Resistant No Bubble Self Leveling - 1 Gallon Resin And 1 Gallon Hardener for Jewelry, Resin Art, Molds, Countertops, Christmas, Halloween Gift",6213906307	,1292693764	,815295189	,66-5G3T-ZOEC,2gal/256oz/7.57L,	,	,,,,,,,,,,,,,772422177832	,FedEx,2025-03-02 10:27:51,2025-03-02 10:27:52,2025-03-02 10:57:52,2025-03-05 14:30:00,2025-03-03 10:11:27,2025-03-12 12:59:59,2025-03-07 10:48:23,
PO-211-12183461540390197,已签收,	,211-12183472026150197,已签收,1	,"Crystal Clear 1 Gallon Epoxy Resin Kit - Non-Toxic Heat Resistant No Bubble Self Leveling - 64OZ Resin And 64OZ Hardener For DIY Art, Jewelry, Molds, Resin Art, Halloween, Christmas Gift",5118906044	,9639828158	,744044095	,NX-22LX-ZGH5,1 gal/128oz/3785.4097ml,	,	,,,,,,,,,,,,,61290359305662144513	,FedEx,2025-03-02 09:39:59,2025-03-02 09:40:02,2025-03-02 11:58:08,2025-03-05 16:18:08,2025-03-03 10:09:48,2025-03-12 12:59:59,2025-03-08 03:35:36,
PO-211-00842239634472290,已签收,	,211-00842277645352290,已签收,1	,"Epoxy Resin 1 Gallon Kit - Crystal Clear, Non-Toxic, Heat Resistant, Self Leveling - 64OZ Resin & 64OZ Hardener - For DIY Art, Jewelry, Molds, Resin Art - Perfect Gift for Halloween & Christmas",5118906044	,9639828158	,744044095	,NX-22LX-ZGH5,1 gal/128oz/3785.4097ml,	,	,,,,,,,,,,,,,61290359305662144490	,FedEx,2025-03-02 07:05:03,2025-03-02 07:05:05,2025-03-02 07:35:05,2025-03-05 16:30:01,2025-03-03 10:09:48,2025-03-12 14:59:59,2025-03-07 06:13:28,
PO-211-00778792115752383,已签收,	,211-00778771144232383,已签收,1	,"[Cystal Clear Epoxy Resin Kit] 1 Gallon Crystal Clear Epoxy Resin Kit - Non-Toxic Heat Resistant No Bubble Self Leveling - 64OZ Resin And 64OZ Hardener Kit For DIY Art, Jewelry, Molds, Resin Art, Halloween, Christmas Gift",5118906044	,9639828158	,744044095	,NX-22LX-ZGH5,1 gal/128oz/3785.4097ml,	,	,,,,,,,,,,,,,61290359305662144476	,FedEx,2025-03-02 05:54:43,2025-03-02 05:54:44,2025-03-02 06:24:45,2025-03-05 13:30:01,2025-03-03 10:09:48,2025-03-12 11:59:59,2025-03-08 04:08:16,
PO-211-01125964124710345,已签收,	,211-01125977231910345,已签收,1	,"Epoxy Resin 2 Gallon Kit - Upgraded Crystal Clear, UV Resistant, No Bubble, Self Leveling - 1 Gallon Resin & 1 Gallon Hardener - For Jewelry, Resin Art, Molds, Countertops - Perfect Gift for Christmas & Halloween",6213906307	,1292693764	,815295189	,66-5G3T-ZOEC,2gal/256oz/7.57L,	,	,,,,,,,,,,,,,61290359305662148016	,FedEx,2025-03-02 03:32:32,2025-03-02 03:32:35,2025-03-02 04:02:35,2025-03-05 14:30:03,2025-03-03 10:11:15,2025-03-12 12:59:59,2025-03-08 10:45:04,
PO-211-00689201275432917,已签收,	,211-00689190789672917,已签收,1	,"Crystal Clear 1 Gallon Epoxy Resin Kit - Non-Toxic Heat Resistant No Bubble Self Leveling - 64OZ Resin And 64OZ Hardener For DIY Art, Jewelry, Molds, Resin Art, Halloween, Christmas Gift",5118906044	,9639828158	,744044095	,NX-22LX-ZGH5,1 gal/128oz/3785.4097ml,	,	,,,,,,,,,,,,,61290359305662144469	,FedEx,2025-03-02 02:37:38,2025-03-02 02:37:40,2025-03-02 03:07:40,2025-03-05 14:30:01,2025-03-03 10:09:47,2025-03-12 12:59:59,2025-03-07 02:02:54,
PO-211-01252538473511607,已签收,	,211-01252509637671607,已签收,1	,"[Cystal Clear Epoxy Resin Kit] 1 Gallon Crystal Clear Epoxy Resin Kit - Non-Toxic Heat Resistant No Bubble Self Leveling - 64OZ Resin And 64OZ Hardener Kit For DIY Art, Jewelry, Molds, Resin Art, Halloween, Christmas Gift",5118906044	,9639828158	,744044095	,NX-22LX-ZGH5,1 gal/128oz/3785.4097ml,	,	,,,,,,,,,,,,,61290359305662144438	,FedEx,2025-03-02 01:56:53,2025-03-02 01:56:59,2025-03-02 02:26:59,2025-03-05 13:30:05,2025-03-03 10:09:47,2025-03-12 11:59:59,2025-03-10 00:18:36,
PO-211-00997462049833159,已签收,	,211-00997514478633159,已签收,1	,"Crystal Clear 1 Gallon Epoxy Resin Kit - Non-Toxic Heat Resistant No Bubble Self Leveling - 64OZ Resin And 64OZ Hardener For DIY Art, Jewelry, Molds, Resin Art, Halloween, Christmas Gift",5118906044	,9639828158	,744044095	,NX-22LX-ZGH5,1 gal/128oz/3785.4097ml,	,	,,,,,,,,,,,,,61290359305662144445	,FedEx,2025-03-02 00:16:21,2025-03-02 00:16:33,2025-03-02 00:46:33,2025-03-05 13:30:11,2025-03-03 10:09:47,2025-03-12 11:59:59,2025-03-11 23:13:36,
PO-211-00804916503592515,已签收,	,211-00804832617512515,已签收,1	,"Epoxy Resin 1 Gallon Kit - Crystal Clear, Non-Toxic, Heat Resistant, Self Leveling - 64OZ Resin & 64OZ Hardener - For DIY Art, Jewelry, Molds, Resin Art - Perfect Gift for Halloween & Christmas",5118906044	,9639828158	,744044095	,NX-22LX-ZGH5,1 gal/128oz/3785.4097ml,	,	,,,,,,,,,,,,,61290359305662144421	,FedEx,2025-03-02 00:00:54,2025-03-02 00:00:58,2025-03-02 00:30:58,2025-03-05 15:30:03,2025-03-03 10:09:46,2025-03-12 13:59:59,2025-03-07 08:58:09,
PO-211-01063119429670942,已签收,	,211-01063166615590942,已签收,1	,"Crystal Clear 1 Gallon Epoxy Resin Kit - Non-Toxic Heat Resistant No Bubble Self Leveling - 64OZ Resin And 64OZ Hardener For DIY Art, Jewelry, Molds, Resin Art, Halloween, Christmas Gift",5118906044	,9639828158	,744044095	,NX-22LX-ZGH5,1 gal/128oz/3785.4097ml,	,	,,,,,,,,,,,,,61290359305662144391	,FedEx,2025-03-01 23:34:07,2025-03-01 23:34:09,2025-03-02 01:04:22,2025-03-05 14:30:14,2025-03-03 10:09:46,2025-03-12 11:59:59,2025-03-12 06:14:23,
PO-211-01283367329831679,已签收,	,211-01283335872551679,已签收,2	,"Crystal Clear 1 Gallon Epoxy Resin Kit - Non-Toxic Heat Resistant No Bubble Self Leveling - 64OZ Resin And 64OZ Hardener For DIY Art, Jewelry, Molds, Resin Art, Halloween, Christmas Gift",5118906044	,9639828158	,744044095	,NX-22LX-ZGH5,1 gal/128oz/3785.4097ml,	,	,,,,,,,,,,,,,61290359305662144322	,FedEx,2025-03-01 22:30:10,2025-03-01 22:30:13,2025-03-01 23:00:13,2025-03-05 13:30:02,2025-03-03 10:09:46,2025-03-12 11:59:59,2025-03-11 23:48:54,
PO-211-00942281871913742,已签收,	,211-00942344786473742,已签收,1	,"Epoxy Resin 1 Gallon, Crystal Clear Epoxy Resin Kit Non-Toxic Heat Resistant No Bubble Self Leveling, 64OZ Resin And 64OZ Hardener Kit For DIY Art, Jewelry, Molds, Resin Art, Countertops, 1:1 Ratio",7985693942	,2578580675	,161706747	,NX-22LX-ZGH5,1 Gallon,	,	,,,,,,,,,,,,,61290359305660597915	,FedEx,2025-03-01 15:50:34,2025-03-01 15:50:36,2025-03-01 16:20:36,2025-03-05 14:30:01,2025-03-01 17:22:22,2025-03-12 12:59:59,2025-03-08 01:56:03,
PO-211-00938546691113764,已签收,	,211-00938551933993764,已签收,1	,"Epoxy Resin 1 Gallon, Crystal Clear Epoxy Resin Kit Non-Toxic Heat Resistant No Bubble Self Leveling, 64OZ Resin And 64OZ Hardener Kit For DIY Art, Jewelry, Molds, Resin Art, Countertops, 1:1 Ratio",7985693942	,2578580675	,161706747	,NX-22LX-ZGH5,1 Gallon,	,	,,,,,,,,,,,,,61290359305660597908	,FedEx,2025-03-01 09:10:53,2025-03-01 09:10:55,2025-03-01 11:29:02,2025-03-05 15:18:08,2025-03-01 17:22:22,2025-03-12 11:59:59,2025-03-12 01:32:00,
PO-211-20478961993511982,已签收,	,211-20479024662311982,已签收,1	,"Crystal Clear 1 Gallon Epoxy Resin Kit - Non-Toxic Heat Resistant No Bubble Self Leveling - 64OZ Resin And 64OZ Hardener For DIY Art, Jewelry, Molds, Resin Art, Halloween, Christmas Gift",5118906044	,9639828158	,744044095	,NX-22LX-ZGH5,1 gal/128oz/3785.4097ml,	,	,,,,,,,,,,,,,61290359305660597885	,FedEx,2025-03-01 07:34:58,2025-03-01 07:35:01,2025-03-01 09:53:07,2025-03-05 15:18:08,2025-03-01 17:22:16,2025-03-12 11:59:59,2025-03-10 22:47:32,
PO-211-20329666705190568,已签收,	,211-20329706682150568,已签收,1	,"Crystal Clear Epoxy Resin Kit - 1 Gallon, Non-Toxic, Heat Resistant, Self-Leveling, 1:1 Ratio, 64OZ Resin & 64OZ Hardener for DIY Art, Jewelry, Molds",7985693942	,2578580675	,161706747	,NX-22LX-ZGH5,1 Gallon,	,	,,,,,,,,,,,,,61290359305660597878	,FedEx,2025-03-01 04:25:31,2025-03-01 04:25:32,2025-03-01 04:55:33,2025-03-05 14:30:01,2025-03-01 17:22:16,2025-03-12 12:59:59,2025-03-08 11:46:12,
PO-211-20169248540713828,已签收,	,211-20169300969513828,已签收,2	,"Epoxy Resin 1 Gallon, Crystal Clear Epoxy Resin Kit Non-Toxic Heat Resistant No Bubble Self Leveling, 64OZ Resin And 64OZ Hardener Kit For DIY Art, Jewelry, Molds, Resin Art, Halloween, Christmas Gift",5118906044	,9639828158	,744044095	,NX-22LX-ZGH5,1 gal/128oz/3785.4097ml,	,	,,,,,,,,,,,,,61290359305660597861	,FedEx,2025-03-01 02:09:44,2025-03-01 02:09:46,2025-03-01 02:39:47,2025-03-05 14:30:02,2025-03-01 17:22:16,2025-03-12 12:59:59,2025-03-07 07:20:24,