﻿"Includes Amazon Marketplace, Fulfillment by Amazon (FBA), and Amazon Webstore transactions"
"All amounts in CAD, unless specified"
"Definitions:"
"Sales tax collected: Includes sales tax collected from buyers for product sales, shipping, and gift wrap."
"Selling fees: Includes variable closing fees and referral fees."
"Other transaction fees: Includes shipping chargebacks and shipping holdbacks."
"Other: Includes non-order transaction amounts. For more details, see the ""Type"" and ""Description"" columns for each order ID."
"date/time","settlement id","type","order id","sku","description","quantity","marketplace","fulfillment","order city","order state","order postal","tax collection model","product sales","product sales tax","shipping credits","shipping credits tax","gift wrap credits","gift wrap credits tax","Regulatory fee","Tax on regulatory fee","promotional rebates","promotional rebates tax","marketplace withheld tax","selling fees","fba fees","other transaction fees","other","total"
"Mar 6, 2025 1:16:41 a.m. PST","22968307581","Refund","702-1712043-7993052","BUTI-US-1 Gal","Epoxy Resin Crystal Clear 1 Gallon Kit, Self Leveling Bubbles Free Coating and Casting Resin and Hardener for Countertop, Table Top, Crafts, DIY Art,","1","amazon.ca","Amazon","Dryden","Ontario","P8N 2M","","0","0","0","0","0","0","0","0","0","0","0","0","0","0","0","0"
"Mar 11, 2025 11:06:18 p.m. PDT","22968307581","Service Fee","","","Subscription","","Amazon.ca","","","","","","0","0","0","0","0","0","0","0","0","0","0","0","0","0","-9.50","-9.50"
"Mar 20, 2025 1:33:18 a.m. PDT","22968307581","Refund","701-3505370-6684222","JB-861A-AXL8","UV Resin 500g UV Epoxy Resin Crystal Clear Ultraviolet Curing Epoxy Resin Kit for DIY Jewelry Making, Craft Decoration - Hard UV Glue Solar Cure Sunli","1","amazon.ca","Amazon","Montreal","Quebec","H2H 1Z","","0","0","0","0","0","0","0","0","0","0","0","0","0","0","0","0"
"Mar 20, 2025 2:04:17 a.m. PDT","23083174061","Debt","","","amzn1.cam.v1.sgid.22968307581","","","","","","","","0","0","0","0","0","0","0","0","0","0","0","0","0","0","9.50","9.50"
"Mar 20, 2025 2:04:17 a.m. PDT","23083174061","Debt","","","amzn1.cam.v1.sgid.22858372511","","","","","","","","0","0","0","0","0","0","0","0","0","0","0","0","0","0","0.50","0.50"
