﻿"Einschließlich Transaktionen zu Amazon Marketplace, Versand durch Amazon und Amazon Webstore"
"Alle Beträge in Euro sofern nicht anders gekennzeichnet"
"Definitionen:"
"Eingezogene Umsatzsteuer: Einschließlich von Käufern eingezogene Umsatzsteuer für Produktverkäufe, Versand und Geschenkverpackung."
"Verkaufsgebühren: Beinhaltet variable Abschlussgebühren und Werbekostenerstattungen."
"Andere Transaktionsgebühren: Einschließlich Ausgleichsbuchungen für Versand und Versandgebühren."
"Andere: Enthält Beträge zu Transaktionen, die nicht auf eine Bestellung bezogen sind. Weitere Details finden Sie zu jeder Bestellung in den Spalten ""Typ"" und ""Beschreibung""."
"Datum/Uhrzeit","Abrechnungsnummer","Typ","Bestellnummer","SKU","Beschreibung","Menge","Marketplace","Versand","Ort der Bestellung","Bundesland","Postleitzahl","Steuererhebungsmodell","Umsätze","Produktumsatzsteuer","Gutschrift für Versandkosten","Steuer auf Versandgutschrift","Gutschrift für Geschenkverpackung","Steuer auf Geschenkverpackungsgutschriften","Rabatte aus Werbeaktionen","Steuer auf Aktionsrabatte","Einbehaltene Steuer auf Marketplace","Verkaufsgebühren","Gebühren zu Versand durch Amazon","Andere Transaktionsgebühren","Andere","Gesamt"
"01.03.2025 16:09:59 UTC","24347707382","Bestellung","306-7284373-8348356","9W-G2D2-1J3T","BUTIRESIN Epoxidharz Set, 32oz/948ml, Transparent, Ungiftig, 1: 1-Verhältnis; Lebensmittelecht Und Geruchsarm, Blasenfrei,Beschichten, Kunst","1","amazon.de","Amazon","Kirch Jesar","","19230","MarketplaceFacilitator","19,74","3,75","0","0","0","0","-3,95","-0,75","-3,00","-2,44","-4,13","0","0","9,22"
"01.03.2025 20:55:51 UTC","24347707382","Bestellung","304-5476709-1930709","L8-JVRH-OZ94","EPRESINART Epoxidharz, 36oz/1064ml 1:1 Ratio, Ungiftiges, klares Epoxidharz Holz Kit, Kunstgestaltung, Restaurierung, Wandfliesen, Bodenbeläge","1","amazon.de","Amazon","Lossatal/OT Körlitz","Sachsen","04808","MarketplaceFacilitator","23,94","4,55","0","0","0","0","0","0","-4,55","-3,70","-4,13","0","0","16,11"
"01.03.2025 22:33:03 UTC","24347707382","Bestellung","302-2498906-3340344","L8-JVRH-OZ94","EPRESINART Epoxidharz, 36oz/1064ml 1:1 Ratio, Ungiftiges, klares Epoxidharz Holz Kit, Kunstgestaltung, Restaurierung, Wandfliesen, Bodenbeläge","1","amazon.de","Amazon","Aichach","Bayern","86551","MarketplaceFacilitator","23,94","4,55","0","0","0","0","0","0","-4,55","-3,70","-4,13","0","0","16,11"
"01.03.2025 23:16:48 UTC","24347707382","Bestellung","303-1886005-2701953","L8-JVRH-OZ94","EPRESINART Epoxidharz, 36oz/1064ml 1:1 Ratio, Ungiftiges, klares Epoxidharz Holz Kit, Kunstgestaltung, Restaurierung, Wandfliesen, Bodenbeläge","1","amazon.de","Amazon","Kamen","","59174","MarketplaceFacilitator","23,94","4,55","3,35","0,64","0","0","0","0","-5,19","-3,70","-7,37","0","0","16,22"
"01.03.2025 23:44:33 UTC","24347707382","Bestellung","304-8831418-0688364","9W-G2D2-1J3T","BUTIRESIN Epoxidharz Set, 32oz/948ml, Transparent, Ungiftig, 1: 1-Verhältnis; Lebensmittelecht Und Geruchsarm, Blasenfrei,Beschichten, Kunst","1","amazon.de","Amazon","Mülheim an der Ruhr","Nordrhein-Westfalen","45470","MarketplaceFacilitator","19,74","3,75","0","0","0","0","-3,95","-0,75","-3,00","-2,44","-4,13","0","0","9,22"
"02.03.2025 04:19:59 UTC","24347707382","Servicegebühr","","","Werbekosten","","","","","","","","0","0","0","0","0","0","0","0","0","0","0","-134,00","0","-134,00"
"02.03.2025 23:56:32 UTC","24347707382","Erstattung","305-1723486-6417910","L7-UJO5-2Z9P","BUTIRESIN Epoxidharz Set, 16oz/474ml, transparent, ungiftig, 1: 1-Verhältnis; einfach zu mischendes Harz, Lebensmittelecht und geruchsarm, blasenfrei","1","amazon.de","Amazon","Krefeld","","47839","MarketplaceFacilitator","-12,76","-2,43","0","0","0","0","1,92","0,36","2,07","1,34","0","0","0","-9,50"
"03.03.2025 04:53:27 UTC","24347707382","Bestellung","303-6204872-4317108","9W-G2D2-1J3T","BUTIRESIN Epoxidharz Set, 32oz/948ml, Transparent, Ungiftig, 1: 1-Verhältnis; Lebensmittelecht Und Geruchsarm, Blasenfrei,Beschichten, Kunst","1","amazon.de","Amazon","Krostitz","","04509","MarketplaceFacilitator","23,94","4,55","0","0","0","0","-4,79","-0,91","-3,64","-2,96","-4,13","0","0","12,06"
"03.03.2025 20:34:32 UTC","24347707382","Bestellung","305-4749977-5645912","L7-UJO5-2Z9P","BUTIRESIN Epoxidharz Set, 16oz/474ml, transparent, ungiftig, 1: 1-Verhältnis; einfach zu mischendes Harz, Lebensmittelecht und geruchsarm, blasenfrei","1","amazon.de","Amazon","Osnabrück","","49082","MarketplaceFacilitator","12,76","2,43","0","0","0","0","-1,92","-0,36","-2,07","-1,68","-3,51","0","0","5,65"
"03.03.2025 21:48:44 UTC","24347707382","Bestellung","303-9390378-3845903","L8-JVRH-OZ94","EPRESINART Epoxidharz, 36oz/1064ml 1:1 Ratio, Ungiftiges, klares Epoxidharz Holz Kit, Kunstgestaltung, Restaurierung, Wandfliesen, Bodenbeläge","1","amazon.de","Amazon","Maria Anzbach","","3034","MarketplaceFacilitator","23,94","4,79","0","0","0","0","0","0","-4,79","-3,70","-4,13","0","0","16,11"
"03.03.2025 23:53:31 UTC","24347707382","Bestellung","302-6931791-6173913","L7-UJO5-2Z9P","BUTIRESIN Epoxidharz Set, 16oz/474ml, transparent, ungiftig, 1: 1-Verhältnis; einfach zu mischendes Harz, Lebensmittelecht und geruchsarm, blasenfrei","1","amazon.de","Amazon","Cluj Napoca","Cluj","","MarketplaceFacilitator","10,24","1,95","2,45","0,46","0","0","-3,99","-0,75","-1,66","-1,35","-3,51","0","0","3,84"
"04.03.2025 16:46:52 UTC","24347707382","Erstattung","305-9622375-4757137","L8-JVRH-OZ94","EPRESINART Epoxidharz, 36oz/1064ml 1:1 Ratio, Ungiftiges, klares Epoxidharz Holz Kit, Kunstgestaltung, Restaurierung, Wandfliesen, Bodenbeläge","1","amazon.de","Amazon","Stuttgart","Baden Württemberg","70565","MarketplaceFacilitator","-23,94","-4,55","0","0","0","0","0","0","4,55","2,96","0","0","0","-20,98"
"04.03.2025 20:44:24 UTC","24347707382","Bestellung","306-9928902-1753162","L8-JVRH-OZ94","EPRESINART Epoxidharz, 36oz/1064ml 1:1 Ratio, Ungiftiges, klares Epoxidharz Holz Kit, Kunstgestaltung, Restaurierung, Wandfliesen, Bodenbeläge","1","amazon.de","Amazon","Berlin","","10969","MarketplaceFacilitator","23,94","4,55","0","0","0","0","0","0","-4,55","-3,70","-4,13","0","0","16,11"
"04.03.2025 21:06:12 UTC","24347707382","Bestellung","028-6520540-3085114","9W-G2D2-1J3T","BUTIRESIN Epoxidharz Set, 32oz/948ml, Transparent, Ungiftig, 1: 1-Verhältnis; Lebensmittelecht Und Geruchsarm, Blasenfrei,Beschichten, Kunst","1","amazon.de","Amazon","Logatec","","","MarketplaceFacilitator","19,74","4,34","3,41","0,75","0","0","-7,36","-1,62","-3,47","-2,50","-4,13","0","0","9,16"
"04.03.2025 21:07:16 UTC","24347707382","Bestellung","028-8659463-3715501","EPR-EU1G","EPRESINART Epoxidharz Set,3785ml Ungiftig Epoxidharz Klar Gießharz,1:1 Guss kristallklarer Epoxy Resin Klar Set fur Deko Tischplatte,Holz,Schmuck Art","1","amazon.de","Amazon","Vaterstetten","","85591","MarketplaceFacilitator","55,87","10,62","0","0","0","0","0","0","-10,62","-8,64","-5,69","0","0","41,54"
"04.03.2025 21:38:57 UTC","24347707382","Bestellung","028-1656862-5542731","L7-UJO5-2Z9P","BUTIRESIN Epoxidharz Set, 16oz/474ml, transparent, ungiftig, 1: 1-Verhältnis; einfach zu mischendes Harz, Lebensmittelecht und geruchsarm, blasenfrei","1","amazon.de","Amazon","Paderborn","Nordrhein-Westfalen","33100","MarketplaceFacilitator","10,24","1,95","0","0","0","0","-1,54","-0,29","-1,66","-1,35","-3,51","0","0","3,84"
"04.03.2025 21:45:54 UTC","24347707382","Bestellung","028-1566492-2367545","L7-UJO5-2Z9P","BUTIRESIN Epoxidharz Set, 16oz/474ml, transparent, ungiftig, 1: 1-Verhältnis; einfach zu mischendes Harz, Lebensmittelecht und geruchsarm, blasenfrei","1","amazon.de","Amazon","Illingen","Baden-Württemberg","75428","MarketplaceFacilitator","10,24","1,95","3,35","0,64","0","0","-1,54","-0,29","-2,30","-1,35","-6,78","0","0","3,92"
"04.03.2025 21:57:26 UTC","24347707382","Bestellung","302-9953470-9161906","EPO-110116","EPRESINART Epoxidharz Set Anfänger, 18oz/532ml Ungiftig Epoxidharz Klar Gießharz Set, 1: 1-Verhältnis Epoxy Resin fur Holz, Schmuck Art, Deko Tisch","1","amazon.de","Amazon","Dülmen","","48249","MarketplaceFacilitator","14,28","2,71","0","0","0","0","0","0","-2,71","-2,21","-3,51","0","0","8,56"
"04.03.2025 22:01:48 UTC","24347707382","Bestellung","304-1524901-6180342","L7-UJO5-2Z9P","BUTIRESIN Epoxidharz Set, 16oz/474ml, transparent, ungiftig, 1: 1-Verhältnis; einfach zu mischendes Harz, Lebensmittelecht und geruchsarm, blasenfrei","1","amazon.de","Amazon","Zeven","","27404","MarketplaceFacilitator","13,44","2,55","0","0","0","0","-2,02","-0,38","-2,17","-1,77","-3,41","0","0","6,24"
"04.03.2025 22:03:36 UTC","24347707382","Bestellung","306-1374827-5509946","9W-G2D2-1J3T","BUTIRESIN Epoxidharz Set, 32oz/948ml, Transparent, Ungiftig, 1: 1-Verhältnis; Lebensmittelecht Und Geruchsarm, Blasenfrei,Beschichten, Kunst","1","amazon.de","Amazon","Ruhpolding","","83324","MarketplaceFacilitator","19,74","3,75","0","0","0","0","-3,95","-0,75","-3,00","-2,44","-4,13","0","0","9,22"
"04.03.2025 22:34:14 UTC","24347707382","Bestellung","305-2352461-0393144","UV-002","UV Harz 500g, UV Harz klar, Upgrade UV Resin hart, kristallklares Transparent UV Schnellhärtende UV Epoxidharz für Schmuck Herstellung DIY Handwerk","2","amazon.de","Amazon","Velenje","slovenia","","MarketplaceFacilitator","43,10","9,48","3,78","0,84","0","0","-3,78","-0,84","-9,48","-6,66","-6,82","0","0","29,62"
"04.03.2025 22:56:06 UTC","24347707382","Bestellung","302-0490875-5081938","L8-JVRH-OZ94","EPRESINART Epoxidharz, 36oz/1064ml 1:1 Ratio, Ungiftiges, klares Epoxidharz Holz Kit, Kunstgestaltung, Restaurierung, Wandfliesen, Bodenbeläge","1","amazon.de","Amazon","Klosterneuburg","Niederösterreich","3420","MarketplaceFacilitator","23,94","4,79","0","0","0","0","0","0","-4,79","-3,70","-4,13","0","0","16,11"
"05.03.2025 11:37:03 UTC","24375456662","Bestellung","302-8661624-2038769","L7-UJO5-2Z9P","BUTIRESIN Epoxidharz Set, 16oz/474ml, transparent, ungiftig, 1: 1-Verhältnis; einfach zu mischendes Harz, Lebensmittelecht und geruchsarm, blasenfrei","1","amazon.de","Amazon","Trier","","54290","MarketplaceFacilitator","12,76","2,43","0","0","0","0","-1,92","-0,36","-2,07","-1,68","-3,51","0","0","5,65"
"05.03.2025 11:40:13 UTC","24375456662","Bestellung","028-1045367-3461155","L8-JVRH-OZ94","EPRESINART Epoxidharz, 36oz/1064ml 1:1 Ratio, Ungiftiges, klares Epoxidharz Holz Kit, Kunstgestaltung, Restaurierung, Wandfliesen, Bodenbeläge","2","amazon.de","Amazon","Berghülen","","89180","MarketplaceFacilitator","47,88","9,10","0","0","0","0","0","0","-9,10","-7,40","-8,26","0","0","32,22"
"05.03.2025 16:03:07 UTC","24375456662","Bestellung","306-8003375-0342717","UV-002","UV Harz 500g, UV Harz klar, Upgrade UV Resin hart, kristallklares Transparent UV Schnellhärtende UV Epoxidharz für Schmuck Herstellung DIY Handwerk","1","amazon.de","Amazon","Wien","","1220","MarketplaceFacilitator","20,16","4,03","0","0","0","0","0","0","-4,03","-3,12","-3,41","0","0","13,63"
"05.03.2025 16:29:46 UTC","24375456662","Bestellung","304-1231956-8119554","L8-JVRH-OZ94","EPRESINART Epoxidharz, 36oz/1064ml 1:1 Ratio, Ungiftiges, klares Epoxidharz Holz Kit, Kunstgestaltung, Restaurierung, Wandfliesen, Bodenbeläge","1","amazon.de","Amazon","Pelm","","54570","MarketplaceFacilitator","23,94","4,55","0","0","0","0","0","0","-4,55","-3,70","-4,13","0","0","16,11"
"05.03.2025 20:37:14 UTC","24375456662","Bestellung","304-1419391-4376353","L8-JVRH-OZ94","EPRESINART Epoxidharz, 36oz/1064ml 1:1 Ratio, Ungiftiges, klares Epoxidharz Holz Kit, Kunstgestaltung, Restaurierung, Wandfliesen, Bodenbeläge","1","amazon.de","Amazon","Zwickau","Sachsen","08056","MarketplaceFacilitator","23,94","4,55","0","0","0","0","0","0","-4,55","-3,70","-4,13","0","0","16,11"
"05.03.2025 21:10:09 UTC","24375456662","Bestellung","306-3729844-1391522","UV-002","UV Harz 500g, UV Harz klar, Upgrade UV Resin hart, kristallklares Transparent UV Schnellhärtende UV Epoxidharz für Schmuck Herstellung DIY Handwerk","1","amazon.de","Amazon","Erfurt","","99089","MarketplaceFacilitator","21,55","4,09","0,84","0,16","0","0","-0,84","-0,16","-8,18","-6,66","-3,41","0","0","7,39"
"05.03.2025 21:10:09 UTC","24375456662","Bestellung","306-3729844-1391522","UV-002","UV Harz 500g, UV Harz klar, Upgrade UV Resin hart, kristallklares Transparent UV Schnellhärtende UV Epoxidharz für Schmuck Herstellung DIY Handwerk","1","amazon.de","Amazon","Erfurt","","99089","","21,55","4,09","0,83","0,16","0","0","-0,83","-0,16","0","0","-3,41","0","0","22,23"
"05.03.2025 21:34:35 UTC","24375456662","Bestellung","302-6252759-4935505","L7-UJO5-2Z9P","BUTIRESIN Epoxidharz Set, 16oz/474ml, transparent, ungiftig, 1: 1-Verhältnis; einfach zu mischendes Harz, Lebensmittelecht und geruchsarm, blasenfrei","1","amazon.de","Amazon","Gundelsheim","Bayern","96163","MarketplaceFacilitator","10,24","1,95","0,67","0,13","0","0","-2,21","-0,42","-1,66","-1,35","-3,51","0","0","3,84"
"05.03.2025 22:42:38 UTC","24375456662","Übertrag","","","Für Konten mit folgenden Endziffern: 332","","","","","","","","0","0","0","0","0","0","0","0","0","0","0","0","-107,15","-107,15"
"05.03.2025 23:50:39 UTC","24375456662","Bestellung","302-0236913-7729959","9W-G2D2-1J3T","BUTIRESIN Epoxidharz Set, 32oz/948ml, Transparent, Ungiftig, 1: 1-Verhältnis; Lebensmittelecht Und Geruchsarm, Blasenfrei,Beschichten, Kunst","1","amazon.de","Amazon","Chur","Graubünden","70","MarketplaceFacilitator","19,74","1,60","2,16","0,17","0","0","-6,11","-0,49","-1,28","-2,22","-4,13","0","0","9,44"
"06.03.2025 18:42:57 UTC","24375456662","Bestellung","303-4200792-4905945","EPO-110116","EPRESINART Epoxidharz Set Anfänger, 18oz/532ml Ungiftig Epoxidharz Klar Gießharz Set, 1: 1-Verhältnis Epoxy Resin fur Holz, Schmuck Art, Deko Tisch","1","amazon.de","Amazon","Österreich","Steiermark","8345","MarketplaceFacilitator","14,28","2,86","0","0","0","0","0","0","-2,86","-2,21","-3,51","0","0","8,56"
"06.03.2025 18:59:25 UTC","24375456662","Bestellung","304-2767902-9136365","L7-UJO5-2Z9P","BUTIRESIN Epoxidharz Set, 16oz/474ml, transparent, ungiftig, 1: 1-Verhältnis; einfach zu mischendes Harz, Lebensmittelecht und geruchsarm, blasenfrei","1","amazon.de","Amazon","Berlin","","10179","MarketplaceFacilitator","10,24","1,95","0","0","0","0","-1,54","-0,29","-1,66","-1,35","-3,51","0","0","3,84"
"06.03.2025 20:18:30 UTC","24375456662","Bestellung","304-9095254-9358760","L7-UJO5-2Z9P","BUTIRESIN Epoxidharz Set, 16oz/474ml, transparent, ungiftig, 1: 1-Verhältnis; einfach zu mischendes Harz, Lebensmittelecht und geruchsarm, blasenfrei","4","amazon.de","Amazon","Tönisvorst","","47918","MarketplaceFacilitator","40,96","7,80","0","0","0","0","-6,15","-1,16","-6,64","-5,40","-14,04","0","0","15,37"
"06.03.2025 21:06:12 UTC","24375456662","Bestellung","305-0368849-4058748","UV-002","UV Harz 500g, UV Harz klar, Upgrade UV Resin hart, kristallklares Transparent UV Schnellhärtende UV Epoxidharz für Schmuck Herstellung DIY Handwerk","5","amazon.de","Amazon","Kappel am Albis","Switzerland (+41)","89","MarketplaceFacilitator","100,80","8,15","9,24","0,75","0","0","0","0","-8,90","-15,60","-25,44","0","0","69,00"
"06.03.2025 21:08:57 UTC","24375456662","Bestellung","028-4910963-4633909","L8-JVRH-OZ94","EPRESINART Epoxidharz, 36oz/1064ml 1:1 Ratio, Ungiftiges, klares Epoxidharz Holz Kit, Kunstgestaltung, Restaurierung, Wandfliesen, Bodenbeläge","1","amazon.de","Amazon","Losheim Am See","","66679","MarketplaceFacilitator","23,94","4,55","0","0","0","0","0","0","-4,55","-3,70","-4,13","0","0","16,11"
"06.03.2025 21:16:28 UTC","24375456662","Bestellung","306-7441999-0955547","L8-JVRH-OZ94","EPRESINART Epoxidharz, 36oz/1064ml 1:1 Ratio, Ungiftiges, klares Epoxidharz Holz Kit, Kunstgestaltung, Restaurierung, Wandfliesen, Bodenbeläge","1","amazon.de","Amazon","Tostedt","","21255","MarketplaceFacilitator","23,94","4,55","0","0","0","0","0","0","-4,55","-3,70","-4,13","0","0","16,11"
"06.03.2025 22:14:15 UTC","24375456662","Bestellung","306-8766067-7335545","EPO-110116","EPRESINART Epoxidharz Set Anfänger, 18oz/532ml Ungiftig Epoxidharz Klar Gießharz Set, 1: 1-Verhältnis Epoxy Resin fur Holz, Schmuck Art, Deko Tisch","1","amazon.de","Amazon","Mülheim","","45481","MarketplaceFacilitator","14,28","2,71","0,59","0,11","0","0","-0,59","-0,11","-2,71","-2,21","-3,51","0","0","8,56"
"06.03.2025 22:41:10 UTC","24375456662","Bestellung","304-3386233-2825163","L7-UJO5-2Z9P","BUTIRESIN Epoxidharz Set, 16oz/474ml, transparent, ungiftig, 1: 1-Verhältnis; einfach zu mischendes Harz, Lebensmittelecht und geruchsarm, blasenfrei","1","amazon.de","Amazon","Solkwitz","Thüringen","07381","MarketplaceFacilitator","10,24","1,95","0","0","0","0","-1,54","-0,29","-1,66","-1,35","-3,51","0","0","3,84"
"06.03.2025 23:34:15 UTC","24375456662","Bestellung","306-2923605-5667529","9W-G2D2-1J3T","BUTIRESIN Epoxidharz Set, 32oz/948ml, Transparent, Ungiftig, 1: 1-Verhältnis; Lebensmittelecht Und Geruchsarm, Blasenfrei,Beschichten, Kunst","1","amazon.de","Amazon","Stein","","90547","MarketplaceFacilitator","19,74","3,75","0","0","0","0","-3,95","-0,75","-3,00","-2,44","-4,13","0","0","9,22"
"06.03.2025 23:44:10 UTC","24375456662","Bestellung","302-9485048-9695501","L8-JVRH-OZ94","EPRESINART Epoxidharz, 36oz/1064ml 1:1 Ratio, Ungiftiges, klares Epoxidharz Holz Kit, Kunstgestaltung, Restaurierung, Wandfliesen, Bodenbeläge","1","amazon.de","Amazon","Thörl","Steiermark","8621","MarketplaceFacilitator","23,94","4,79","0","0","0","0","0","0","-4,79","-3,70","-4,13","0","0","16,11"
"07.03.2025 01:36:30 UTC","24375456662","Versand durch Amazon Lagergebühr","","","FBA-Lagergebühr","","Amazon.de","","","","","","0","0","0","0","0","0","0","0","0","0","0","0","-116,59","-116,59"
"07.03.2025 08:24:25 UTC","24402027822","Bestellung","303-7748180-7536323","9W-G2D2-1J3T","BUTIRESIN Epoxidharz Set, 32oz/948ml, Transparent, Ungiftig, 1: 1-Verhältnis; Lebensmittelecht Und Geruchsarm, Blasenfrei,Beschichten, Kunst","1","amazon.de","Amazon","Kierspe","Nordrhein-Westfalen","58566","MarketplaceFacilitator","23,94","4,55","0","0","0","0","-4,79","-0,91","-3,64","-2,96","-4,13","0","0","12,06"
"07.03.2025 08:48:22 UTC","24402027822","Bestellung","305-7076127-3877125","L7-UJO5-2Z9P","BUTIRESIN Epoxidharz Set, 16oz/474ml, transparent, ungiftig, 1: 1-Verhältnis; einfach zu mischendes Harz, Lebensmittelecht und geruchsarm, blasenfrei","1","amazon.de","Amazon","Georgsmarienhütte","Niedersachsen","49124","MarketplaceFacilitator","12,76","2,43","0","0","0","0","0","0","-2,43","-1,97","-3,51","0","0","7,28"
"07.03.2025 09:03:17 UTC","24402027822","Bestellung","305-1001350-0725141","9W-G2D2-1J3T","BUTIRESIN Epoxidharz Set, 32oz/948ml, Transparent, Ungiftig, 1: 1-Verhältnis; Lebensmittelecht Und Geruchsarm, Blasenfrei,Beschichten, Kunst","1","amazon.de","Amazon","Georgsmarienhütte","Niedersachsen","49124","MarketplaceFacilitator","23,94","4,55","0","0","0","0","-4,79","-0,91","-3,64","-2,96","-4,13","0","0","12,06"
"07.03.2025 17:33:51 UTC","24402027822","Bestellung","304-8973765-9456317","UV-002","UV Harz 500g, UV Harz klar, Upgrade UV Resin hart, kristallklares Transparent UV Schnellhärtende UV Epoxidharz für Schmuck Herstellung DIY Handwerk","1","amazon.de","Amazon","ennepetal","","58256","MarketplaceFacilitator","20,16","3,83","0","0","0","0","0","0","-3,83","-3,12","-3,41","0","0","13,63"
"07.03.2025 20:22:53 UTC","24402027822","Bestellung","304-9419081-9919532","UV-002","UV Harz 500g, UV Harz klar, Upgrade UV Resin hart, kristallklares Transparent UV Schnellhärtende UV Epoxidharz für Schmuck Herstellung DIY Handwerk","1","amazon.de","Amazon","Königsmoos","","86669","MarketplaceFacilitator","20,16","3,83","0","0","0","0","0","0","-3,83","-3,12","-3,41","0","0","13,63"
"07.03.2025 20:34:38 UTC","24402027822","Bestellung","302-3025203-0992320","EPR-EU1G","EPRESINART Epoxidharz Set,3785ml Ungiftig Epoxidharz Klar Gießharz,1:1 Guss kristallklarer Epoxy Resin Klar Set fur Deko Tischplatte,Holz,Schmuck Art","1","amazon.de","Amazon","Fürstenwalde/spree","","15517","MarketplaceFacilitator","55,87","10,62","0","0","0","0","0","0","-10,62","-8,64","-5,69","0","0","41,54"
"07.03.2025 21:00:26 UTC","24402027822","Bestellung","303-8271098-6353930","L8-JVRH-OZ94","EPRESINART Epoxidharz, 36oz/1064ml 1:1 Ratio, Ungiftiges, klares Epoxidharz Holz Kit, Kunstgestaltung, Restaurierung, Wandfliesen, Bodenbeläge","1","amazon.de","Amazon","Wuppertal","","42283","MarketplaceFacilitator","23,94","4,55","0","0","0","0","0","0","-4,55","-3,70","-4,13","0","0","16,11"
"07.03.2025 22:02:59 UTC","24402027822","Übertrag","","","Für Konten mit folgenden Endziffern: 332","","","","","","","","0","0","0","0","0","0","0","0","0","0","0","0","-176,75","-176,75"
"07.03.2025 22:30:24 UTC","24402027822","Bestellung","305-4581248-7239546","L7-UJO5-2Z9P","BUTIRESIN Epoxidharz Set, 16oz/474ml, transparent, ungiftig, 1: 1-Verhältnis; einfach zu mischendes Harz, Lebensmittelecht und geruchsarm, blasenfrei","1","amazon.de","Amazon","Gronau (Westf.)","Nordrhein-Westfalen","48599","MarketplaceFacilitator","12,76","2,43","0","0","0","0","-1,92","-0,36","-2,07","-1,68","-3,41","0","0","5,75"
"07.03.2025 23:10:41 UTC","24402027822","Bestellung","305-8567738-3216314","9W-G2D2-1J3T","BUTIRESIN Epoxidharz Set, 32oz/948ml, Transparent, Ungiftig, 1: 1-Verhältnis; Lebensmittelecht Und Geruchsarm, Blasenfrei,Beschichten, Kunst","1","amazon.de","Amazon","Bayreuth","","95444","MarketplaceFacilitator","19,74","3,75","0,37","0,07","0","0","-4,32","-0,82","-3,00","-2,44","-4,13","0","0","9,22"
"07.03.2025 23:24:21 UTC","24402027822","Bestellung","302-8580943-2725959","L8-JVRH-OZ94","EPRESINART Epoxidharz, 36oz/1064ml 1:1 Ratio, Ungiftiges, klares Epoxidharz Holz Kit, Kunstgestaltung, Restaurierung, Wandfliesen, Bodenbeläge","1","amazon.de","Amazon","Ammerbuch","","72119","MarketplaceFacilitator","23,94","4,55","1,12","0,21","0","0","-1,12","-0,21","-4,55","-3,70","-4,13","0","0","16,11"
"07.03.2025 23:26:43 UTC","24402027822","Bestellung","028-2526148-1261161","EPR-EU1G","EPRESINART Epoxidharz Set,3785ml Ungiftig Epoxidharz Klar Gießharz,1:1 Guss kristallklarer Epoxy Resin Klar Set fur Deko Tischplatte,Holz,Schmuck Art","1","amazon.de","Amazon","Bad Reichenhall","","83395","MarketplaceFacilitator","55,87","10,62","1,67","0,32","0","0","-1,67","-0,32","-10,62","-8,64","-5,69","0","0","41,54"
"08.03.2025 00:05:35 UTC","24402027822","Bestellung","306-3519105-3869152","9W-G2D2-1J3T","BUTIRESIN Epoxidharz Set, 32oz/948ml, Transparent, Ungiftig, 1: 1-Verhältnis; Lebensmittelecht Und Geruchsarm, Blasenfrei,Beschichten, Kunst","1","amazon.de","Amazon","Fahrenbach","","74864","MarketplaceFacilitator","19,74","3,75","3,35","0,64","0","0","-3,95","-0,75","-3,64","-2,44","-7,48","0","0","9,22"
"08.03.2025 20:26:46 UTC","24402027822","Bestellung","305-1374397-0965964","9W-G2D2-1J3T","BUTIRESIN Epoxidharz Set, 32oz/948ml, Transparent, Ungiftig, 1: 1-Verhältnis; Lebensmittelecht Und Geruchsarm, Blasenfrei,Beschichten, Kunst","1","amazon.de","Amazon","Erfurt","","99099","MarketplaceFacilitator","19,74","3,75","0","0","0","0","-3,95","-0,75","-3,00","-2,44","-4,13","0","0","9,22"
"08.03.2025 20:31:14 UTC","24402027822","Bestellung","306-7192982-5811531","EPO-110116","EPRESINART Epoxidharz Set Anfänger, 18oz/532ml Ungiftig Epoxidharz Klar Gießharz Set, 1: 1-Verhältnis Epoxy Resin fur Holz, Schmuck Art, Deko Tisch","1","amazon.de","Amazon","Brigachtal","","78086","MarketplaceFacilitator","14,28","2,71","0","0","0","0","0","0","-2,71","-2,21","-3,51","0","0","8,56"
"08.03.2025 20:39:17 UTC","24402027822","Bestellung","304-0163589-6045139","UV-002","UV Harz 500g, UV Harz klar, Upgrade UV Resin hart, kristallklares Transparent UV Schnellhärtende UV Epoxidharz für Schmuck Herstellung DIY Handwerk","1","amazon.de","Amazon","München","","80339","MarketplaceFacilitator","20,16","3,83","0","0","0","0","0","0","-3,83","-3,12","-3,41","0","0","13,63"
"08.03.2025 20:49:35 UTC","24402027822","Bestellung","302-2994934-4261119","EPO-110116","EPRESINART Epoxidharz Set Anfänger, 18oz/532ml Ungiftig Epoxidharz Klar Gießharz Set, 1: 1-Verhältnis Epoxy Resin fur Holz, Schmuck Art, Deko Tisch","1","amazon.de","Amazon","Magdeburg","","39116","MarketplaceFacilitator","14,28","2,71","0","0","0","0","0","0","-2,71","-2,21","-3,51","0","0","8,56"
"08.03.2025 22:55:06 UTC","24402027822","Bestellung","304-3758824-8216337","L8-JVRH-OZ94","EPRESINART Epoxidharz, 36oz/1064ml 1:1 Ratio, Ungiftiges, klares Epoxidharz Holz Kit, Kunstgestaltung, Restaurierung, Wandfliesen, Bodenbeläge","1","amazon.de","Amazon","dresden","sachsen","01157","MarketplaceFacilitator","23,94","4,55","0","0","0","0","0","0","-4,55","-3,70","-4,13","0","0","16,11"
"08.03.2025 22:58:43 UTC","24402027822","Bestellung","306-8066622-2616332","EPR-EU1G","EPRESINART Epoxidharz Set,3785ml Ungiftig Epoxidharz Klar Gießharz,1:1 Guss kristallklarer Epoxy Resin Klar Set fur Deko Tischplatte,Holz,Schmuck Art","1","amazon.de","Amazon","Zornheim","","55270","MarketplaceFacilitator","55,87","10,62","0","0","0","0","0","0","-10,62","-8,64","-5,69","0","0","41,54"
"08.03.2025 23:33:11 UTC","24402027822","Bestellung","304-8072952-4375528","UV-002","UV Harz 500g, UV Harz klar, Upgrade UV Resin hart, kristallklares Transparent UV Schnellhärtende UV Epoxidharz für Schmuck Herstellung DIY Handwerk","1","amazon.de","Amazon","Rostock","Mecklenburg Vorpommern","18059","MarketplaceFacilitator","20,16","3,83","0","0","0","0","0","0","-3,83","-3,12","-3,41","0","0","13,63"
"08.03.2025 23:43:56 UTC","24402027822","Bestellung","302-7060328-5818716","L8-JVRH-OZ94","EPRESINART Epoxidharz, 36oz/1064ml 1:1 Ratio, Ungiftiges, klares Epoxidharz Holz Kit, Kunstgestaltung, Restaurierung, Wandfliesen, Bodenbeläge","1","amazon.de","Amazon","Konz","","54329","MarketplaceFacilitator","23,94","4,55","0","0","0","0","0","0","-4,55","-3,70","-4,13","0","0","16,11"
"08.03.2025 23:54:15 UTC","24402027822","Bestellung","305-8079778-2253920","L8-JVRH-OZ94","EPRESINART Epoxidharz, 36oz/1064ml 1:1 Ratio, Ungiftiges, klares Epoxidharz Holz Kit, Kunstgestaltung, Restaurierung, Wandfliesen, Bodenbeläge","1","amazon.de","Amazon","Wellendingen","","78669","MarketplaceFacilitator","23,94","4,55","0","0","0","0","0","0","-4,55","-3,70","-4,13","0","0","16,11"
"10.03.2025 20:26:08 UTC","24414819162","Bestellung","304-8108705-7557129","UV-002","UV Harz 500g, UV Harz klar, Upgrade UV Resin hart, kristallklares Transparent UV Schnellhärtende UV Epoxidharz für Schmuck Herstellung DIY Handwerk","1","amazon.de","Amazon","Pirching am Traubenberg","","8081","MarketplaceFacilitator","20,16","4,03","0","0","0","0","0","0","-4,03","-3,12","-3,41","0","0","13,63"
"10.03.2025 22:04:39 UTC","24414819162","Bestellung","306-1577118-0052328","UV-002","UV Harz 500g, UV Harz klar, Upgrade UV Resin hart, kristallklares Transparent UV Schnellhärtende UV Epoxidharz für Schmuck Herstellung DIY Handwerk","1","amazon.de","Amazon","Regenstauf","","93128","MarketplaceFacilitator","20,16","3,83","0","0","0","0","0","0","-3,83","-3,12","-3,41","0","0","13,63"
"10.03.2025 22:37:32 UTC","24414819162","Bestellung","302-9274285-3022746","L8-JVRH-OZ94","EPRESINART Epoxidharz, 36oz/1064ml 1:1 Ratio, Ungiftiges, klares Epoxidharz Holz Kit, Kunstgestaltung, Restaurierung, Wandfliesen, Bodenbeläge","2","amazon.de","Amazon","Langenlebarn","","3425","MarketplaceFacilitator","47,88","9,58","0","0","0","0","0","0","-9,58","-7,40","-8,26","0","0","32,22"
"10.03.2025 23:01:54 UTC","24414819162","Übertrag","","","Für Konten mit folgenden Endziffern: 332","","","","","","","","0","0","0","0","0","0","0","0","0","0","0","0","-341,62","-341,62"
"10.03.2025 23:29:23 UTC","24414819162","Bestellung","305-8149418-5209150","UV-002","UV Harz 500g, UV Harz klar, Upgrade UV Resin hart, kristallklares Transparent UV Schnellhärtende UV Epoxidharz für Schmuck Herstellung DIY Handwerk","5","amazon.de","Amazon","Kappel am Albis","Switzerland (+41)","89","MarketplaceFacilitator","100,80","8,15","6,49","0,50","0","0","-6,49","-0,50","-8,15","-15,60","-17,05","0","0","68,15"
"11.03.2025 19:59:33 UTC","24414819162","Erstattung","305-4749977-5645912","L7-UJO5-2Z9P","BUTIRESIN Epoxidharz Set, 16oz/474ml, transparent, ungiftig, 1: 1-Verhältnis; einfach zu mischendes Harz, Lebensmittelecht und geruchsarm, blasenfrei","1","amazon.de","Amazon","Osnabrück","","49082","MarketplaceFacilitator","-12,76","-2,43","0","0","0","0","1,92","0,36","2,07","1,34","0","0","0","-9,50"
"11.03.2025 20:22:43 UTC","24414819162","Bestellung","304-0160746-0366731","EPO-110116","EPRESINART Epoxidharz Set Anfänger, 18oz/532ml Ungiftig Epoxidharz Klar Gießharz Set, 1: 1-Verhältnis Epoxy Resin fur Holz, Schmuck Art, Deko Tisch","1","amazon.de","Amazon","Bonstetten","Bayern","86486","MarketplaceFacilitator","14,28","2,71","3,35","0,64","0","0","0","0","-3,35","-2,21","-6,75","0","0","8,67"
"11.03.2025 20:31:40 UTC","24414819162","Bestellung","302-2586491-7925121","L8-JVRH-OZ94","EPRESINART Epoxidharz, 36oz/1064ml 1:1 Ratio, Ungiftiges, klares Epoxidharz Holz Kit, Kunstgestaltung, Restaurierung, Wandfliesen, Bodenbeläge","1","amazon.de","Amazon","Düsseldorf","","40239","MarketplaceFacilitator","23,94","4,55","1,68","0,32","0","0","-1,68","-0,32","-4,55","-3,70","-4,13","0","0","16,11"
"11.03.2025 21:16:14 UTC","24414819162","Bestellung","304-3352088-5080301","L8-JVRH-OZ94","EPRESINART Epoxidharz, 36oz/1064ml 1:1 Ratio, Ungiftiges, klares Epoxidharz Holz Kit, Kunstgestaltung, Restaurierung, Wandfliesen, Bodenbeläge","1","amazon.de","Amazon","Hannover","","30625","MarketplaceFacilitator","23,94","4,55","0","0","0","0","0","0","-4,55","-3,70","-4,13","0","0","16,11"
"11.03.2025 21:16:35 UTC","24414819162","Bestellung","306-9368874-1379528","UV-002","UV Harz 500g, UV Harz klar, Upgrade UV Resin hart, kristallklares Transparent UV Schnellhärtende UV Epoxidharz für Schmuck Herstellung DIY Handwerk","1","amazon.de","Amazon","Graz","","8020","MarketplaceFacilitator","20,16","4,03","0","0","0","0","0","0","-4,03","-3,12","-3,41","0","0","13,63"
"11.03.2025 21:40:50 UTC","24414819162","Bestellung","303-8253011-3649922","L8-JVRH-OZ94","EPRESINART Epoxidharz, 36oz/1064ml 1:1 Ratio, Ungiftiges, klares Epoxidharz Holz Kit, Kunstgestaltung, Restaurierung, Wandfliesen, Bodenbeläge","1","amazon.de","Amazon","Cegléd","Pest","","MarketplaceFacilitator","23,94","6,46","3,52","0,95","0","0","-3,52","-0,95","-6,46","-3,70","-4,13","0","0","16,11"
"11.03.2025 21:45:48 UTC","24414819162","Bestellung","028-0176876-0087579","UV-002","UV Harz 500g, UV Harz klar, Upgrade UV Resin hart, kristallklares Transparent UV Schnellhärtende UV Epoxidharz für Schmuck Herstellung DIY Handwerk","1","amazon.de","Amazon","Marklkofen","","84163","MarketplaceFacilitator","20,16","3,83","0","0","0","0","0","0","-3,83","-3,12","-3,41","0","0","13,63"
"11.03.2025 22:13:45 UTC","24414819162","Erstattung","304-0160746-0366731","EPO-110116","EPRESINART Epoxidharz Set Anfänger, 18oz/532ml Ungiftig Epoxidharz Klar Gießharz Set, 1: 1-Verhältnis Epoxy Resin fur Holz, Schmuck Art, Deko Tisch","1","amazon.de","Amazon","Bonstetten","Bayern","86486","MarketplaceFacilitator","-14,28","-2,71","-3,35","-0,64","0","0","0","0","3,35","1,77","3,24","0","0","-12,62"
"11.03.2025 23:31:14 UTC","24414819162","Anpassung","304-2416779-2822759","L7-UJO5-2Z9P","Versand durch Amazon Erstattung für Lagerbestand - Kundenrücksendung","1","","","","","","","0","0","0","0","0","0","0","0","0","0","0","0","6,14","6,14"
"11.03.2025 23:35:36 UTC","24414819162","Bestellung","304-0459113-5170722","EPR-EU1G","EPRESINART Epoxidharz Set,3785ml Ungiftig Epoxidharz Klar Gießharz,1:1 Guss kristallklarer Epoxy Resin Klar Set fur Deko Tischplatte,Holz,Schmuck Art","1","amazon.de","Amazon","Feldkirchen b. Graz","","8073","MarketplaceFacilitator","55,87","11,17","0","0","0","0","0","0","-11,17","-8,64","-5,69","0","0","41,54"
"12.03.2025 02:16:07 UTC","24414819162","Bestellung","028-3405928-8870738","L8-JVRH-OZ94","EPRESINART Epoxidharz, 36oz/1064ml 1:1 Ratio, Ungiftiges, klares Epoxidharz Holz Kit, Kunstgestaltung, Restaurierung, Wandfliesen, Bodenbeläge","1","amazon.de","Amazon","Marchtrenk","","4614","MarketplaceFacilitator","23,94","4,79","0","0","0","0","0","0","-4,79","-3,70","-4,13","0","0","16,11"
"12.03.2025 19:10:08 UTC","24430774312","Bestellung","306-6751257-2699551","UV-002","UV Harz 500g, UV Harz klar, Upgrade UV Resin hart, kristallklares Transparent UV Schnellhärtende UV Epoxidharz für Schmuck Herstellung DIY Handwerk","1","amazon.de","Amazon","Kaltennordheim","Thüringen","36452","MarketplaceFacilitator","20,16","3,83","0","0","0","0","0","0","-3,83","-3,12","-3,41","0","0","13,63"
"12.03.2025 19:21:30 UTC","24430774312","Bestellung","304-8932623-4559539","L8-JVRH-OZ94","EPRESINART Epoxidharz, 36oz/1064ml 1:1 Ratio, Ungiftiges, klares Epoxidharz Holz Kit, Kunstgestaltung, Restaurierung, Wandfliesen, Bodenbeläge","1","amazon.de","Amazon","Dormagen","NRW","41539","MarketplaceFacilitator","23,94","4,55","0","0","0","0","0","0","-4,55","-3,70","-4,13","0","0","16,11"
"12.03.2025 19:29:22 UTC","24430774312","Bestellung","302-7622324-2016304","EPO-110116","EPRESINART Epoxidharz Set Anfänger, 18oz/532ml Ungiftig Epoxidharz Klar Gießharz Set, 1: 1-Verhältnis Epoxy Resin fur Holz, Schmuck Art, Deko Tisch","1","amazon.de","Amazon","Ditzingen","Deutschland","71254","MarketplaceFacilitator","14,28","2,71","3,35","0,64","0","0","0","0","-3,35","-2,21","-6,75","0","0","8,67"
"12.03.2025 21:11:03 UTC","24430774312","Erstattung","302-7812237-3950702","L7-UJO5-2Z9P","BUTIRESIN Epoxidharz Set, 16oz/474ml, transparent, ungiftig, 1: 1-Verhältnis; einfach zu mischendes Harz, Lebensmittelecht und geruchsarm, blasenfrei","1","amazon.de","Amazon","Duisburg","NRW","47198","MarketplaceFacilitator","-13,44","-2,55","0","0","0","0","2,02","0,38","2,17","1,42","0","0","0","-10,00"
"12.03.2025 21:14:56 UTC","24430774312","Bestellung","304-4014038-9548343","L8-JVRH-OZ94","EPRESINART Epoxidharz, 36oz/1064ml 1:1 Ratio, Ungiftiges, klares Epoxidharz Holz Kit, Kunstgestaltung, Restaurierung, Wandfliesen, Bodenbeläge","1","amazon.de","Amazon","Leipzig","","04277","MarketplaceFacilitator","23,94","4,55","0","0","0","0","0","0","-4,55","-3,70","-4,13","0","0","16,11"
"12.03.2025 22:32:04 UTC","24430774312","Bestellung","304-4152178-0615508","UV-002","UV Harz 500g, UV Harz klar, Upgrade UV Resin hart, kristallklares Transparent UV Schnellhärtende UV Epoxidharz für Schmuck Herstellung DIY Handwerk","1","amazon.de","Amazon","München","","81925","MarketplaceFacilitator","20,16","3,83","1,68","0,32","0","0","-1,68","-0,32","-3,83","-3,12","-3,41","0","0","13,63"
"12.03.2025 22:42:23 UTC","24430774312","Übertrag","","","Für Konten mit folgenden Endziffern: 332","","","","","","","","0","0","0","0","0","0","0","0","0","0","0","0","-253,56","-253,56"
"12.03.2025 23:06:36 UTC","24430774312","Bestellung","028-6075759-7933959","9W-G2D2-1J3T","BUTIRESIN Epoxidharz Set, 32oz/948ml, Transparent, Ungiftig, 1: 1-Verhältnis; Lebensmittelecht Und Geruchsarm, Blasenfrei,Beschichten, Kunst","1","amazon.de","Amazon","Bonn","","53129","MarketplaceFacilitator","19,74","3,75","0","0","0","0","-3,95","-0,75","-3,00","-2,44","-9,38","0","0","3,97"
"12.03.2025 23:09:33 UTC","24430774312","Bestellung","306-7002002-0871535","EPO-110116","EPRESINART Epoxidharz Set Anfänger, 18oz/532ml Ungiftig Epoxidharz Klar Gießharz Set, 1: 1-Verhältnis Epoxy Resin fur Holz, Schmuck Art, Deko Tisch","1","amazon.de","Amazon","Wegberg","","41844","MarketplaceFacilitator","14,28","2,71","1,67","0,32","0","0","-1,67","-0,32","-2,71","-2,21","-3,51","0","0","8,56"
"13.03.2025 00:02:54 UTC","24430774312","Bestellung","305-3633787-4189938","L8-JVRH-OZ94","EPRESINART Epoxidharz, 36oz/1064ml 1:1 Ratio, Ungiftiges, klares Epoxidharz Holz Kit, Kunstgestaltung, Restaurierung, Wandfliesen, Bodenbeläge","1","amazon.de","Amazon","Eberschwang","Oberösterreich","4906","MarketplaceFacilitator","23,94","4,79","0,83","0,17","0","0","-0,83","-0,17","-4,79","-3,70","-4,13","0","0","16,11"
"13.03.2025 19:50:22 UTC","24430774312","Bestellung","306-3942986-5561961","UV-002","UV Harz 500g, UV Harz klar, Upgrade UV Resin hart, kristallklares Transparent UV Schnellhärtende UV Epoxidharz für Schmuck Herstellung DIY Handwerk","1","amazon.de","Amazon","Kalletal","","32689","MarketplaceFacilitator","20,16","3,83","0","0","0","0","0","0","-3,83","-3,12","-3,41","0","0","13,63"
"13.03.2025 21:02:33 UTC","24430774312","Bestellung","028-6392924-0459503","UV-002","UV Harz 500g, UV Harz klar, Upgrade UV Resin hart, kristallklares Transparent UV Schnellhärtende UV Epoxidharz für Schmuck Herstellung DIY Handwerk","1","amazon.de","Amazon","Berlin","","12247","MarketplaceFacilitator","20,16","3,83","0,67","0,13","0","0","-0,67","-0,13","-3,83","-3,12","-3,41","0","0","13,63"
"13.03.2025 21:10:20 UTC","24430774312","Bestellung","304-6766763-4568333","L8-JVRH-OZ94","EPRESINART Epoxidharz, 36oz/1064ml 1:1 Ratio, Ungiftiges, klares Epoxidharz Holz Kit, Kunstgestaltung, Restaurierung, Wandfliesen, Bodenbeläge","1","amazon.de","Amazon","Geisa","Thüringen","36419","MarketplaceFacilitator","23,94","4,55","0","0","0","0","0","0","-4,55","-3,70","-4,13","0","0","16,11"
"13.03.2025 21:20:58 UTC","24430774312","Bestellung","028-3070273-8253124","UV-002","UV Harz 500g, UV Harz klar, Upgrade UV Resin hart, kristallklares Transparent UV Schnellhärtende UV Epoxidharz für Schmuck Herstellung DIY Handwerk","1","amazon.de","Amazon","Rümmingen","","79595","MarketplaceFacilitator","20,16","3,83","0","0","0","0","0","0","-3,83","-3,12","-3,41","0","0","13,63"
"13.03.2025 21:23:26 UTC","24430774312","Bestellung","302-1968163-5539525","EPO-110116","EPRESINART Epoxidharz Set Anfänger, 18oz/532ml Ungiftig Epoxidharz Klar Gießharz Set, 1: 1-Verhältnis Epoxy Resin fur Holz, Schmuck Art, Deko Tisch","1","amazon.de","Amazon","Rheinbach","","53359","MarketplaceFacilitator","14,28","2,71","0","0","0","0","0","0","-2,71","-2,21","-3,51","0","0","8,56"
"13.03.2025 21:31:21 UTC","24430774312","Bestellung","028-0993914-2384302","L8-JVRH-OZ94","EPRESINART Epoxidharz, 36oz/1064ml 1:1 Ratio, Ungiftiges, klares Epoxidharz Holz Kit, Kunstgestaltung, Restaurierung, Wandfliesen, Bodenbeläge","1","amazon.de","Amazon","Neusiedl am See","","7100","MarketplaceFacilitator","23,94","4,79","0","0","0","0","0","0","-4,79","-3,70","-4,13","0","0","16,11"
"13.03.2025 21:44:58 UTC","24430774312","Bestellung","303-8928748-7303528","EPO-110116","EPRESINART Epoxidharz Set Anfänger, 18oz/532ml Ungiftig Epoxidharz Klar Gießharz Set, 1: 1-Verhältnis Epoxy Resin fur Holz, Schmuck Art, Deko Tisch","1","amazon.de","Amazon","Wuppertal","","42283","MarketplaceFacilitator","14,28","2,71","0","0","0","0","0","0","-2,71","-2,21","-3,51","0","0","8,56"
"13.03.2025 22:56:05 UTC","24430774312","Bestellung","306-9541742-1049961","L8-JVRH-OZ94","EPRESINART Epoxidharz, 36oz/1064ml 1:1 Ratio, Ungiftiges, klares Epoxidharz Holz Kit, Kunstgestaltung, Restaurierung, Wandfliesen, Bodenbeläge","1","amazon.de","Amazon","Au am Rhein","Baden-Württemberg","76474","MarketplaceFacilitator","23,94","4,55","0","0","0","0","0","0","-4,55","-3,70","-4,13","0","0","16,11"
"14.03.2025 06:52:42 UTC","24445446062","Bestellung","304-5734149-2056339","EPO-110116","EPRESINART Epoxidharz Set Anfänger, 18oz/532ml Ungiftig Epoxidharz Klar Gießharz Set, 1: 1-Verhältnis Epoxy Resin fur Holz, Schmuck Art, Deko Tisch","1","amazon.de","Amazon","Seekirchen","","5201","","14,28","0","0","0","0","0","0","0","0","-2,21","-3,51","0","0","8,56"
"14.03.2025 11:39:00 UTC","24445446062","Bestellung","304-0532142-3838751","9W-G2D2-1J3T","BUTIRESIN Epoxidharz Set, 32oz/948ml, Transparent, Ungiftig, 1: 1-Verhältnis; Lebensmittelecht Und Geruchsarm, Blasenfrei,Beschichten, Kunst","1","amazon.de","Amazon","Annaberg-buchholz","","09456","MarketplaceFacilitator","19,74","3,75","0","0","0","0","-3,95","-0,75","-3,00","-2,44","-9,38","0","0","3,97"
"14.03.2025 15:15:50 UTC","24445446062","Erstattung","305-8079778-2253920","L8-JVRH-OZ94","EPRESINART Epoxidharz, 36oz/1064ml 1:1 Ratio, Ungiftiges, klares Epoxidharz Holz Kit, Kunstgestaltung, Restaurierung, Wandfliesen, Bodenbeläge","1","amazon.de","Amazon","Wellendingen","","78669","MarketplaceFacilitator","-23,94","-4,55","0","0","0","0","0","0","4,55","2,96","0","0","0","-20,98"
"14.03.2025 21:15:03 UTC","24445446062","Bestellung","302-4695027-6774735","L8-JVRH-OZ94","EPRESINART Epoxidharz, 36oz/1064ml 1:1 Ratio, Ungiftiges, klares Epoxidharz Holz Kit, Kunstgestaltung, Restaurierung, Wandfliesen, Bodenbeläge","1","amazon.de","Amazon","Weil Am Rhein","","79576","MarketplaceFacilitator","23,94","4,55","0","0","0","0","0","0","-4,55","-3,70","-4,13","0","0","16,11"
"14.03.2025 21:22:53 UTC","24445446062","Bestellung","302-3222805-9401916","L8-JVRH-OZ94","EPRESINART Epoxidharz, 36oz/1064ml 1:1 Ratio, Ungiftiges, klares Epoxidharz Holz Kit, Kunstgestaltung, Restaurierung, Wandfliesen, Bodenbeläge","1","amazon.de","Amazon","Hamersen","","27419","MarketplaceFacilitator","25,20","4,79","0","0","0","0","0","0","-4,79","-3,90","-4,13","0","0","17,17"
"14.03.2025 22:02:18 UTC","24445446062","Übertrag","","","Für Konten mit folgenden Endziffern: 332","","","","","","","","0","0","0","0","0","0","0","0","0","0","0","0","-193,13","-193,13"
"14.03.2025 22:40:48 UTC","24445446062","Liquidationen","18994164653552","X001ZGRH7Z","BUTIRESIN Epoxidharz Set, 16oz/474ml, transparent, ungiftig, 1: 1-Verhältnis; einfach zu mischendes Harz, Lebensmittelecht und geruchsarm, blasenfrei, hohe Härte zum Gießen, Beschichten, Kunst","1","","","","","","","0,12","0","0","0","0","0","0","0","0","0","0","0","0","0,12"
"14.03.2025 22:40:48 UTC","24445446062","Liquidationen","18994164653552","X001V636I3","EPRESINART 300g UV Harz klar,UV Resin hart,UV Resin hart kristallklares Transparentes UV epoxidharz für DIY Kunst,Schmuck,Gießen，Handwerk,und Beschichten","1","","","","","","","0,14","0","0","0","0","0","0","0","0","0","0","-0,34","0","-0,20"
"14.03.2025 22:58:01 UTC","24445446062","Bestellung","302-5399663-8800345","9W-G2D2-1J3T","BUTIRESIN Epoxidharz Set, 32oz/948ml, Transparent, Ungiftig, 1: 1-Verhältnis; Lebensmittelecht Und Geruchsarm, Blasenfrei,Beschichten, Kunst","1","amazon.de","Amazon","Kaufbeuren","","87600","","23,49","0","0","0","0","0","-4,70","0","0","-2,44","-9,38","0","0","6,97"
"14.03.2025 23:05:40 UTC","24445446062","Bestellung","303-6534728-6691558","L8-JVRH-OZ94","EPRESINART Epoxidharz, 36oz/1064ml 1:1 Ratio, Ungiftiges, klares Epoxidharz Holz Kit, Kunstgestaltung, Restaurierung, Wandfliesen, Bodenbeläge","1","amazon.de","Amazon","Bremen","","28259","MarketplaceFacilitator","25,20","4,79","0","0","0","0","0","0","-4,79","-3,90","-4,13","0","0","17,17"
"14.03.2025 23:12:10 UTC","24445446062","Bestellung","306-6678150-3828354","UV-002","UV Harz 500g, UV Harz klar, Upgrade UV Resin hart, kristallklares Transparent UV Schnellhärtende UV Epoxidharz für Schmuck Herstellung DIY Handwerk","1","amazon.de","Amazon","Freiburg Im Breisgau","","79106","MarketplaceFacilitator","20,16","3,83","0","0","0","0","0","0","-3,83","-3,12","-3,41","0","0","13,63"
"14.03.2025 23:41:10 UTC","24445446062","Bestellung","302-9001618-4326759","EPO-110116","EPRESINART Epoxidharz Set Anfänger, 18oz/532ml Ungiftig Epoxidharz Klar Gießharz Set, 1: 1-Verhältnis Epoxy Resin fur Holz, Schmuck Art, Deko Tisch","1","amazon.de","Amazon","Hude","","27798","MarketplaceFacilitator","14,28","2,71","0","0","0","0","0","0","-2,71","-2,21","-3,51","0","0","8,56"
"15.03.2025 21:59:57 UTC","24445446062","Bestellung","306-1812444-3901122","UV-002","UV Harz 500g, UV Harz klar, Upgrade UV Resin hart, kristallklares Transparent UV Schnellhärtende UV Epoxidharz für Schmuck Herstellung DIY Handwerk","1","amazon.de","Amazon","Vaterstetten","","85591","MarketplaceFacilitator","20,16","3,83","0","0","0","0","0","0","-3,83","-3,12","-3,41","0","0","13,63"
"17.03.2025 19:13:20 UTC","24461578192","Bestellung","302-6147496-4965943","UV-002","UV Harz 500g, UV Harz klar, Upgrade UV Resin hart, kristallklares Transparent UV Schnellhärtende UV Epoxidharz für Schmuck Herstellung DIY Handwerk","1","amazon.de","Amazon","Basel","Basel-Stadt","40","MarketplaceFacilitator","20,16","1,63","0,54","0,04","0","0","-0,54","-0,04","-1,63","-3,12","-3,41","0","0","13,63"
"17.03.2025 21:21:23 UTC","24461578192","Bestellung","028-7564740-4580351","EPR-EU1G","EPRESINART Epoxidharz Set,3785ml Ungiftig Epoxidharz Klar Gießharz,1:1 Guss kristallklarer Epoxy Resin Klar Set fur Deko Tischplatte,Holz,Schmuck Art","1","amazon.de","Amazon","Berlin","","13158","MarketplaceFacilitator","58,82","11,17","0","0","0","0","0","0","-11,17","-9,10","-5,69","0","0","44,03"
"17.03.2025 21:23:03 UTC","24461578192","Bestellung","305-6683715-5729106","EPO-110116","EPRESINART Epoxidharz Set Anfänger, 18oz/532ml Ungiftig Epoxidharz Klar Gießharz Set, 1: 1-Verhältnis Epoxy Resin fur Holz, Schmuck Art, Deko Tisch","1","amazon.de","Amazon","Niederzier","","52382","MarketplaceFacilitator","14,28","2,71","3,35","0,64","0","0","0","0","-3,35","-2,21","-6,75","0","0","8,67"
"17.03.2025 22:02:33 UTC","24461578192","Übertrag","","","Für Konten mit folgenden Endziffern: 332","","","","","","","","0","0","0","0","0","0","0","0","0","0","0","0","-84,71","-84,71"
"17.03.2025 23:03:55 UTC","24461578192","Bestellung","028-3956202-5881939","UV-002","UV Harz 500g, UV Harz klar, Upgrade UV Resin hart, kristallklares Transparent UV Schnellhärtende UV Epoxidharz für Schmuck Herstellung DIY Handwerk","1","amazon.de","Amazon","Bennewitz","","04828","MarketplaceFacilitator","20,16","3,83","0","0","0","0","0","0","-3,83","-3,12","-3,41","0","0","13,63"
"17.03.2025 23:20:08 UTC","24461578192","Bestellung","304-8262500-4259531","L7-UJO5-2Z9P","BUTIRESIN Epoxidharz Set, 16oz/474ml, transparent, ungiftig, 1: 1-Verhältnis; einfach zu mischendes Harz, Lebensmittelecht und geruchsarm, blasenfrei","1","amazon.de","Amazon","Jork","","21635","MarketplaceFacilitator","13,44","2,55","0","0","0","0","-4,04","-0,76","-1,79","-1,45","-3,70","0","0","4,25"
"18.03.2025 00:12:49 UTC","24461578192","Bestellung","306-6960714-4586722","9W-G2D2-1J3T","BUTIRESIN Epoxidharz Set, 32oz/948ml, Transparent, Ungiftig, 1: 1-Verhältnis; Lebensmittelecht Und Geruchsarm, Blasenfrei,Beschichten, Kunst","1","amazon.de","Amazon","Michendorf","","14552","MarketplaceFacilitator","19,74","3,75","0","0","0","0","-3,95","-0,75","-3,00","-2,44","-4,13","0","0","9,22"
"18.03.2025 01:07:35 UTC","24461578192","Bestellung","302-5317560-2821942","L7-UJO5-2Z9P","BUTIRESIN Epoxidharz Set, 16oz/474ml, transparent, ungiftig, 1: 1-Verhältnis; einfach zu mischendes Harz, Lebensmittelecht und geruchsarm, blasenfrei","1","amazon.de","Amazon","Wusterwitz","","14789","MarketplaceFacilitator","13,44","2,55","0","0","0","0","-4,04","-0,76","-1,79","-1,45","-3,41","0","0","4,54"
"18.03.2025 02:08:57 UTC","24461578192","Liquidationen","19077354630552","X001ZGNIOL","BUTIRESIN Epoxidharz Set, 32oz/948ml, Transparent, Ungiftig, 1: 1-Verhältnis; Lebensmittelecht Und Geruchsarm, Blasenfrei,Beschichten, Kunst","1","","","","","","","0,49","0","0","0","0","0","0","0","0","0","0","0","0","0,49"
"18.03.2025 02:39:42 UTC","24461578192","Bestellung","302-4519013-4763558","L7-UJO5-2Z9P","BUTIRESIN Epoxidharz Set, 16oz/474ml, transparent, ungiftig, 1: 1-Verhältnis; einfach zu mischendes Harz, Lebensmittelecht und geruchsarm, blasenfrei","1","amazon.de","Amazon","Marchegg","","2293","MarketplaceFacilitator","12,76","2,55","0","0","0","0","-1,92","-0,38","-2,17","-1,69","-3,51","0","0","5,64"
"18.03.2025 15:22:46 UTC","24461578192","Bestellung","303-4876325-8385115","L8-JVRH-OZ94","EPRESINART Epoxidharz, 36oz/1064ml 1:1 Ratio, Ungiftiges, klares Epoxidharz Holz Kit, Kunstgestaltung, Restaurierung, Wandfliesen, Bodenbeläge","1","amazon.de","Amazon","Steyrling","Oberösterreich","4571","MarketplaceFacilitator","25,20","5,04","0","0","0","0","0","0","-5,04","-3,90","-4,13","0","0","17,17"
"18.03.2025 15:56:27 UTC","24461578192","Bestellung","305-2388308-5101127","UV-002","UV Harz 500g, UV Harz klar, Upgrade UV Resin hart, kristallklares Transparent UV Schnellhärtende UV Epoxidharz für Schmuck Herstellung DIY Handwerk","1","amazon.de","Amazon","Wien","","1050","MarketplaceFacilitator","20,16","4,03","0","0","0","0","0","0","-4,03","-3,12","-3,41","0","0","13,63"
"18.03.2025 17:17:06 UTC","24461578192","Bestellung","303-2322137-7138740","EPO-110116","EPRESINART Epoxidharz Set Anfänger, 18oz/532ml Ungiftig Epoxidharz Klar Gießharz Set, 1: 1-Verhältnis Epoxy Resin fur Holz, Schmuck Art, Deko Tisch","1","amazon.de","Amazon","Schönwalde am Bungsberg","","23744","MarketplaceFacilitator","14,28","2,71","0","0","0","0","0","0","-2,71","-2,21","-3,51","0","0","8,56"
"18.03.2025 19:20:21 UTC","24461578192","Bestellung","306-2793905-0442711","L8-JVRH-OZ94","EPRESINART Epoxidharz, 36oz/1064ml 1:1 Ratio, Ungiftiges, klares Epoxidharz Holz Kit, Kunstgestaltung, Restaurierung, Wandfliesen, Bodenbeläge","1","amazon.de","Amazon","Georgsmarienhütte","","49124","MarketplaceFacilitator","23,94","4,55","0","0","0","0","0","0","-4,55","-3,70","-4,13","0","0","16,11"
"18.03.2025 21:04:52 UTC","24461578192","Bestellung","305-0771317-0552347","UV-002","UV Harz 500g, UV Harz klar, Upgrade UV Resin hart, kristallklares Transparent UV Schnellhärtende UV Epoxidharz für Schmuck Herstellung DIY Handwerk","1","amazon.de","Amazon","Neukirchen am Walde","","4724","MarketplaceFacilitator","20,16","4,03","0","0","0","0","0","0","-4,03","-3,12","-3,41","0","0","13,63"
"18.03.2025 21:20:51 UTC","24461578192","Bestellung","306-2162413-7061932","UV-002","UV Harz 500g, UV Harz klar, Upgrade UV Resin hart, kristallklares Transparent UV Schnellhärtende UV Epoxidharz für Schmuck Herstellung DIY Handwerk","1","amazon.de","Amazon","Wien","Wien","1160","MarketplaceFacilitator","20,16","4,03","0","0","0","0","0","0","-4,03","-3,12","-3,41","0","0","13,63"
"18.03.2025 21:34:31 UTC","24461578192","Bestellung","305-3940193-0022748","L8-JVRH-OZ94","EPRESINART Epoxidharz, 36oz/1064ml 1:1 Ratio, Ungiftiges, klares Epoxidharz Holz Kit, Kunstgestaltung, Restaurierung, Wandfliesen, Bodenbeläge","1","amazon.de","Amazon","Adelheidsdorf","","29352","MarketplaceFacilitator","25,20","4,79","0","0","0","0","0","0","-4,79","-3,90","-4,13","0","0","17,17"
"18.03.2025 21:48:18 UTC","24461578192","Bestellung","304-8524755-6560348","L8-JVRH-OZ94","EPRESINART Epoxidharz, 36oz/1064ml 1:1 Ratio, Ungiftiges, klares Epoxidharz Holz Kit, Kunstgestaltung, Restaurierung, Wandfliesen, Bodenbeläge","1","amazon.de","Amazon","Detmold","Nordrhein-Westfalen","32760","MarketplaceFacilitator","25,20","4,79","0","0","0","0","0","0","-4,79","-3,90","-4,13","0","0","17,17"
"18.03.2025 23:25:12 UTC","24461578192","Bestellung","304-0343095-5034739","EPO-110116","EPRESINART Epoxidharz Set Anfänger, 18oz/532ml Ungiftig Epoxidharz Klar Gießharz Set, 1: 1-Verhältnis Epoxy Resin fur Holz, Schmuck Art, Deko Tisch","1","amazon.de","Amazon","Idstein","","65510","MarketplaceFacilitator","14,28","2,71","1,12","0,21","0","0","-1,12","-0,21","-2,71","-2,21","-3,51","0","0","8,56"
"19.03.2025 02:19:07 UTC","24461578192","Bestellung","303-9247338-7484331","L8-JVRH-OZ94","EPRESINART Epoxidharz, 36oz/1064ml 1:1 Ratio, Ungiftiges, klares Epoxidharz Holz Kit, Kunstgestaltung, Restaurierung, Wandfliesen, Bodenbeläge","1","amazon.de","Amazon","Lindholz","","18334","MarketplaceFacilitator","23,94","4,55","0","0","0","0","0","0","-4,55","-3,70","-4,13","0","0","16,11"
"19.03.2025 03:06:22 UTC","24461578192","Liquidationen","22884762486552","X001WCODN3","EPRESINART Epoxidharz Set Anfänger, 18oz/532ml Ungiftig Epoxidharz Klar Gießharz Set, 1: 1-Verhältnis Epoxy Resin fur Holz, Schmuck Art, Deko Tischplatte, Restauration und Beschichtung","1","","","","","","","0,79","0","0","0","0","0","0","0","0","0","0","-0,82","0","-0,03"
"19.03.2025 03:20:14 UTC","24461578192","Bestellung","028-2829849-4721959","9W-G2D2-1J3T","BUTIRESIN Epoxidharz Set, 32oz/948ml, Transparent, Ungiftig, 1: 1-Verhältnis; Lebensmittelecht Und Geruchsarm, Blasenfrei,Beschichten, Kunst","1","amazon.de","Amazon","Dombühl","","91601","MarketplaceFacilitator","23,94","4,55","0","0","0","0","-4,79","-0,91","-3,64","-2,96","-4,13","0","0","12,06"
"19.03.2025 16:58:13 UTC","24461578192","Bestellung","028-9627130-3732365","L8-JVRH-OZ94","EPRESINART Epoxidharz, 36oz/1064ml 1:1 Ratio, Ungiftiges, klares Epoxidharz Holz Kit, Kunstgestaltung, Restaurierung, Wandfliesen, Bodenbeläge","1","amazon.de","Amazon","Vlotho","","32602","MarketplaceFacilitator","25,20","4,79","1,12","0,21","0","0","-1,12","-0,21","-4,79","-3,90","-4,13","0","0","17,17"
"19.03.2025 17:23:59 UTC","24461578192","Bestellung","028-8393380-4091533","EPO-110116","EPRESINART Epoxidharz Set Anfänger, 18oz/532ml Ungiftig Epoxidharz Klar Gießharz Set, 1: 1-Verhältnis Epoxy Resin fur Holz, Schmuck Art, Deko Tisch","1","amazon.de","Amazon","Flöha","","09557","MarketplaceFacilitator","14,28","2,71","0","0","0","0","0","0","-2,71","-2,21","-3,51","0","0","8,56"
"19.03.2025 20:20:25 UTC","24461578192","Bestellung","306-1542231-7767568","EPR-EU1G","EPRESINART Epoxidharz Set,3785ml Ungiftig Epoxidharz Klar Gießharz,1:1 Guss kristallklarer Epoxy Resin Klar Set fur Deko Tischplatte,Holz,Schmuck Art","2","amazon.de","Amazon","Münster","","48161","MarketplaceFacilitator","117,64","22,34","0","0","0","0","0","0","-22,34","-18,20","-11,38","0","0","88,06"
"19.03.2025 21:32:43 UTC","24461578192","Bestellung","028-3825791-8613957","L8-JVRH-OZ94","EPRESINART Epoxidharz, 36oz/1064ml 1:1 Ratio, Ungiftiges, klares Epoxidharz Holz Kit, Kunstgestaltung, Restaurierung, Wandfliesen, Bodenbeläge","1","amazon.de","Amazon","Selm","","59379","MarketplaceFacilitator","25,20","4,79","0","0","0","0","0","0","-4,79","-3,90","-4,13","0","0","17,17"
"19.03.2025 21:52:56 UTC","24461578192","Bestellung","306-5403218-6851550","EPO-110116","EPRESINART Epoxidharz Set Anfänger, 18oz/532ml Ungiftig Epoxidharz Klar Gießharz Set, 1: 1-Verhältnis Epoxy Resin fur Holz, Schmuck Art, Deko Tisch","1","amazon.de","Amazon","Mechernich","Nordrhein-Westfalen","53894","MarketplaceFacilitator","14,28","2,71","1,68","0,32","0","0","0","0","-3,03","-2,21","-5,14","0","0","8,61"
"19.03.2025 23:59:13 UTC","24461578192","Bestellung","305-3263394-8777101","EPR-EU1G","EPRESINART Epoxidharz Set,3785ml Ungiftig Epoxidharz Klar Gießharz,1:1 Guss kristallklarer Epoxy Resin Klar Set fur Deko Tischplatte,Holz,Schmuck Art","1","amazon.de","Amazon","Gutau","","4293","MarketplaceFacilitator","58,82","11,76","0","0","0","0","0","0","-11,76","-9,10","-5,69","0","0","44,03"
"20.03.2025 19:59:15 UTC","24461578192","Bestellung","302-8178854-0554725","EPO-110116","EPRESINART Epoxidharz Set Anfänger, 18oz/532ml Ungiftig Epoxidharz Klar Gießharz Set, 1: 1-Verhältnis Epoxy Resin fur Holz, Schmuck Art, Deko Tisch","1","amazon.de","Amazon","Dorsten","","46284","MarketplaceFacilitator","14,28","2,71","0","0","0","0","0","0","-2,71","-2,21","-3,51","0","0","8,56"
"20.03.2025 20:21:50 UTC","24461578192","Bestellung","028-9247137-9907534","EPO-110116","EPRESINART Epoxidharz Set Anfänger, 18oz/532ml Ungiftig Epoxidharz Klar Gießharz Set, 1: 1-Verhältnis Epoxy Resin fur Holz, Schmuck Art, Deko Tisch","1","amazon.de","Amazon","Fichtenwalde","","14547","MarketplaceFacilitator","14,28","2,71","0","0","0","0","0","0","-2,71","-2,21","-3,51","0","0","8,56"
"20.03.2025 20:29:26 UTC","24461578192","Bestellung","303-5774108-2693167","L8-JVRH-OZ94","EPRESINART Epoxidharz, 36oz/1064ml 1:1 Ratio, Ungiftiges, klares Epoxidharz Holz Kit, Kunstgestaltung, Restaurierung, Wandfliesen, Bodenbeläge","1","amazon.de","Amazon","Odelzhausen","Bayern","85235","MarketplaceFacilitator","25,20","4,79","0","0","0","0","0","0","-4,79","-3,90","-4,13","0","0","17,17"
"20.03.2025 20:41:36 UTC","24461578192","Bestellung","303-8323902-5879569","L8-JVRH-OZ94","EPRESINART Epoxidharz, 36oz/1064ml 1:1 Ratio, Ungiftiges, klares Epoxidharz Holz Kit, Kunstgestaltung, Restaurierung, Wandfliesen, Bodenbeläge","1","amazon.de","Amazon","Warendorf","","48231","MarketplaceFacilitator","25,20","4,79","1,12","0,21","0","0","-1,12","-0,21","-4,79","-3,90","-4,13","0","0","17,17"
"20.03.2025 21:15:48 UTC","24461578192","Bestellung","302-2246527-1021952","EPR-EU1G","EPRESINART Epoxidharz Set,3785ml Ungiftig Epoxidharz Klar Gießharz,1:1 Guss kristallklarer Epoxy Resin Klar Set fur Deko Tischplatte,Holz,Schmuck Art","1","amazon.de","Amazon","Langenlebarn","","3425","MarketplaceFacilitator","50,41","10,08","0","0","0","0","0","0","-10,08","-7,80","-5,69","0","0","36,92"
"20.03.2025 21:37:18 UTC","24461578192","Bestellung","028-7426284-5336352","L8-JVRH-OZ94","EPRESINART Epoxidharz, 36oz/1064ml 1:1 Ratio, Ungiftiges, klares Epoxidharz Holz Kit, Kunstgestaltung, Restaurierung, Wandfliesen, Bodenbeläge","1","amazon.de","Amazon","Bad Hersfeld","Hessen","36251","MarketplaceFacilitator","25,20","4,79","0","0","0","0","0","0","-4,79","-3,90","-4,13","0","0","17,17"
"20.03.2025 22:41:08 UTC","24461578192","Bestellung","305-3273319-9985963","UV-002","UV Harz 500g, UV Harz klar, Upgrade UV Resin hart, kristallklares Transparent UV Schnellhärtende UV Epoxidharz für Schmuck Herstellung DIY Handwerk","1","amazon.de","Amazon","Dinslaken","","46539","MarketplaceFacilitator","20,16","3,83","0","0","0","0","0","0","-3,83","-3,12","-3,41","0","0","13,63"
"20.03.2025 22:54:08 UTC","24461578192","Bestellung","306-8801381-9157117","L8-JVRH-OZ94","EPRESINART Epoxidharz, 36oz/1064ml 1:1 Ratio, Ungiftiges, klares Epoxidharz Holz Kit, Kunstgestaltung, Restaurierung, Wandfliesen, Bodenbeläge","1","amazon.de","Amazon","Solms","Hessen","35606","MarketplaceFacilitator","25,20","4,79","1,67","0,32","0","0","-1,67","-0,32","-4,79","-3,90","-4,13","0","0","17,17"
"20.03.2025 23:48:14 UTC","24461578192","Bestellung","028-1826050-5285914","EPO-110116","EPRESINART Epoxidharz Set Anfänger, 18oz/532ml Ungiftig Epoxidharz Klar Gießharz Set, 1: 1-Verhältnis Epoxy Resin fur Holz, Schmuck Art, Deko Tisch","1","amazon.de","Amazon","Kamenz","Sachsen","01917","MarketplaceFacilitator","14,28","2,71","0","0","0","0","0","0","-2,71","-2,21","-3,51","0","0","8,56"
"21.03.2025 12:52:38 UTC","24476583452","Bestellung","304-5753453-7342753","EPR-EU1G","EPRESINART Epoxidharz Set,3785ml Ungiftig Epoxidharz Klar Gießharz,1:1 Guss kristallklarer Epoxy Resin Klar Set fur Deko Tischplatte,Holz,Schmuck Art","1","amazon.de","Amazon","Luxembourg","Luxembourg","1273","MarketplaceFacilitator","50,41","8,57","0","0","0","0","0","0","-8,57","-7,80","-5,69","0","0","36,92"
"21.03.2025 16:21:12 UTC","24476583452","Bestellung","028-6884415-7865916","EPR-EU1G","EPRESINART Epoxidharz Set,3785ml Ungiftig Epoxidharz Klar Gießharz,1:1 Guss kristallklarer Epoxy Resin Klar Set fur Deko Tischplatte,Holz,Schmuck Art","1","amazon.de","Amazon","Berlin","","13158","MarketplaceFacilitator","50,41","9,58","0","0","0","0","0","0","-9,58","-7,80","-5,69","0","0","36,92"
"21.03.2025 21:12:58 UTC","24476583452","Bestellung","028-8639460-8615523","EPO-110116","EPRESINART Epoxidharz Set Anfänger, 18oz/532ml Ungiftig Epoxidharz Klar Gießharz Set, 1: 1-Verhältnis Epoxy Resin fur Holz, Schmuck Art, Deko Tisch","1","amazon.de","Amazon","Verl","","33415","MarketplaceFacilitator","14,28","2,71","0","0","0","0","0","0","-2,71","-2,21","-3,51","0","0","8,56"
"21.03.2025 21:14:29 UTC","24476583452","Bestellung","305-7235780-7918758","9W-G2D2-1J3T","BUTIRESIN Epoxidharz Set, 32oz/948ml, Transparent, Ungiftig, 1: 1-Verhältnis; Lebensmittelecht Und Geruchsarm, Blasenfrei,Beschichten, Kunst","1","amazon.de","Amazon","Käbschütztal","","01665","MarketplaceFacilitator","25,20","4,79","0","0","0","0","-5,04","-0,96","-7,66","-6,24","-9,38","0","0","0,71"
"21.03.2025 21:14:29 UTC","24476583452","Bestellung","305-7235780-7918758","9W-G2D2-1J3T","BUTIRESIN Epoxidharz Set, 32oz/948ml, Transparent, Ungiftig, 1: 1-Verhältnis; Lebensmittelecht Und Geruchsarm, Blasenfrei,Beschichten, Kunst","1","amazon.de","Amazon","Käbschütztal","","01665","","25,20","4,79","0","0","0","0","-5,04","-0,96","0","0","-9,38","0","0","14,61"
"21.03.2025 21:35:06 UTC","24476583452","Bestellung","305-6683391-3041918","EPO-110116","EPRESINART Epoxidharz Set Anfänger, 18oz/532ml Ungiftig Epoxidharz Klar Gießharz Set, 1: 1-Verhältnis Epoxy Resin fur Holz, Schmuck Art, Deko Tisch","1","amazon.de","Amazon","Merdingen","","79291","MarketplaceFacilitator","14,28","2,71","0","0","0","0","0","0","-2,71","-2,21","-3,51","0","0","8,56"
"21.03.2025 22:22:51 UTC","24476583452","Übertrag","","","Für Konten mit folgenden Endziffern: 332","","","","","","","","0","0","0","0","0","0","0","0","0","0","0","0","-586,38","-586,38"
"21.03.2025 22:47:49 UTC","24476583452","Bestellung","305-2764018-9961954","L8-JVRH-OZ94","EPRESINART Epoxidharz, 36oz/1064ml 1:1 Ratio, Ungiftiges, klares Epoxidharz Holz Kit, Kunstgestaltung, Restaurierung, Wandfliesen, Bodenbeläge","1","amazon.de","Amazon","Lübbecke","","32312","MarketplaceFacilitator","23,94","4,55","1,67","0,32","0","0","-1,67","-0,32","-4,55","-3,70","-4,13","0","0","16,11"
"21.03.2025 22:58:02 UTC","24476583452","Bestellung","304-4804518-3156332","UV-002","UV Harz 500g, UV Harz klar, Upgrade UV Resin hart, kristallklares Transparent UV Schnellhärtende UV Epoxidharz für Schmuck Herstellung DIY Handwerk","1","amazon.de","Amazon","Eußenheim","Bayern","97776","MarketplaceFacilitator","20,16","3,83","0","0","0","0","0","0","-3,83","-3,12","-3,41","0","0","13,63"
"22.03.2025 00:00:30 UTC","24476583452","Bestellung","305-6628852-6962744","UV-002","UV Harz 500g, UV Harz klar, Upgrade UV Resin hart, kristallklares Transparent UV Schnellhärtende UV Epoxidharz für Schmuck Herstellung DIY Handwerk","1","amazon.de","Amazon","Bützow","","18246","MarketplaceFacilitator","20,16","3,83","0","0","0","0","0","0","-3,83","-3,12","-3,41","0","0","13,63"
"22.03.2025 00:57:11 UTC","24476583452","Servicegebühr","","","Werbekosten","","","","","","","","0","0","0","0","0","0","0","0","0","0","0","-503,00","0","-503,00"
"22.03.2025 16:41:01 UTC","24476583452","Liquidationen","18997946470552","X001ZGRH7Z","BUTIRESIN Epoxidharz Set, 16oz/474ml, transparent, ungiftig, 1: 1-Verhältnis; einfach zu mischendes Harz, Lebensmittelecht und geruchsarm, blasenfrei, hohe Härte zum Gießen, Beschichten, Kunst","1","","","","","","","0,12","0,02","0","0","0","0","0","0","0","0","0","0","0","0,14"
"22.03.2025 20:31:34 UTC","24476583452","Bestellung","306-5067074-1865150","L8-JVRH-OZ94","EPRESINART Epoxidharz, 36oz/1064ml 1:1 Ratio, Ungiftiges, klares Epoxidharz Holz Kit, Kunstgestaltung, Restaurierung, Wandfliesen, Bodenbeläge","1","amazon.de","Amazon","Merchweiler","De","66589","MarketplaceFacilitator","23,94","4,55","3,35","0,64","0","0","0","0","-5,19","-3,70","-7,37","0","0","16,22"
"22.03.2025 23:05:38 UTC","24476583452","Bestellung","304-2171670-1690716","EPR-EU1G","EPRESINART Epoxidharz Set,3785ml Ungiftig Epoxidharz Klar Gießharz,1:1 Guss kristallklarer Epoxy Resin Klar Set fur Deko Tischplatte,Holz,Schmuck Art","1","amazon.de","Amazon","grabow","Mecklenburg-Vorpommern","19300","MarketplaceFacilitator","50,41","9,58","3,35","0,64","0","0","-3,35","-0,64","-9,58","-7,80","-5,69","0","0","36,92"
"22.03.2025 23:13:47 UTC","24476583452","Bestellung","303-8124085-4123523","L8-JVRH-OZ94","EPRESINART Epoxidharz, 36oz/1064ml 1:1 Ratio, Ungiftiges, klares Epoxidharz Holz Kit, Kunstgestaltung, Restaurierung, Wandfliesen, Bodenbeläge","1","amazon.de","Amazon","Wetzlar","","35578","MarketplaceFacilitator","25,20","4,79","1,68","0,32","0","0","-1,68","-0,32","-4,79","-3,90","-4,13","0","0","17,17"
"22.03.2025 23:19:28 UTC","24476583452","Bestellung","303-1405222-4214732","EPO-110116","EPRESINART Epoxidharz Set Anfänger, 18oz/532ml Ungiftig Epoxidharz Klar Gießharz Set, 1: 1-Verhältnis Epoxy Resin fur Holz, Schmuck Art, Deko Tisch","1","amazon.de","Amazon","Graz","","8044","MarketplaceFacilitator","13,56","2,71","0","0","0","0","0","0","-2,71","-2,10","-3,51","0","0","7,95"
"23.03.2025 19:51:49 UTC","24476583452","Anpassung","304-9141907-6098714","9W-G2D2-1J3T","Versand durch Amazon Erstattung für Lagerbestand - Kundenrücksendung","1","","","","","","","0","0","0","0","0","0","0","0","0","0","0","0","10,93","10,93"
"24.03.2025 20:46:57 UTC","24476583452","Bestellung","304-2268224-5109149","UV-002","UV Harz 500g, UV Harz klar, Upgrade UV Resin hart, kristallklares Transparent UV Schnellhärtende UV Epoxidharz für Schmuck Herstellung DIY Handwerk","1","amazon.de","Amazon","Marktrodach","","96364","MarketplaceFacilitator","20,16","3,83","0,67","0,13","0","0","-0,67","-0,13","-3,83","-3,12","-3,41","0","0","13,63"
"24.03.2025 20:55:28 UTC","24476583452","Bestellung","304-1623644-7982713","EPR-EU1G","EPRESINART Epoxidharz Set,3785ml Ungiftig Epoxidharz Klar Gießharz,1:1 Guss kristallklarer Epoxy Resin Klar Set fur Deko Tischplatte,Holz,Schmuck Art","1","amazon.de","Amazon","Dresden","","01069","MarketplaceFacilitator","50,41","9,58","0","0","0","0","0","0","-9,58","-7,80","-5,69","0","0","36,92"
"24.03.2025 21:50:33 UTC","24476583452","Bestellung","305-6909750-8718730","9W-G2D2-1J3T","BUTIRESIN Epoxidharz Set, 32oz/948ml, Transparent, Ungiftig, 1: 1-Verhältnis; Lebensmittelecht Und Geruchsarm, Blasenfrei,Beschichten, Kunst","1","amazon.de","Amazon","Dresden","","01099","MarketplaceFacilitator","25,20","4,79","0","0","0","0","-5,04","-0,96","-3,83","-3,12","-9,38","0","0","7,66"
"24.03.2025 22:15:49 UTC","24476583452","Bestellung","306-1663606-7602722","9W-G2D2-1J3T","BUTIRESIN Epoxidharz Set, 32oz/948ml, Transparent, Ungiftig, 1: 1-Verhältnis; Lebensmittelecht Und Geruchsarm, Blasenfrei,Beschichten, Kunst","1","amazon.de","Amazon","Renningen","Deutschland","71272","MarketplaceFacilitator","25,20","4,79","1,67","0,32","0","0","-6,71","-1,28","-3,83","-3,12","-9,38","0","0","7,66"
"24.03.2025 23:05:20 UTC","24476583452","Bestellung","304-5099721-8760311","EPO-110116","EPRESINART Epoxidharz Set Anfänger, 18oz/532ml Ungiftig Epoxidharz Klar Gießharz Set, 1: 1-Verhältnis Epoxy Resin fur Holz, Schmuck Art, Deko Tisch","1","amazon.de","Amazon","Bad Oeynhausen","Nordrhein-Westfalen","32549","MarketplaceFacilitator","13,56","2,58","0,34","0,06","0","0","-0,34","-0,06","-2,58","-2,10","-3,51","0","0","7,95"
"25.03.2025 12:11:27 UTC","24476583452","Bestellung","305-4448437-5748338","L8-JVRH-OZ94","EPRESINART Epoxidharz, 36oz/1064ml 1:1 Ratio, Ungiftiges, klares Epoxidharz Holz Kit, Kunstgestaltung, Restaurierung, Wandfliesen, Bodenbeläge","1","amazon.de","Amazon","Oberhausen","NRW","46119","MarketplaceFacilitator","24,36","4,63","0","0","0","0","0","0","-4,63","-3,77","-4,13","0","0","16,46"
"25.03.2025 20:15:47 UTC","24476583452","Bestellung","302-4703636-6473931","EPR-EU1G","EPRESINART Epoxidharz Set,3785ml Ungiftig Epoxidharz Klar Gießharz,1:1 Guss kristallklarer Epoxy Resin Klar Set fur Deko Tischplatte,Holz,Schmuck Art","1","amazon.de","Amazon","Fürstenwalde/spree","","15517","MarketplaceFacilitator","50,41","9,58","0","0","0","0","0","0","-9,58","-7,80","-5,69","0","0","36,92"
"25.03.2025 20:55:25 UTC","24476583452","Bestellung","028-2887860-8168327","L8-JVRH-OZ94","EPRESINART Epoxidharz, 36oz/1064ml 1:1 Ratio, Ungiftiges, klares Epoxidharz Holz Kit, Kunstgestaltung, Restaurierung, Wandfliesen, Bodenbeläge","1","amazon.de","Amazon","Kamp-lintfort","","47475","MarketplaceFacilitator","23,94","4,55","0","0","0","0","0","0","-4,55","-3,70","-4,13","0","0","16,11"
"25.03.2025 21:04:21 UTC","24476583452","Bestellung","305-5734526-1798720","UV-002","UV Harz 500g, UV Harz klar, Upgrade UV Resin hart, kristallklares Transparent UV Schnellhärtende UV Epoxidharz für Schmuck Herstellung DIY Handwerk","1","amazon.de","Amazon","Birsfelden","Basel-Land","41","MarketplaceFacilitator","20,16","1,63","2,16","0,17","0","0","0","0","-1,80","-3,12","-5,34","0","0","13,86"
"25.03.2025 21:26:05 UTC","24476583452","Bestellung","303-9590966-8873964","L7-UJO5-2Z9P","BUTIRESIN Epoxidharz Set, 16oz/474ml, transparent, ungiftig, 1: 1-Verhältnis; einfach zu mischendes Harz, Lebensmittelecht und geruchsarm, blasenfrei","1","amazon.de","Amazon","Weisslingen","","84","MarketplaceFacilitator","12,76","1,03","3,23","0,26","0","0","-5,15","-0,41","-0,88","-1,52","-3,51","0","0","5,81"
"25.03.2025 21:39:16 UTC","24476583452","Bestellung","306-3727470-7231515","L8-JVRH-OZ94","EPRESINART Epoxidharz, 36oz/1064ml 1:1 Ratio, Ungiftiges, klares Epoxidharz Holz Kit, Kunstgestaltung, Restaurierung, Wandfliesen, Bodenbeläge","2","amazon.de","Amazon","Essen","","45144","MarketplaceFacilitator","47,88","9,10","0","0","0","0","0","0","-9,10","-7,40","-8,26","0","0","32,22"
"25.03.2025 21:44:46 UTC","24476583452","Bestellung","028-9376067-5335520","EPO-110116","EPRESINART Epoxidharz Set Anfänger, 18oz/532ml Ungiftig Epoxidharz Klar Gießharz Set, 1: 1-Verhältnis Epoxy Resin fur Holz, Schmuck Art, Deko Tisch","1","amazon.de","Amazon","Berlin","","12207","MarketplaceFacilitator","13,56","2,58","0","0","0","0","0","0","-2,58","-2,10","-3,51","0","0","7,95"
"25.03.2025 22:19:04 UTC","24476583452","Bestellung","304-8156494-1545962","EPR-EU1G","EPRESINART Epoxidharz Set,3785ml Ungiftig Epoxidharz Klar Gießharz,1:1 Guss kristallklarer Epoxy Resin Klar Set fur Deko Tischplatte,Holz,Schmuck Art","2","amazon.de","Amazon","Luxembourg","Luxembourg","1273","MarketplaceFacilitator","100,82","17,14","0","0","0","0","0","0","-17,14","-15,60","-11,38","0","0","73,84"
"25.03.2025 22:23:17 UTC","24476583452","Bestellung","305-9101472-5433944","EPO-110116","EPRESINART Epoxidharz Set Anfänger, 18oz/532ml Ungiftig Epoxidharz Klar Gießharz Set, 1: 1-Verhältnis Epoxy Resin fur Holz, Schmuck Art, Deko Tisch","1","amazon.de","Amazon","Augsburg","Bayern","86159","MarketplaceFacilitator","13,56","2,58","0","0","0","0","0","0","-2,58","-2,10","-3,51","0","0","7,95"
"25.03.2025 23:06:53 UTC","24476583452","Bestellung","304-4611315-3375563","EPO-110116","EPRESINART Epoxidharz Set Anfänger, 18oz/532ml Ungiftig Epoxidharz Klar Gießharz Set, 1: 1-Verhältnis Epoxy Resin fur Holz, Schmuck Art, Deko Tisch","1","amazon.de","Amazon","Ennigerloh","","59320","MarketplaceFacilitator","13,56","2,58","0","0","0","0","0","0","-2,58","-2,10","-3,51","0","0","7,95"
"25.03.2025 23:14:36 UTC","24476583452","Bestellung","304-6731487-1757954","EPO-110116","EPRESINART Epoxidharz Set Anfänger, 18oz/532ml Ungiftig Epoxidharz Klar Gießharz Set, 1: 1-Verhältnis Epoxy Resin fur Holz, Schmuck Art, Deko Tisch","1","amazon.de","Amazon","Hochheim am Main","Hessen","65239","MarketplaceFacilitator","13,56","2,58","0","0","0","0","0","0","-2,58","-2,10","-3,51","0","0","7,95"
"25.03.2025 23:40:47 UTC","24476583452","Bestellung","304-8276521-4160350","UV-002","UV Harz 500g, UV Harz klar, Upgrade UV Resin hart, kristallklares Transparent UV Schnellhärtende UV Epoxidharz für Schmuck Herstellung DIY Handwerk","1","amazon.de","Amazon","Hohenhameln","","31249","MarketplaceFacilitator","20,16","3,83","0","0","0","0","0","0","-3,83","-3,12","-3,41","0","0","13,63"
"25.03.2025 23:55:05 UTC","24476583452","Bestellung","304-2369962-5453914","UV-002","UV Harz 500g, UV Harz klar, Upgrade UV Resin hart, kristallklares Transparent UV Schnellhärtende UV Epoxidharz für Schmuck Herstellung DIY Handwerk","1","amazon.de","Amazon","München","Bayern","81476","MarketplaceFacilitator","20,16","3,83","0","0","0","0","0","0","-3,83","-3,12","-3,41","0","0","13,63"
"26.03.2025 18:53:21 UTC","24476583452","Bestellung","304-3077291-5474742","L7-UJO5-2Z9P","BUTIRESIN Epoxidharz Set, 16oz/474ml, transparent, ungiftig, 1: 1-Verhältnis; einfach zu mischendes Harz, Lebensmittelecht und geruchsarm, blasenfrei","1","amazon.de","Amazon","Reith bei Seefeld","","6103","MarketplaceFacilitator","12,76","2,55","0","0","0","0","-1,92","-0,38","-2,17","-1,69","-3,51","0","0","5,64"
"26.03.2025 20:31:14 UTC","24476583452","Bestellung","028-6471353-0286710","UV-002","UV Harz 500g, UV Harz klar, Upgrade UV Resin hart, kristallklares Transparent UV Schnellhärtende UV Epoxidharz für Schmuck Herstellung DIY Handwerk","1","amazon.de","Amazon","Regenstauf","Bayern","93128","MarketplaceFacilitator","20,16","3,83","0","0","0","0","0","0","-3,83","-3,12","-3,41","0","0","13,63"
"26.03.2025 20:59:53 UTC","24476583452","Bestellung","303-8989322-2083561","L7-UJO5-2Z9P","BUTIRESIN Epoxidharz Set, 16oz/474ml, transparent, ungiftig, 1: 1-Verhältnis; einfach zu mischendes Harz, Lebensmittelecht und geruchsarm, blasenfrei","1","amazon.de","Amazon","Treffurt","","99830","MarketplaceFacilitator","12,76","2,43","1,67","0,32","0","0","-1,92","-0,36","-2,39","-1,68","-5,18","0","0","5,65"
"26.03.2025 22:08:14 UTC","24476583452","Bestellung","305-5937952-7050752","EPO-110116","EPRESINART Epoxidharz Set Anfänger, 18oz/532ml Ungiftig Epoxidharz Klar Gießharz Set, 1: 1-Verhältnis Epoxy Resin fur Holz, Schmuck Art, Deko Tisch","1","amazon.de","Amazon","Tübingen","","72070","MarketplaceFacilitator","13,56","2,58","0","0","0","0","0","0","-2,58","-2,10","-3,51","0","0","7,95"
"26.03.2025 22:27:20 UTC","24476583452","Bestellung","028-3774368-0877152","EPO-110116","EPRESINART Epoxidharz Set Anfänger, 18oz/532ml Ungiftig Epoxidharz Klar Gießharz Set, 1: 1-Verhältnis Epoxy Resin fur Holz, Schmuck Art, Deko Tisch","1","amazon.de","Amazon","München","","80797","MarketplaceFacilitator","13,56","2,58","0","0","0","0","0","0","-2,58","-2,10","-3,51","0","0","7,95"
"26.03.2025 23:06:39 UTC","24476583452","Bestellung","028-6417795-8096369","EPO-110116","EPRESINART Epoxidharz Set Anfänger, 18oz/532ml Ungiftig Epoxidharz Klar Gießharz Set, 1: 1-Verhältnis Epoxy Resin fur Holz, Schmuck Art, Deko Tisch","1","amazon.de","Amazon","Höchst","","64739","MarketplaceFacilitator","13,56","2,58","3,35","0,64","0","0","0","0","-3,22","-2,10","-6,75","0","0","8,06"
"26.03.2025 23:55:56 UTC","24476583452","Bestellung","303-4171129-4678731","9W-G2D2-1J3T","BUTIRESIN Epoxidharz Set, 32oz/948ml, Transparent, Ungiftig, 1: 1-Verhältnis; Lebensmittelecht Und Geruchsarm, Blasenfrei,Beschichten, Kunst","1","amazon.de","Amazon","Salzburg","Salzburg","5020","MarketplaceFacilitator","23,94","4,79","0","0","0","0","-4,79","-0,96","-3,83","-2,99","-9,38","0","0","6,78"
"27.03.2025 16:32:31 UTC","24476583452","Bestellung","304-5072874-0556336","EPO-110116","EPRESINART Epoxidharz Set Anfänger, 18oz/532ml Ungiftig Epoxidharz Klar Gießharz Set, 1: 1-Verhältnis Epoxy Resin fur Holz, Schmuck Art, Deko Tisch","1","amazon.de","Amazon","Altenberg","","01773","MarketplaceFacilitator","13,56","2,58","0","0","0","0","0","0","-2,58","-2,10","-3,51","0","0","7,95"
"27.03.2025 19:08:41 UTC","24476583452","Bestellung","303-0981190-9914705","UV-002","UV Harz 500g, UV Harz klar, Upgrade UV Resin hart, kristallklares Transparent UV Schnellhärtende UV Epoxidharz für Schmuck Herstellung DIY Handwerk","1","amazon.de","Amazon","Halle (saale)","","06110","MarketplaceFacilitator","20,16","3,83","0","0","0","0","0","0","-3,83","-3,12","-3,41","0","0","13,63"
"27.03.2025 20:23:18 UTC","24476583452","Bestellung","302-6218571-3065119","L8-JVRH-OZ94","EPRESINART Epoxidharz, 36oz/1064ml 1:1 Ratio, Ungiftiges, klares Epoxidharz Holz Kit, Kunstgestaltung, Restaurierung, Wandfliesen, Bodenbeläge","1","amazon.de","Amazon","Bad Endbach","","35080","MarketplaceFacilitator","23,94","4,55","0","0","0","0","0","0","-4,55","-3,70","-4,13","0","0","16,11"
"27.03.2025 21:45:42 UTC","24476583452","Bestellung","028-9415963-6702734","EPO-110116","EPRESINART Epoxidharz Set Anfänger, 18oz/532ml Ungiftig Epoxidharz Klar Gießharz Set, 1: 1-Verhältnis Epoxy Resin fur Holz, Schmuck Art, Deko Tisch","1","amazon.de","Amazon","Wien","Wien","1030","","13,56","0","0","0","0","0","0","0","0","-2,10","-3,51","0","0","7,95"
"27.03.2025 22:17:32 UTC","24476583452","Bestellung","303-2554581-8877962","L7-UJO5-2Z9P","BUTIRESIN Epoxidharz Set, 16oz/474ml, transparent, ungiftig, 1: 1-Verhältnis; einfach zu mischendes Harz, Lebensmittelecht und geruchsarm, blasenfrei","1","amazon.de","Amazon","Heilbronn","","74076","MarketplaceFacilitator","12,76","2,43","0","0","0","0","-1,92","-0,36","-2,07","-1,68","-3,51","0","0","5,65"
"27.03.2025 22:36:09 UTC","24476583452","Bestellung","303-4759783-3408319","9W-G2D2-1J3T","BUTIRESIN Epoxidharz Set, 32oz/948ml, Transparent, Ungiftig, 1: 1-Verhältnis; Lebensmittelecht Und Geruchsarm, Blasenfrei,Beschichten, Kunst","1","amazon.de","Amazon","Leipzig","","04158","MarketplaceFacilitator","23,94","4,55","0","0","0","0","-4,79","-0,91","-3,64","-2,96","-9,38","0","0","6,81"
"27.03.2025 23:28:41 UTC","24476583452","Bestellung","303-6031490-4293926","EPR-EU1G","EPRESINART Epoxidharz Set,3785ml Ungiftig Epoxidharz Klar Gießharz,1:1 Guss kristallklarer Epoxy Resin Klar Set fur Deko Tischplatte,Holz,Schmuck Art","1","amazon.de","Amazon","Wichtrach","Bern","31","MarketplaceFacilitator","50,41","4,08","0,93","0,07","0","0","-0,93","-0,07","-4,08","-7,80","-5,69","0","0","36,92"
"28.03.2025 12:39:46 UTC","24506146432","Bestellung","303-5477644-4505103","L8-JVRH-OZ94","EPRESINART Epoxidharz, 36oz/1064ml 1:1 Ratio, Ungiftiges, klares Epoxidharz Holz Kit, Kunstgestaltung, Restaurierung, Wandfliesen, Bodenbeläge","1","amazon.de","Amazon","Aigen-Schlägl","","4160","","23,94","0","1,00","0","0","0","-1,00","0","0","-3,70","-4,13","0","0","16,11"
"28.03.2025 14:32:22 UTC","24506146432","Bestellung","028-4123270-4719501","L8-JVRH-OZ94","EPRESINART Epoxidharz, 36oz/1064ml 1:1 Ratio, Ungiftiges, klares Epoxidharz Holz Kit, Kunstgestaltung, Restaurierung, Wandfliesen, Bodenbeläge","1","amazon.de","Amazon","Berlin","","12207","MarketplaceFacilitator","23,94","4,55","0","0","0","0","0","0","-4,55","-3,70","-4,13","0","0","16,11"
"28.03.2025 19:16:33 UTC","24506146432","Bestellung","028-0847462-4432303","EPO-110116","EPRESINART Epoxidharz Set Anfänger, 18oz/532ml Ungiftig Epoxidharz Klar Gießharz Set, 1: 1-Verhältnis Epoxy Resin fur Holz, Schmuck Art, Deko Tisch","1","amazon.de","Amazon","Eilenburg","Sachsen","04838","MarketplaceFacilitator","13,56","2,58","0","0","0","0","0","0","-2,58","-2,10","-3,51","0","0","7,95"
"28.03.2025 20:04:22 UTC","24506146432","Bestellung","305-5940605-7996356","EPO-110116","EPRESINART Epoxidharz Set Anfänger, 18oz/532ml Ungiftig Epoxidharz Klar Gießharz Set, 1: 1-Verhältnis Epoxy Resin fur Holz, Schmuck Art, Deko Tisch","1","amazon.de","Amazon","Saarbrücken","","66131","MarketplaceFacilitator","13,56","2,58","0","0","0","0","0","0","-2,58","-2,10","-3,51","0","0","7,95"
"28.03.2025 20:13:12 UTC","24506146432","Bestellung","303-2578378-3869121","L7-UJO5-2Z9P","BUTIRESIN Epoxidharz Set, 16oz/474ml, transparent, ungiftig, 1: 1-Verhältnis; einfach zu mischendes Harz, Lebensmittelecht und geruchsarm, blasenfrei","1","amazon.de","Amazon","Lichtenau","","33165","MarketplaceFacilitator","12,76","2,43","0","0","0","0","-1,92","-0,36","-2,07","-1,68","-3,51","0","0","5,65"
"28.03.2025 21:15:35 UTC","24506146432","Bestellung","304-0719036-7125107","L7-UJO5-2Z9P","BUTIRESIN Epoxidharz Set, 16oz/474ml, transparent, ungiftig, 1: 1-Verhältnis; einfach zu mischendes Harz, Lebensmittelecht und geruchsarm, blasenfrei","1","amazon.de","Amazon","Tönisvorst","","47918","MarketplaceFacilitator","12,76","2,43","0","0","0","0","-1,92","-0,36","-4,14","-3,36","-3,51","0","0","1,90"
"28.03.2025 21:15:35 UTC","24506146432","Bestellung","304-0719036-7125107","L7-UJO5-2Z9P","BUTIRESIN Epoxidharz Set, 16oz/474ml, transparent, ungiftig, 1: 1-Verhältnis; einfach zu mischendes Harz, Lebensmittelecht und geruchsarm, blasenfrei","1","amazon.de","Amazon","Tönisvorst","","47918","","12,76","2,43","0","0","0","0","-1,92","-0,36","0","0","-3,51","0","0","9,40"
"28.03.2025 22:04:00 UTC","24506146432","Bestellung","303-6835597-7522715","L8-JVRH-OZ94","EPRESINART Epoxidharz, 36oz/1064ml 1:1 Ratio, Ungiftiges, klares Epoxidharz Holz Kit, Kunstgestaltung, Restaurierung, Wandfliesen, Bodenbeläge","1","amazon.de","Amazon","Hückelhoven","","41836","MarketplaceFacilitator","23,94","4,55","0","0","0","0","0","0","-4,55","-3,70","-4,13","0","0","16,11"
"28.03.2025 22:25:23 UTC","24506146432","Bestellung","302-8985430-9256318","UV-002","UV Harz 500g, UV Harz klar, Upgrade UV Resin hart, kristallklares Transparent UV Schnellhärtende UV Epoxidharz für Schmuck Herstellung DIY Handwerk","1","amazon.de","Amazon","Geisingen","","78187","MarketplaceFacilitator","20,16","3,83","0","0","0","0","0","0","-3,83","-3,12","-3,41","0","0","13,63"
"28.03.2025 23:45:30 UTC","24506146432","Übertrag","","","Für Konten mit folgenden Endziffern: 332","","","","","","","","0","0","0","0","0","0","0","0","0","0","0","0","-214,76","-214,76"
"29.03.2025 00:25:43 UTC","24506146432","Bestellung","028-0610854-2314718","L8-JVRH-OZ94","EPRESINART Epoxidharz, 36oz/1064ml 1:1 Ratio, Ungiftiges, klares Epoxidharz Holz Kit, Kunstgestaltung, Restaurierung, Wandfliesen, Bodenbeläge","1","amazon.de","Amazon","Schwangau","","87645","MarketplaceFacilitator","23,94","4,55","0","0","0","0","0","0","-4,55","-3,70","-4,13","0","0","16,11"
"29.03.2025 20:00:21 UTC","24506146432","Bestellung","306-7718642-3777926","9W-G2D2-1J3T","BUTIRESIN Epoxidharz Set, 32oz/948ml, Transparent, Ungiftig, 1: 1-Verhältnis; Lebensmittelecht Und Geruchsarm, Blasenfrei,Beschichten, Kunst","1","amazon.de","Amazon","Markt Erlbach","Bayern","91459","MarketplaceFacilitator","23,94","4,55","0","0","0","0","-4,79","-0,91","-3,64","-2,96","-9,38","0","0","6,81"
"29.03.2025 20:20:14 UTC","24506146432","Bestellung","303-7752671-2434749","EPO-110116","EPRESINART Epoxidharz Set Anfänger, 18oz/532ml Ungiftig Epoxidharz Klar Gießharz Set, 1: 1-Verhältnis Epoxy Resin fur Holz, Schmuck Art, Deko Tisch","1","amazon.de","Amazon","Wasserburg (bodensee)","","88142","MarketplaceFacilitator","13,56","2,58","0","0","0","0","0","0","-2,58","-2,10","-3,51","0","0","7,95"
"29.03.2025 20:51:13 UTC","24506146432","Bestellung","304-8942847-8089950","UV-002","UV Harz 500g, UV Harz klar, Upgrade UV Resin hart, kristallklares Transparent UV Schnellhärtende UV Epoxidharz für Schmuck Herstellung DIY Handwerk","1","amazon.de","Amazon","Tallinn","harju","","MarketplaceFacilitator","20,16","4,44","3,31","0,73","0","0","-3,31","-0,73","-4,44","-3,12","-3,41","0","0","13,63"
"29.03.2025 21:06:47 UTC","24506146432","Bestellung","304-5600202-3042732","EPO-110116","EPRESINART Epoxidharz Set Anfänger, 18oz/532ml Ungiftig Epoxidharz Klar Gießharz Set, 1: 1-Verhältnis Epoxy Resin fur Holz, Schmuck Art, Deko Tisch","1","amazon.de","Amazon","Polch","","56751","MarketplaceFacilitator","13,56","2,58","0","0","0","0","0","0","-2,58","-2,10","-3,51","0","0","7,95"
"29.03.2025 21:43:21 UTC","24506146432","Bestellung","302-3521151-7473165","EPO-110116","EPRESINART Epoxidharz Set Anfänger, 18oz/532ml Ungiftig Epoxidharz Klar Gießharz Set, 1: 1-Verhältnis Epoxy Resin fur Holz, Schmuck Art, Deko Tisch","1","amazon.de","Amazon","PERLEBERG","","19348","MarketplaceFacilitator","13,56","2,58","0","0","0","0","0","0","-2,58","-2,10","-3,51","0","0","7,95"
"31.03.2025 17:57:49 UTC","24550233132","Bestellung","305-9653738-6524304","EPR-EU1G","EPRESINART Epoxidharz Set,3785ml Ungiftig Epoxidharz Klar Gießharz,1:1 Guss kristallklarer Epoxy Resin Klar Set fur Deko Tischplatte,Holz,Schmuck Art","1","amazon.de","Amazon","Henndorf","","5302","","50,41","0","0","0","0","0","0","0","0","-7,80","-5,69","0","0","36,92"
