﻿订单号,订单状态,批次订单号,子订单号,子订单状态,应履约件数,商品名称,SKU ID,SKC ID,SPU ID,SKU货号,商品属性,对接服务商,对接发货仓,收货人姓名,收货人联系方式,收货人备用联系方式,收货人邮箱,详细地址1,详细地址2,详细地址3,区县,城市,省份,收货地址邮编,国家,运单号,物流商,订单创建时间,订单确认时间,订单待发货时间,要求最晚发货时间,实际发货时间,预计送达时间,实际签收时间,备注
PO-211-09149039741990618,已发货,	,211-09149031877670618,已发货,1	,"UV Resin 2000g, Upgrade Crystal Clear Hard Ultraviolet Epoxy Resin Glue, Low Odor Transparent Solar Cure Sunlight Activated Resin for Jewelry Making, DIY Craft Decoration, Mold, Casting And Coating, EPRESINART",9064065578	,5356442677	,639879902	,GG-4TFN-ZDD4,4.41LB,	,	,Pauline Young,13146482918-1166,,aneozbsbya15034@u.shipping.temuemail.com,251 Fox Rd,,,,NEW CASTLE,PA,16101-8025,United States,1ZH934B6YW42385627,UPS,2025-03-31 21:54:53,2025-03-31 21:54:56,2025-03-31 23:25:09,2025-04-03 13:30:15,2025-04-01 09:13:45,2025-04-10 11:59:59,,
PO-211-14751197481510029,已发货,	,211-14751176509990029,已发货,1	,"UV Resin 2000g, Upgrade Crystal Clear Hard Ultraviolet Epoxy Resin Glue, Low Odor Transparent Solar Cure Sunlight Activated Resin for Jewelry Making, DIY Craft Decoration, Mold, Casting And Coating, EPRESINART",9064065578	,5356442677	,639879902	,GG-4TFN-ZDD4,4.41LB,	,	,Erica Williams,13146368382-5516,,qovkrru5if150ac@u.shipping.temuemail.com,5744 Neely Ln,,,,MONTGOMERY,AL,36116-5283,United States,1ZH934B6YW79183759,UPS,2025-03-30 11:56:28,2025-03-30 11:56:31,2025-03-30 12:26:31,2025-04-02 13:30:02,2025-03-31 17:41:44,2025-04-09 12:59:59,,
PO-211-03835726505513616,已发货,	,211-03835747477033616,已发货,1	,"UV Resin 2000g, Upgrade Crystal Clear Hard Ultraviolet Epoxy Resin Glue, Low Odor Transparent Solar Cure Sunlight Activated Resin for Jewelry Making, DIY Craft Decoration, Mold, Casting And Coating, EPRESINART",9064065578	,5356442677	,639879902	,GG-4TFN-ZDD4,4.41LB,	,	,James Skipworth,13145825521-6806,,7pokwb3zse12065@u.shipping.temuemail.com,1930 Millstream Holw,1930	,,,CONYERS,GA,30012-3599,United States,1ZH934B6YW76347471,UPS,2025-03-29 19:20:29,2025-03-29 19:20:31,2025-03-29 19:50:31,2025-04-02 12:30:01,2025-03-31 17:38:15,2025-04-09 11:59:59,,
PO-211-03666839665190526,已发货,	,211-03666892093990526,已发货,1	,"UV Resin 2000g, Upgrade Crystal Clear Hard Ultraviolet Epoxy Resin Glue, Low Odor Transparent Solar Cure Sunlight Activated Resin for Jewelry Making, DIY Craft Decoration, Mold, Casting And Coating, EPRESINART",9064065578	,5356442677	,639879902	,GG-4TFN-ZDD4,4.41LB,	,	,Monique Delmolino,13145971993-6957,,36bjgsquef120ba@u.shipping.temuemail.com,22 Dickinson Ave,,,,PITTSFIELD,MA,01201-3417,United States,1ZH934B6YW53530841,UPS,2025-03-29 13:21:20,2025-03-29 13:21:23,2025-03-29 13:51:23,2025-04-02 12:30:02,2025-03-31 17:37:19,2025-04-09 11:59:59,,
PO-211-03666901125670526,已发货,	,211-03666906368550526,已发货,1	,"UV Resin 2000g, Upgrade Crystal Clear Hard Ultraviolet Epoxy Resin Glue, Low Odor Transparent Solar Cure Sunlight Activated Resin for Jewelry Making, DIY Craft Decoration, Mold, Casting And Coating, EPRESINART",9064065578	,5356442677	,639879902	,GG-4TFN-ZDD4,4.41LB,	,	,Monique Delmolino,13146735462-5797,,36bjgsquef120ba@u.shipping.temuemail.com,22 Dickinson Ave,,,,PITTSFIELD,MA,01201-3417,United States,1ZH934B6YW44048667,UPS,2025-03-29 13:00:41,2025-03-29 13:00:44,2025-03-29 13:30:44,2025-04-02 12:30:03,2025-03-31 17:36:26,2025-04-09 11:59:59,,
PO-211-03722896225830448,已发货,	,211-03722917197350448,已发货,2	,"UV Resin 2000g, Upgrade Crystal Clear Hard Ultraviolet Epoxy Resin Glue, Low Odor Transparent Solar Cure Sunlight Activated Resin for Jewelry Making, DIY Craft Decoration, Mold, Casting And Coating, EPRESINART",9064065578	,5356442677	,639879902	,GG-4TFN-ZDD4,4.41LB,	,	,Kat Pleviak,13145572638-0991,,ldudkaob6r120a0@u.shipping.temuemail.com,820 Warrenville Rd,,,,WHEATON,IL,60189-6371,United States,61290359305535670927	,FedEx,2025-03-29 09:04:05,2025-03-29 09:04:08,2025-03-29 11:22:14,2025-04-02 15:18:08,2025-03-31 17:35:15,2025-04-09 12:59:59,,
PO-211-03755417160230030,已取消,	,211-03755472210470030,已取消,0	,"UV Resin 2000g, Upgrade Crystal Clear Hard Ultraviolet Epoxy Resin Glue, Low Odor Transparent Solar Cure Sunlight Activated Resin for Jewelry Making, DIY Craft Decoration, Mold, Casting And Coating, EPRESINART",9064065578	,5356442677	,639879902	,GG-4TFN-ZDD4,4.41LB,	,	,,,,,,,,,,,,,	,	,2025-03-29 08:21:38,2025-03-29 08:21:41,2025-03-29 08:26:30,2025-04-02 12:04:51,,2025-04-09 11:59:59,,
PO-211-03755461161510030,已取消,	,211-03755487375910030,已取消,0	,"UV Resin 2000g, Upgrade Crystal Clear Hard Ultraviolet Epoxy Resin Glue, Low Odor Transparent Solar Cure Sunlight Activated Resin for Jewelry Making, DIY Craft Decoration, Mold, Casting And Coating, EPRESINART",9064065578	,5356442677	,639879902	,GG-4TFN-ZDD4,4.41LB,	,	,,,,,,,,,,,,,	,	,2025-03-29 08:16:36,2025-03-29 08:16:38,2025-03-29 08:25:59,2025-04-02 12:09:23,,2025-04-09 11:59:59,,
PO-211-03502812221991760,已取消,	,211-03502875136551760,已取消,0	,"UV Resin 2000g, Upgrade Crystal Clear Hard Ultraviolet Epoxy Resin Glue, Low Odor Transparent Solar Cure Sunlight Activated Resin for Jewelry Making, DIY Craft Decoration, Mold, Casting And Coating, EPRESINART",9064065578	,5356442677	,639879902	,GG-4TFN-ZDD4,4.41LB,	,	,,,,,,,,,,,,,	,	,2025-03-29 08:14:35,2025-03-29 08:14:38,2025-03-29 08:20:07,2025-04-02 13:05:32,,2025-04-09 12:59:59,,
PO-211-18192994870310248,已发货,	,211-18192973898790248,已发货,1	,"UV Resin 2000g, Upgrade Crystal Clear Hard Ultraviolet Epoxy Resin Glue, Low Odor Transparent Solar Cure Sunlight Activated Resin for Jewelry Making, DIY Craft Decoration, Mold, Casting And Coating, EPRESINART",9064065578	,5356442677	,639879902	,GG-4TFN-ZDD4,4.41LB,	,	,kyle Taylor,13147447500-2629,,rhvvcvk33o1503f@u.shipping.temuemail.com,1091 tower butte rd,812	,,,PAGE,AZ,86040	,United States,9234690384299006209863	,USPS,2025-03-29 07:03:49,2025-03-29 07:03:51,2025-03-29 07:33:52,2025-04-02 15:30:02,2025-03-31 17:35:44,2025-04-09 14:59:59,,
PO-211-18231688983593859,已发货,	,211-18231699469353859,已发货,1	,"UV Resin 2000g, Upgrade Crystal Clear Hard Ultraviolet Epoxy Resin Glue, Low Odor Transparent Solar Cure Sunlight Activated Resin for Jewelry Making, DIY Craft Decoration, Mold, Casting And Coating, EPRESINART",9064065578	,5356442677	,639879902	,GG-4TFN-ZDD4,4.41LB,	,	,Katrina Steimel,13146681087-1691,,wwjsl7gbkm12063@u.shipping.temuemail.com,729 County Road 3050,,,,SALEM,MO,65560	,United States,9234690384299006081452	,USPS,2025-03-28 21:34:46,2025-03-28 21:34:49,2025-03-28 22:04:49,2025-04-02 13:30:02,2025-03-31 16:54:45,2025-04-09 12:59:59,,
PO-211-18231722081833859,已发货,	,211-18231727324713859,已发货,1	,"UV Resin 2000g, Upgrade Crystal Clear Hard Ultraviolet Epoxy Resin Glue, Low Odor Transparent Solar Cure Sunlight Activated Resin for Jewelry Making, DIY Craft Decoration, Mold, Casting And Coating, EPRESINART",9064065578	,5356442677	,639879902	,GG-4TFN-ZDD4,4.41LB,	,	,Katrina Steimel,13145829396-0502,,wwjsl7gbkm12063@u.shipping.temuemail.com,729 County Road 3050,,,,SALEM,MO,65560	,United States,9234690384299006102270	,USPS,2025-03-28 21:10:13,2025-03-28 21:10:13,2025-03-28 21:40:14,2025-04-02 13:30:00,2025-03-31 17:02:14,2025-04-09 12:59:59,,
PO-211-07236610683433859,已发货,	,211-07236587090473859,已发货,1	,"UV Resin 2000g, Upgrade Crystal Clear Hard Ultraviolet Epoxy Resin Glue, Low Odor Transparent Solar Cure Sunlight Activated Resin for Jewelry Making, DIY Craft Decoration, Mold, Casting And Coating, EPRESINART",9064065578	,5356442677	,639879902	,GG-4TFN-ZDD4,4.41LB,	,	,,,,,,,,,,,,,9234690384299002767954	,USPS,2025-03-28 00:32:55,2025-03-28 00:32:58,2025-03-28 01:02:59,2025-04-01 13:30:03,2025-03-28 09:47:44,2025-04-08 12:59:59,,
PO-211-06910087854631933,已取消,	,211-06910098340391933,已取消,0	,"UV Resin 2000g, Upgrade Crystal Clear Hard Ultraviolet Epoxy Resin Glue, Low Odor Transparent Solar Cure Sunlight Activated Resin for Jewelry Making, DIY Craft Decoration, Mold, Casting And Coating, EPRESINART",9064065578	,5356442677	,639879902	,GG-4TFN-ZDD4,4.41LB,	,	,,,,,,,,,,,,,	,	,2025-03-27 22:54:17,2025-03-27 22:54:20,2025-03-27 22:58:35,2025-04-01 13:04:17,,2025-04-08 12:59:59,,
PO-211-07388672481832921,已发货,	,211-07388677724712921,已发货,1	,"UV Resin 2000g, Upgrade Crystal Clear Hard Ultraviolet Epoxy Resin Glue, Low Odor Transparent Solar Cure Sunlight Activated Resin for Jewelry Making, DIY Craft Decoration, Mold, Casting And Coating, EPRESINART",9064065578	,5356442677	,639879902	,GG-4TFN-ZDD4,4.41LB,	,	,,,,,,,,,,,,,61290359305530985835	,FedEx,2025-03-27 20:42:30,2025-03-27 20:42:33,2025-03-27 22:12:45,2025-04-01 13:30:15,2025-03-28 09:46:15,2025-04-08 11:59:59,,
PO-211-12557800607270780,已发货,	,211-12557790121510780,已发货,1	,"UV Resin 2000g, Upgrade Crystal Clear Hard Ultraviolet Epoxy Resin Glue, Low Odor Transparent Solar Cure Sunlight Activated Resin for Jewelry Making, DIY Craft Decoration, Mold, Casting And Coating, EPRESINART",9064065578	,5356442677	,639879902	,GG-4TFN-ZDD4,4.41LB,	,	,,,,,,,,,,,,,1ZH934B6YW52487365,UPS,2025-03-27 01:54:48,2025-03-27 01:54:51,2025-03-27 03:25:03,2025-03-29 13:30:14,2025-03-27 09:15:15,2025-04-05 11:59:59,,
PO-211-12826089646633535,已发货,	,211-12826058189353535,已发货,1	,"UV Resin 2000g, Upgrade Crystal Clear Hard Ultraviolet Epoxy Resin Glue, Low Odor Transparent Solar Cure Sunlight Activated Resin for Jewelry Making, DIY Craft Decoration, Mold, Casting And Coating, EPRESINART",9064065578	,5356442677	,639879902	,GG-4TFN-ZDD4,4.41LB,	,	,,,,,,,,,,,,,1ZH934B6YW80464667,UPS,2025-03-26 09:51:41,2025-03-26 09:51:43,2025-03-26 12:09:49,2025-03-28 15:18:08,2025-03-27 09:17:14,2025-04-04 12:59:59,,
PO-211-01531335946791225,已发货,	,211-01531294003751225,已发货,1	,"UV Resin 2000g, Upgrade Crystal Clear Hard Ultraviolet Epoxy Resin Glue, Low Odor Transparent Solar Cure Sunlight Activated Resin for Jewelry Making, DIY Craft Decoration, Mold, Casting And Coating, EPRESINART",9064065578	,5356442677	,639879902	,GG-4TFN-ZDD4,4.41LB,	,	,,,,,,,,,,,,,1ZH934B6YW96075754,UPS,2025-03-25 21:54:31,2025-03-25 21:54:34,2025-03-25 23:24:46,2025-03-28 13:30:14,2025-03-26 09:47:15,2025-04-04 11:59:59,,
PO-211-20748943829031143,已签收,	,211-20748975286311143,已签收,1	,"UV Resin 2000g, Upgrade Crystal Clear Hard Ultraviolet Epoxy Resin Glue, Low Odor Transparent Solar Cure Sunlight Activated Resin for Jewelry Making, DIY Craft Decoration, Mold, Casting And Coating, EPRESINART",9064065578	,5356442677	,639879902	,GG-4TFN-ZDD4,4.41LB,	,	,,,,,,,,,,,,,61290359305527032214	,FedEx,2025-03-25 05:48:23,2025-03-25 05:48:26,2025-03-25 06:18:26,2025-03-27 15:30:03,2025-03-25 09:48:45,2025-04-03 14:59:59,2025-03-29 05:15:20,
PO-211-20749020157991143,已签收,	,211-20749046372391143,已签收,1	,"UV Resin 2000g, Upgrade Crystal Clear Hard Ultraviolet Epoxy Resin Glue, Low Odor Transparent Solar Cure Sunlight Activated Resin for Jewelry Making, DIY Craft Decoration, Mold, Casting And Coating, EPRESINART",9064065578	,5356442677	,639879902	,GG-4TFN-ZDD4,4.41LB,	,	,,,,,,,,,,,,,61290359305527032931	,FedEx,2025-03-25 05:42:41,2025-03-25 05:42:44,2025-03-25 06:12:44,2025-03-27 15:30:03,2025-03-25 09:49:16,2025-04-03 14:59:59,2025-03-29 04:30:41,
PO-211-09917072264230392,已取消,	,211-09917124693030392,已取消,0	,"EPRESINART 2000g Crystal Clear Epoxy Glue - Low Odor, Transparent, Sunlight Activated for Jewelry, DIY Crafts, Mold Casting & Coating",9064065578	,5356442677	,639879902	,GG-4TFN-ZDD4,4.41LB,	,	,,,,,,,,,,,,,	,	,2025-03-24 07:27:06,2025-03-24 07:27:08,2025-03-24 07:32:23,2025-03-26 13:05:16,,2025-04-02 12:59:59,,
PO-211-09917095468070392,已发货,	,211-09917126925350392,已发货,1	,"EPRESINART 2000g Crystal Clear Epoxy Glue - Low Odor, Transparent, Sunlight Activated for Jewelry, DIY Crafts, Mold Casting & Coating",9064065578	,5356442677	,639879902	,GG-4TFN-ZDD4,4.41LB,	,	,,,,,,,,,,,,,9234690369359713914847	,USPS,2025-03-24 07:25:51,2025-03-24 07:25:53,2025-03-24 07:55:53,2025-03-26 13:30:01,2025-03-24 13:43:14,2025-04-02 12:59:59,,
PO-211-05554003707431598,已签收,	,211-05553972250151598,已签收,1	,"2000g UV Resin, Crystal Clear Epoxy Glue, Low Odor, Transparent Solar Cure Sunlight Activated for Jewelry, DIY Crafts, Mold Casting & Coating, EPRESINART",9064065578	,5356442677	,639879902	,GG-4TFN-ZDD4,4.41LB,	,	,,,,,,,,,,,,,1ZH934B6YW78347137,UPS,2025-03-20 04:20:50,2025-03-20 04:20:53,2025-03-20 04:50:53,2025-03-22 13:30:02,2025-03-20 09:12:14,2025-03-29 12:59:59,2025-03-28 04:03:42,
PO-211-06180394499112184,已签收,	,211-06180554406952184,已签收,1	,"EPRESINART 2000g Crystal Clear Epoxy Glue - Low Odor, Transparent, Sunlight Activated for Jewelry, DIY Crafts, Mold Casting & Coating",9064065578	,5356442677	,639879902	,GG-4TFN-ZDD4,4.41LB,	,	,,,,,,,,,,,,,9234690369359710725743	,USPS,2025-03-19 23:51:29,2025-03-19 23:51:32,2025-03-20 01:21:45,2025-03-22 14:30:15,2025-03-20 09:10:44,2025-03-29 12:59:59,2025-03-26 23:07:24,
PO-211-00652371272232142,已签收,	,211-00652324086312142,已签收,1	,"EPRESINART 2000g Crystal Clear Epoxy Glue - Low Odor, Transparent, Sunlight Activated for Jewelry, DIY Crafts, Mold Casting & Coating",9064065578	,5356442677	,639879902	,GG-4TFN-ZDD4,4.41LB,	,	,,,,,,,,,,,,,61290359305520046782	,FedEx,2025-03-17 17:58:38,2025-03-17 17:58:40,2025-03-17 18:28:40,2025-03-20 12:30:01,2025-03-19 17:14:14,2025-03-27 11:59:59,2025-03-29 02:51:23,
PO-211-02118675776552618,已取消,	,211-02118733448232618,已取消,0	,"2000g UV Resin, Crystal Clear Epoxy Glue, Low Odor, Transparent Solar Cure Sunlight Activated for Jewelry, DIY Crafts, Mold Casting & Coating, EPRESINART",9064065578	,5356442677	,639879902	,GG-4TFN-ZDD4,4.41LB,	,	,,,,,,,,,,,,,	,	,2025-03-09 23:25:41,2025-03-09 23:25:44,2025-03-10 01:43:51,2025-03-12 14:18:09,,2025-03-19 11:59:59,,
PO-211-21978945705511234,已签收,	,211-21978898519591234,已签收,1	,"2000g UV Resin, Crystal Clear Epoxy Glue, Low Odor, Transparent Solar Cure Sunlight Activated for Jewelry, DIY Crafts, Mold Casting & Coating, EPRESINART",9064065578	,5356442677	,639879902	,GG-4TFN-ZDD4,4.41LB,	,	,,,,,,,,,,,,,9234690369359710417495	,USPS,2025-03-09 03:26:47,2025-03-09 03:27:31,2025-03-09 03:57:32,2025-03-12 14:30:45,2025-03-19 17:12:43,2025-03-19 13:59:59,2025-03-26 01:48:41,
PO-211-21975321201191225,已取消,	,211-21975352658471225,已取消,0	,"2000g UV Resin, Crystal Clear Epoxy Glue, Low Odor, Transparent Solar Cure Sunlight Activated for Jewelry, DIY Crafts, Mold Casting & Coating, EPRESINART",9064065578	,5356442677	,639879902	,GG-4TFN-ZDD4,4.41LB,	,	,,,,,,,,,,,,,	,	,2025-03-08 23:57:58,2025-03-08 23:57:58,2025-03-09 00:27:58,2025-03-12 12:30:00,,2025-03-19 11:59:59,,
PO-211-21486269614633882,已签收,	,211-21486324664873882,已签收,1	,"Kit de Resina Epoxi Transparente de 1 Galón - Alto Brillo, Sin Burbujas, Mezcla Fácil en Proporción 1:1, Perfecto para Recubrimiento, Fundición, Encimeras, Mesas, Mesas de Río, Fabricación de Joyas, Proyectos de Manualidades DIY, Moldes y Creaciones de Resina Artística",2179942191	,1528898621	,412584553	,20221224-US-FBA02,RESINA / 1 GALÓN,	,	,,,,,,,,,,,,,61290359305672172568	,FedEx,2025-03-08 23:51:20,2025-03-08 23:51:31,2025-03-09 01:21:51,2025-03-12 13:30:30,2025-03-10 14:32:14,2025-03-19 11:59:59,2025-03-16 21:55:04,
PO-211-21937860096551449,已取消,	,211-21937870582311449,已取消,0	,"2000g UV Resin, Crystal Clear Epoxy Glue, Low Odor, Transparent Solar Cure Sunlight Activated for Jewelry, DIY Crafts, Mold Casting & Coating, EPRESINART",9064065578	,5356442677	,639879902	,GG-4TFN-ZDD4,4.41LB,	,	,,,,,,,,,,,,,	,	,2025-03-08 20:45:32,2025-03-08 20:45:34,2025-03-08 21:15:34,2025-03-12 12:30:01,,2025-03-19 11:59:59,,
PO-211-05038378005033617,已签收,	,211-05038514319913617,已签收,1	,"Epoxy Resin 1 Gallon Kit, Crystal Clear Epoxy Resin High Gloss, Easy Mix 1:1 Bubbles Free Art Resin For Coating And Casting, Countertop, Table Top, River Tables, Jewelry, Craft DIY, Molds",2179942191	,1528898621	,412584553	,20221224-US-FBA02,RESIN / 1GALLON,	,	,,,,,,,,,,,,,61290359305667500475	,FedEx,2025-03-06 06:17:30,2025-03-06 06:17:33,2025-03-06 07:47:46,2025-03-08 16:30:15,2025-03-06 09:52:16,2025-03-15 13:59:59,2025-03-09 02:57:03,
PO-211-05154549271590877,已签收,	,211-05154629225510877,已签收,1	,"Epoxy Resin 2 Gallon Kit, Crystal Clear Epoxy Resin High Gloss, Easy Mix 1:1 Bubbles Free Art Resin For Coating And Casting, Countertop, Table Top, River Tables, Jewelry, Craft DIY, Molds",8961912233	,3538128242	,133278468	,EPR-US-2 gal,2GALLON,	,	,,,,,,,,,,,,,772513371952	,FedEx,2025-03-05 09:45:43,2025-03-05 09:45:44,2025-03-05 10:15:45,2025-03-07 13:30:01,2025-03-06 09:52:15,2025-03-14 11:59:59,2025-03-13 04:58:34,
PO-211-17624212117030310,已签收,	,211-17624206874150310,已签收,1	,"EPRESINART 2000g Crystal Clear Epoxy Glue - Low Odor, Transparent, Sunlight Activated for Jewelry, DIY Crafts, Mold Casting & Coating",9064065578	,5356442677	,639879902	,GG-4TFN-ZDD4,4.41LB,	,	,,,,,,,,,,,,,9361289682045235907104	,USPS,2025-03-04 08:47:34,2025-03-04 08:47:34,2025-03-04 09:17:34,2025-03-06 13:29:59,2025-03-06 23:46:45,2025-03-13 11:59:59,2025-03-08 09:47:10,
PO-211-06450234655273392,已签收,	,211-06450276598313392,已签收,1	,"2000g UV Resin, Crystal Clear Epoxy Glue, Low Odor, Transparent Solar Cure Sunlight Activated for Jewelry, DIY Crafts, Mold Casting & Coating, EPRESINART",9064065578	,5356442677	,639879902	,GG-4TFN-ZDD4,4.41LB,	,	,,,,,,,,,,,,,TBA319785056532,Amazon Shipping + Amazon MCF,2025-03-03 16:07:13,2025-03-03 16:07:14,2025-03-03 16:37:14,2025-03-06 15:30:01,2025-03-05 02:24:49,2025-03-13 13:59:59,2025-03-10 08:37:37,
PO-211-11816382824232161,已签收,	,211-11816380858152161,已签收,1	,"Epoxy Resin 1 Gallon Kit - Crystal Clear Epoxy Resin High Gloss, Easy Mix 1:1 Bubbles Free - For Coating And Casting, Countertop, Table Top, River Tables, Jewelry, Craft DIY - For Artists & Crafters - Perfect Gift for DIY Enthusiasts",2179942191	,1528898621	,412584553	,20221224-US-FBA02,RESIN / 1GALLON,	,	,,,,,,,,,,,,,61290359305661871922	,FedEx,2025-03-02 22:00:47,2025-03-02 22:00:49,2025-03-02 23:31:02,2025-03-05 17:30:14,2025-03-03 10:05:16,2025-03-12 14:59:59,2025-03-06 08:59:16,
PO-211-01105824630310721,已签收,	,211-01105929487910721,已签收,2	,"2000g UV Resin, Crystal Clear Epoxy Glue, Low Odor, Transparent Solar Cure Sunlight Activated for Jewelry, DIY Crafts, Mold Casting & Coating, EPRESINART",9064065578	,5356442677	,639879902	,GG-4TFN-ZDD4,4.41LB,	,	,,,,,,,,,,,,,1Z0RY3270328393195,UPS,2025-03-01 13:20:12,2025-03-01 13:20:14,2025-03-01 14:50:27,2025-03-05 15:30:14,2025-03-04 06:38:47,2025-03-12 12:59:59,2025-03-07 05:00:03,
PO-211-00923608023593823,已签收,	,211-00923614577193823,已签收,1	,"2000g UV Resin, Crystal Clear Epoxy Glue, Low Odor, Transparent Solar Cure Sunlight Activated for Jewelry, DIY Crafts, Mold Casting & Coating, EPRESINART",9064065578	,5356442677	,639879902	,GG-4TFN-ZDD4,4.41LB,	,	,,,,,,,,,,,,,TBA319758261210,Amazon Shipping + Amazon MCF,2025-03-01 13:06:36,2025-03-01 13:06:40,2025-03-01 13:36:40,2025-03-05 13:30:03,2025-03-04 00:50:53,2025-03-12 11:59:59,2025-03-05 07:19:58,
PO-211-20053967869992436,已签收,	,211-20053946898472436,已签收,1	,"EPRESINART 2000g Crystal Clear Epoxy Glue - Low Odor, Transparent, Sunlight Activated for Jewelry, DIY Crafts, Mold Casting & Coating",9064065578	,5356442677	,639879902	,GG-4TFN-ZDD4,4.41LB,	,	,,,,,,,,,,,,,9361289683045137180390	,USPS,2025-03-01 03:56:12,2025-03-01 03:56:15,2025-03-01 04:26:15,2025-03-05 13:30:02,2025-03-04 21:12:45,2025-03-12 11:59:59,2025-03-06 02:09:42,
PO-211-20076959598632074,已签收,	,211-20076999575592074,已签收,1	,"Epoxy Resin 2 Gallon Kit, Crystal Clear Epoxy Resin High Gloss, Easy Mix 1:1 Bubbles Free Art Resin For Coating And Casting, Countertop, Table Top, River Tables, Jewelry, Craft DIY, Molds",8961912233	,3538128242	,133278468	,EPR-US-2 gal,2GALLON,	,	,,,,,,,,,,,,,61290359305660237743	,FedEx,2025-03-01 03:52:54,2025-03-01 03:52:55,2025-03-01 05:23:08,2025-03-05 15:30:14,2025-03-01 09:52:45,2025-03-12 12:59:59,2025-03-08 08:29:43,
PO-211-20095454296872188,已签收,	,211-20095435946792188,已签收,1	,"Epoxy Resin 2 Gallon Kit, Crystal Clear Epoxy Resin High Gloss, Easy Mix 1:1 Bubbles Free Art Resin For Coating And Casting, Countertop, Table Top, River Tables, Jewelry, Craft DIY, Molds",8961912233	,3538128242	,133278468	,EPR-US-2 gal,2GALLON,	,	,,,,,,,,,,,,,61290359305660237736	,FedEx,2025-03-01 00:02:50,2025-03-01 00:02:56,2025-03-01 00:32:56,2025-03-05 13:30:05,2025-03-01 09:52:45,2025-03-12 11:59:59,2025-03-08 01:33:21,